<Detail src="http://en.wikipedia.org/wiki/Cereal">
<p>A <b>cereal</b> is any <a href="//en.wikipedia.org/wiki/True_grass" title="True grass" class="mw-redirect">true grass</a> cultivated for the edible components of its <a href="//en.wikipedia.org/wiki/Grain" title="Grain">grain</a> (botanically, a type of <a href="//en.wikipedia.org/wiki/Fruit" title="Fruit">fruit</a> called a <a href="//en.wikipedia.org/wiki/Caryopsis" title="Caryopsis">caryopsis</a>), composed of the <a href="//en.wikipedia.org/wiki/Endosperm" title="Endosperm">endosperm</a>, <a href="//en.wikipedia.org/wiki/Cereal_germ" title="Cereal germ">germ</a>, and <a href="//en.wikipedia.org/wiki/Bran" title="Bran">bran</a>. Cereal grains are grown in greater quantities and provide more food energy worldwide than any other type of crop; they are therefore <a href="//en.wikipedia.org/wiki/Staple_food" title="Staple food">staple crops</a>. Some plants often referred to as cereals, like <a href="//en.wikipedia.org/wiki/Buckwheat" title="Buckwheat">buckwheat</a> and <a href="//en.wikipedia.org/wiki/Quinoa" title="Quinoa">quinoa</a>, are considered instead <a href="//en.wikipedia.org/wiki/Pseudocereal" title="Pseudocereal">pseudocereals</a>, since they are not <a href="//en.wikipedia.org/wiki/Grass" title="Grass">grasses</a>.</p>
<p>In their natural form (as in <i><a href="//en.wikipedia.org/wiki/Whole_grain" title="Whole grain">whole grain</a></i>), they are a rich source of <a href="//en.wikipedia.org/wiki/Vitamin" title="Vitamin">vitamins</a>, <a href="//en.wikipedia.org/wiki/Dietary_mineral" title="Dietary mineral" class="mw-redirect">minerals</a>, <a href="//en.wikipedia.org/wiki/Carbohydrate" title="Carbohydrate">carbohydrates</a>, <a href="//en.wikipedia.org/wiki/Fat" title="Fat">fats</a>, oils, and <a href="//en.wikipedia.org/wiki/Protein_(nutrient)" title="Protein (nutrient)">protein</a>. When refined by the removal of the bran and germ, the remaining <a href="//en.wikipedia.org/wiki/Endosperm" title="Endosperm">endosperm</a> is mostly <a href="//en.wikipedia.org/wiki/Carbohydrate" title="Carbohydrate">carbohydrate</a>. In some <a href="//en.wikipedia.org/wiki/Developing_nation" title="Developing nation" class="mw-redirect">developing nations</a>, grain in the form of <a href="//en.wikipedia.org/wiki/Rice" title="Rice">rice</a>, <a href="//en.wikipedia.org/wiki/Wheat" title="Wheat">wheat</a>, <a href="//en.wikipedia.org/wiki/Millet" title="Millet">millet</a>, or <a href="//en.wikipedia.org/wiki/Maize" title="Maize">maize</a> constitutes a majority of daily sustenance. In <a href="//en.wikipedia.org/wiki/Developed_nations" title="Developed nations" class="mw-redirect">developed nations</a>, cereal consumption is moderate and varied but still substantial.</p>
<p>The word <i>cereal</i> derives from <i><a href="//en.wikipedia.org/wiki/Ceres_(Roman_mythology)" title="Ceres (Roman mythology)" class="mw-redirect">Ceres</a></i>, the name of the Roman goddess of harvest and agriculture.</p>
</Detail>
