<Detail src="http://en.wikipedia.org/wiki/Condiment">
<p>A <b>condiment</b> is a spice, sauce, or other food preparation that is added to food to impart a particular flavor, to enhance its flavor, or in some <a href="//en.wikipedia.org/wiki/Cultures" title="Cultures" class="mw-redirect">cultures</a>, to complement the dish. The term originally described pickled or preserved foods, but has shifted meaning over time.</p>
<p>Many condiments are available packaged in <a href="//en.wikipedia.org/wiki/Packet_(container)" title="Packet (container)">single-serving packets</a>, like mustard or ketchup, particularly when supplied with <a href="//en.wikipedia.org/wiki/Take-out" title="Take-out">take-out</a> or <a href="//en.wikipedia.org/wiki/Fast_food" title="Fast food">fast-food</a> meals. They are usually applied by the diner, but are sometimes added prior to serving; for example, in a sandwich made with <a href="//en.wikipedia.org/wiki/Ketchup" title="Ketchup">ketchup</a>, <a href="//en.wikipedia.org/wiki/Mustard_(condiment)" title="Mustard (condiment)">mustard</a> or mayonnaise. Some condiments are used during cooking to add flavor or texture to the food; <a href="//en.wikipedia.org/wiki/Barbecue_sauce" title="Barbecue sauce">barbecue sauce</a>, <a href="//en.wikipedia.org/wiki/Teriyaki#Teriyaki_sauce" title="Teriyaki">teriyaki sauce</a>, <a href="//en.wikipedia.org/wiki/Soy_sauce" title="Soy sauce">soy sauce</a>, and <a href="//en.wikipedia.org/wiki/Marmite" title="Marmite">marmite</a> are examples.</p>
<p>The term <i>condiment</i> comes from the Latin <i>condimentum</i>, meaning "spice, seasoning, sauce" and from the Latin <i>condere</i>, meaning "preserve, pickle, season".</p>
</Detail>
