<Detail src="http://en.wikipedia.org/wiki/Confectionery">
<p><b>Confectionery</b> is the art of making <b>confections</b>, which are food items that are rich in <a href="//en.wikipedia.org/wiki/Sugar" title="Sugar">sugar</a> and <a href="//en.wikipedia.org/wiki/Carbohydrates" title="Carbohydrates" class="mw-redirect">carbohydrates</a>. Exact definitions are difficult. In general, though, confectionery is divided into two broad and somewhat overlapping categories, <b>bakers' confections</b> and <b>sugar confections.</b></p>
<p>Bakers' confectionery, also called <b>flour confections</b>, includes principally sweet pastries, cakes, and similar <a href="//en.wikipedia.org/wiki/Baked_goods" title="Baked goods" class="mw-redirect">baked goods</a>. In the Middle East and Asia, flour-based confections are more dominant.</p>
<p>Sugar confectionery includes sweets, candied nuts, chocolates, chewing gum, sweetmeats, <a href="//en.wikipedia.org/wiki/Pastillage" title="Pastillage" class="mw-redirect">pastillage</a>, and other confections that are made primarily of sugar. In some cases, <b>chocolate confections</b> (confections made of <a href="//en.wikipedia.org/wiki/Chocolate" title="Chocolate">chocolate</a>) are treated as a separate category, as are sugar-free versions of sugar confections. The words <i><a href="//en.wikipedia.org/wiki/Candy" title="Candy">candy</a></i> (US and Canada), <i>sweets</i> (UK and Ireland), and <i>lollies</i> (Australia and New Zealand) are common words for the most common <a href="//en.wikipedia.org/wiki/List_of_candies" title="List of candies">varieties of sugar confectionery</a>.</p>
<p>The confectionery industry also includes specialized training schools and extensive historical records. Traditional confectionery goes back to ancient times, and continued to be eaten through the <a href="//en.wikipedia.org/wiki/Medieval_cuisine#Sweets_and_desserts" title="Medieval cuisine">Middle Ages</a> into the modern era.</p>
</Detail>
