<Detail src="http://en.wikipedia.org/wiki/Dairy_product">
<p>A <b>dairy product</b> or <i>milk product</i> is food produced from the <a href="//en.wikipedia.org/wiki/Milk" title="Milk">milk</a> of <a href="//en.wikipedia.org/wiki/Mammals" title="Mammals" class="mw-redirect">mammals</a>. Dairy products are usually high energy-yielding food products. A production plant for the processing of milk is called a <a href="//en.wikipedia.org/wiki/Dairy" title="Dairy">dairy</a> or a dairy factory. Apart from breastfed infants, the human consumption of dairy products is sourced primarily from the milk of <a href="//en.wikipedia.org/wiki/Cattle" title="Cattle">cows</a>, <a href="//en.wikipedia.org/wiki/Water_buffaloes" title="Water buffaloes" class="mw-redirect">water buffaloes</a>, <a href="//en.wikipedia.org/wiki/Dairy_goat" title="Dairy goat" class="mw-redirect">goats</a>, <a href="//en.wikipedia.org/wiki/Domestic_sheep" title="Domestic sheep" class="mw-redirect">sheep</a>, <a href="//en.wikipedia.org/wiki/Yak" title="Yak">yaks</a>, <a href="//en.wikipedia.org/wiki/Horse" title="Horse">horses</a>, <a href="//en.wikipedia.org/wiki/Camel" title="Camel">camels</a>, domestic buffaloes, and other mammals. Dairy products are commonly found in <a href="//en.wikipedia.org/wiki/European_cuisine" title="European cuisine">European</a>, <a href="//en.wikipedia.org/wiki/Middle_Eastern_cuisine" title="Middle Eastern cuisine">Middle Eastern</a>, and <a href="//en.wikipedia.org/wiki/Indian_cuisine" title="Indian cuisine">Indian cuisine</a>, whereas aside from <a href="//en.wikipedia.org/wiki/Mongolian_cuisine" title="Mongolian cuisine">Mongolian cuisine</a> they are little-known in traditional <a href="//en.wikipedia.org/wiki/East_Asian_cuisine" title="East Asian cuisine" class="mw-redirect">East Asian cuisine</a>.</p>
</Detail>
