<Detail src="http://en.wikipedia.org/wiki/Drink">
<p>A <b>drink</b> or <b>beverage</b> is a <a href="//en.wikipedia.org/wiki/Liquid" title="Liquid">liquid</a> intended for <a href="//en.wikipedia.org/wiki/Human" title="Human">human</a> consumption. In addition to basic needs, beverages form part of the <a href="//en.wikipedia.org/wiki/Culture" title="Culture">culture</a> of human society. Although all beverages, including juice, soft drinks, and carbonated drinks, have some form of <a href="//en.wikipedia.org/wiki/Water" title="Water">water</a> in them, water itself is often not classified as a beverage, and the word <i><a href="//en.wiktionary.org/wiki/beverage" class="extiw" title="wikt:beverage">beverage</a></i> has been recurrently defined as not referring to water.</p>
<p>An <a href="//en.wikipedia.org/wiki/Alcoholic_beverage" title="Alcoholic beverage">alcoholic beverage</a> is a drink containing <a href="//en.wikipedia.org/wiki/Ethanol" title="Ethanol">ethanol</a>, commonly known as alcohol, although in <a href="//en.wikipedia.org/wiki/Chemistry" title="Chemistry">chemistry</a> the definition of an alcohol includes many other compounds. Alcoholic beverages, such as <a href="//en.wikipedia.org/wiki/Wine" title="Wine">wine</a>, <a href="//en.wikipedia.org/wiki/Beer" title="Beer">beer</a>, and <a href="//en.wikipedia.org/wiki/Liquor" title="Liquor" class="mw-redirect">liquor</a>, have been part of human culture and development for 8,000 years.</p>
<p>Non-alcoholic beverages often signify drinks that would normally contain alcohol, such as <a href="//en.wikipedia.org/wiki/Beer" title="Beer">beer</a> and <a href="//en.wikipedia.org/wiki/Wine" title="Wine">wine</a> but are made with less than .5 percent alcohol by volume. The category includes drinks that have undergone an alcohol removal process such as non-alcoholic beers and de-alcoholized wines.</p>
</Detail>
