<Detail src="http://en.wikipedia.org/wiki/Meat">
<p><b>Meat</b> is animal <a href="//en.wikipedia.org/wiki/Flesh" title="Flesh">flesh</a> that is eaten as food. Humans are <a href="//en.wikipedia.org/wiki/Omnivorous" title="Omnivorous" class="mw-redirect">omnivorous</a>, and have hunted and killed animals for meat since prehistoric times. The advent of civilization allowed the domestication of animals such as chickens, sheep, pigs and cattle, and eventually their use in meat production on an industrial scale.</p>
<p>Meat is mainly composed of water, <a href="//en.wikipedia.org/wiki/Protein" title="Protein">protein</a>, and <a href="//en.wikipedia.org/wiki/Fat" title="Fat">fat</a>, and is usually eaten together with other food. It is edible raw, but is normally eaten after it has been cooked and seasoned or processed in a variety of ways. Unprocessed meat will <a href="//en.wikipedia.org/wiki/Meat_spoilage" title="Meat spoilage">spoil or rot</a> within hours or days as a result of infection with and decomposition by <a href="//en.wikipedia.org/wiki/Bacteria" title="Bacteria">bacteria</a> and <a href="//en.wikipedia.org/wiki/Fungi" title="Fungi" class="mw-redirect">fungi</a>.</p>
<p>Most often, <i>meat</i> refers to <a href="//en.wikipedia.org/wiki/Skeletal_muscle" title="Skeletal muscle">skeletal muscle</a> and associated <a href="//en.wikipedia.org/wiki/Fat" title="Fat">fat</a> and other tissues, but it may also describe other edible tissues such as <a href="//en.wikipedia.org/wiki/Offal" title="Offal">offal</a>. <i>Meat</i> is sometimes also used in a more restrictive sense – the flesh of <a href="//en.wikipedia.org/wiki/Mammal" title="Mammal">mammalian</a> species (pigs, cattle, lambs, etc.) raised and prepared for human consumption, to the exclusion of <a href="//en.wikipedia.org/wiki/Fish_(food)" title="Fish (food)" class="mw-redirect">fish</a>, other seafood, <a href="//en.wikipedia.org/wiki/Poultry" title="Poultry">poultry</a> or other animals.</p>
<p>Meat consumption varies worldwide, depending on cultural or religious preferences, as well as economic conditions. <a href="//en.wikipedia.org/wiki/Vegetarianism" title="Vegetarianism">Vegetarians</a> choose not to eat meat because of ethical, economic, environmental, religious or health concerns that are associated with meat production and consumption.</p>
</Detail>
