<Detail src="http://en.wikipedia.org/wiki/Produce">
<p><b>Produce</b> is a generalized term for a group of <a href="//en.wikipedia.org/wiki/Farm" title="Farm">farm</a>-produced <a href="//en.wikipedia.org/wiki/Crop" title="Crop">crops</a> and goods, including <a href="//en.wikipedia.org/wiki/Fruit" title="Fruit">fruits</a> and <a href="//en.wikipedia.org/wiki/Vegetable" title="Vegetable">vegetables</a> – meats, grains, oats, etc. are also sometimes considered produce. More specifically, the term "produce" often implies that the products are <a href="//en.wiktionary.org/wiki/fresh" class="extiw" title="wikt:fresh">fresh</a> and generally in the same state as where they were <a href="//en.wikipedia.org/wiki/Harvest" title="Harvest">harvested</a>. In <a href="//en.wikipedia.org/wiki/Supermarket" title="Supermarket">supermarkets</a> the term is also used to refer to the section where fruit and vegetables are kept. Produce is the main product sold by <a href="//en.wikipedia.org/wiki/Greengrocer" title="Greengrocer">greengrocers</a>, <a href="//en.wikipedia.org/wiki/Farmers%27_market" title="Farmers' market">farmers' markets</a>, and fruit markets. The term "produce" is commonly used in the U.S. but is not typically used outside the agricultural sector in other English-speaking countries.</p>
<p>In parts of the world including the U.S., produce is marked with small <a href="//en.wikipedia.org/wiki/Sticker" title="Sticker">stickers</a> bearing <a href="//en.wikipedia.org/wiki/Price_look-up_codes" title="Price look-up codes" class="mw-redirect">price look-up codes</a>. These four- or five-<a href="//en.wikipedia.org/wiki/Numerical_digit" title="Numerical digit">digit</a> codes are a <a href="//en.wikipedia.org/wiki/Standardization" title="Standardization">standardized</a> system intended to aid checkout and <a href="//en.wikipedia.org/wiki/Inventory_control_(disambiguation)" title="Inventory control (disambiguation)" class="mw-redirect">inventory control</a> in produce markets.</p>
</Detail>
