<Detail src="http://en.wikipedia.org/wiki/Seafood">
<p><b>Seafood</b> is any form of <a href="//en.wikipedia.org/wiki/Sea_life" title="Sea life" class="mw-redirect">sea life</a> regarded as <a href="//en.wikipedia.org/wiki/Food" title="Food">food</a> by humans. Seafood prominently includes <a href="//en.wikipedia.org/wiki/Fish_(food)" title="Fish (food)" class="mw-redirect">fish</a> and <a href="//en.wikipedia.org/wiki/Shellfish" title="Shellfish">shellfish</a>. Shellfish include various species of <a href="//en.wikipedia.org/wiki/Mollusca" title="Mollusca">molluscs</a>, <a href="//en.wikipedia.org/wiki/Crustacean" title="Crustacean">crustaceans</a>, and <a href="//en.wikipedia.org/wiki/Echinoderm" title="Echinoderm">echinoderms</a>. Historically, <a href="//en.wikipedia.org/wiki/Sea_mammal" title="Sea mammal" class="mw-redirect">sea mammals</a> such as whales and dolphins have been consumed as food, though that happens to a lesser extent in modern times. Edible sea plants, such as some <a href="//en.wikipedia.org/wiki/Edible_seaweed" title="Edible seaweed">seaweeds</a> and <a href="//en.wikipedia.org/wiki/Microalgae" title="Microalgae" class="mw-redirect">microalgae</a>, are widely eaten as seafood around the world, especially in Asia (see the <a href="//en.wikipedia.org/wiki/Category:Sea_vegetables" title="Category:Sea vegetables">category of sea vegetables</a>). In <a href="//en.wikipedia.org/wiki/North_America" title="North America">North America</a>, although not generally in the <a href="//en.wikipedia.org/wiki/United_Kingdom" title="United Kingdom">United Kingdom</a>, the term "seafood" is extended to <a href="//en.wikipedia.org/wiki/Fresh_water" title="Fresh water">fresh water</a> organisms eaten by humans, so all edible <a href="//en.wikipedia.org/wiki/Aquatic_life" title="Aquatic life" class="mw-redirect">aquatic life</a> may be referred to as seafood. For the sake of completeness, this article includes all edible aquatic life.</p>
<p>The harvesting of <a href="//en.wikipedia.org/wiki/Wild_fisheries" title="Wild fisheries">wild seafood</a> is usually known as <a href="//en.wikipedia.org/wiki/Fishing" title="Fishing">fishing</a> or <a href="//en.wikipedia.org/wiki/Hunting" title="Hunting">hunting</a>, and the cultivation and farming of seafood is known as <a href="//en.wikipedia.org/wiki/Aquaculture" title="Aquaculture">aquaculture</a>, or <a href="//en.wikipedia.org/wiki/Fish_farming" title="Fish farming">fish farming</a> in the case of fish. Seafood is often distinguished from <a href="//en.wikipedia.org/wiki/Meat" title="Meat">meat</a>, although it is still animal and is excluded in a strict vegetarian diet. Seafood is an important source of <a href="//en.wikipedia.org/wiki/Protein" title="Protein">protein</a> in many <a href="//en.wikipedia.org/wiki/Diet_(nutrition)" title="Diet (nutrition)">diets</a> around the world, especially in coastal areas.</p>
<p>Most of the seafood harvest is consumed by humans, but a significant proportion is used as <a href="//en.wikipedia.org/wiki/Fish_food" title="Fish food" class="mw-redirect">fish food</a> to farm other fish or rear farm animals. Some seafoods (<a href="//en.wikipedia.org/wiki/Kelp" title="Kelp">kelp</a>) are used as food for other plants (<a href="//en.wikipedia.org/wiki/Fertilizer" title="Fertilizer">fertilizer</a>). In these ways, seafoods are indirectly used to produce further food for human consumption. Products, such as <a href="//en.wikipedia.org/wiki/Fish_oil" title="Fish oil">fish oil</a> and <a href="//en.wikipedia.org/wiki/Spirulina_(dietary_supplement)" title="Spirulina (dietary supplement)">spirulina tablets</a> are also extracted from seafoods. Some seafood is feed to aquarium fish, or used to feed domestic pets, such as cats, and a small proportion is used in medicine, or is used industrially for non-food purposes (leather).</p>
</Detail>
