<?xml version="1.0" encoding="UTF-8"?>
<Order rownum="2690"><OrderID>10625</OrderID><CustomerID>ANATR</CustomerID><EmployeeID>3</EmployeeID><OrderDate>1997-08-08T00:00:00+02:00</OrderDate><RequiredDate>1997-09-05T00:00:00+02:00</RequiredDate><ShippedDate>1997-08-14T00:00:00+02:00</ShippedDate><ShipVia>1</ShipVia><Freight>43.9</Freight><ShipName>Ana Trujillo Emparedados y helados</ShipName><ShipAddress>Avda. de la Constitución 2222</ShipAddress><ShipCity>México D.F.</ShipCity><ShipPostalCode>05021</ShipPostalCode><ShipCountry>Mexico</ShipCountry></Order>