<?xml version="1.0" encoding="UTF-8"?>
<Order rownum="2796"><OrderID>10731</OrderID><CustomerID>CHOPS</CustomerID><EmployeeID>7</EmployeeID><OrderDate>1997-11-06T00:00:00+01:00</OrderDate><RequiredDate>1997-12-04T00:00:00+01:00</RequiredDate><ShippedDate>1997-11-14T00:00:00+01:00</ShippedDate><ShipVia>1</ShipVia><Freight>96.65</Freight><ShipName>Chop-suey Chinese</ShipName><ShipAddress>Hauptstr. 31</ShipAddress><ShipCity>Ber</ShipCity><ShipPostalCode>3012</ShipPostalCode><ShipCountry>Switzerland</ShipCountry></Order>