<?xml version="1.0" encoding="UTF-8"?>
<Order rownum="2523"><OrderID>10458</OrderID><CustomerID>SUPRD</CustomerID><EmployeeID>7</EmployeeID><OrderDate>1997-02-26T00:00:00+01:00</OrderDate><RequiredDate>1997-03-26T00:00:00+01:00</RequiredDate><ShippedDate>1997-03-04T00:00:00+01:00</ShippedDate><ShipVia>3</ShipVia><Freight>147.06</Freight><ShipName>Suprêmes délices</ShipName><ShipAddress>Boulevard Tirou, 255</ShipAddress><ShipCity>Charleroi</ShipCity><ShipPostalCode>B-6000</ShipPostalCode><ShipCountry>Belgium</ShipCountry></Order>