<?xml version="1.0" encoding="UTF-8"?>
<Order rownum="2742"><OrderID>10677</OrderID><CustomerID>ANTO</CustomerID><EmployeeID>1</EmployeeID><OrderDate>1997-09-22T00:00:00+02:00</OrderDate><RequiredDate>1997-10-20T00:00:00+02:00</RequiredDate><ShippedDate>1997-09-26T00:00:00+02:00</ShippedDate><ShipVia>3</ShipVia><Freight>4.03</Freight><ShipName>Antonio Moreno Taquería</ShipName><ShipAddress>Mataderos  2312</ShipAddress><ShipCity>México D.F.</ShipCity><ShipPostalCode>05023</ShipPostalCode><ShipCountry>Mexico</ShipCountry></Order>