<?xml version="1.0" encoding="UTF-8"?>
<Order rownum="2698"><OrderID>10633</OrderID><CustomerID>ERNSH</CustomerID><EmployeeID>7</EmployeeID><OrderDate>1997-08-15T00:00:00+02:00</OrderDate><RequiredDate>1997-09-12T00:00:00+02:00</RequiredDate><ShippedDate>1997-08-18T00:00:00+02:00</ShippedDate><ShipVia>3</ShipVia><Freight>477.9</Freight><ShipName>Ernst Handel</ShipName><ShipAddress>Kirchgasse 6</ShipAddress><ShipCity>Graz</ShipCity><ShipPostalCode>8010</ShipPostalCode><ShipCountry>Austria</ShipCountry></Order>