<?xml version="1.0" encoding="UTF-8"?>
<Order rownum="2593"><OrderID>10528</OrderID><CustomerID>GREAL</CustomerID><EmployeeID>6</EmployeeID><OrderDate>1997-05-06T00:00:00+02:00</OrderDate><RequiredDate>1997-05-20T00:00:00+02:00</RequiredDate><ShippedDate>1997-05-09T00:00:00+02:00</ShippedDate><ShipVia>2</ShipVia><Freight>3.35</Freight><ShipName>Great Lakes Food Market</ShipName><ShipAddress>2732 Baker Blvd.</ShipAddress><ShipCity>Eugene</ShipCity><ShipRegion>OR</ShipRegion><ShipPostalCode>97403</ShipPostalCode><ShipCountry>USA</ShipCountry></Order>