<?xml version="1.0" encoding="UTF-8"?>
<Order rownum="2440"><OrderID>10375</OrderID><CustomerID>HUNGC</CustomerID><EmployeeID>3</EmployeeID><OrderDate>1996-12-06T00:00:00+01:00</OrderDate><RequiredDate>1997-01-03T00:00:00+01:00</RequiredDate><ShippedDate>1996-12-09T00:00:00+01:00</ShippedDate><ShipVia>2</ShipVia><Freight>20.12</Freight><ShipName>Hungry Coyote Import Store</ShipName><ShipAddress>City Center Plaza 516 Main St.</ShipAddress><ShipCity>Elgi</ShipCity><ShipRegion>OR</ShipRegion><ShipPostalCode>97827</ShipPostalCode><ShipCountry>USA</ShipCountry></Order>