<?xml version="1.0" encoding="UTF-8"?>
<Order rownum="2454"><OrderID>10389</OrderID><CustomerID>BOTTM</CustomerID><EmployeeID>4</EmployeeID><OrderDate>1996-12-20T00:00:00+01:00</OrderDate><RequiredDate>1997-01-17T00:00:00+01:00</RequiredDate><ShippedDate>1996-12-24T00:00:00+01:00</ShippedDate><ShipVia>2</ShipVia><Freight>47.42</Freight><ShipName>Bottom-Dollar Markets</ShipName><ShipAddress>23 Tsawassen Blvd.</ShipAddress><ShipCity>Tsawasse</ShipCity><ShipRegion>BC</ShipRegion><ShipPostalCode>T2F 8M4</ShipPostalCode><ShipCountry>Canada</ShipCountry></Order>