<?xml version="1.0" encoding="UTF-8"?>
<Order rownum="2804"><OrderID>10739</OrderID><CustomerID>VINET</CustomerID><EmployeeID>3</EmployeeID><OrderDate>1997-11-12T00:00:00+01:00</OrderDate><RequiredDate>1997-12-10T00:00:00+01:00</RequiredDate><ShippedDate>1997-11-17T00:00:00+01:00</ShippedDate><ShipVia>3</ShipVia><Freight>11.08</Freight><ShipName>Vins et alcools Chevalier</ShipName><ShipAddress>59 rue de l'Abbaye</ShipAddress><ShipCity>Reims</ShipCity><ShipPostalCode>51100</ShipPostalCode><ShipCountry>France</ShipCountry></Order>