<?xml version="1.0" encoding="UTF-8"?>
<Order rownum="2586"><OrderID>10521</OrderID><CustomerID>CACTU</CustomerID><EmployeeID>8</EmployeeID><OrderDate>1997-04-29T00:00:00+02:00</OrderDate><RequiredDate>1997-05-27T00:00:00+02:00</RequiredDate><ShippedDate>1997-05-02T00:00:00+02:00</ShippedDate><ShipVia>2</ShipVia><Freight>17.22</Freight><ShipName>Cactus Comidas para llevar</ShipName><ShipAddress>Cerrito 333</ShipAddress><ShipCity>Buenos Aires</ShipCity><ShipPostalCode>1010</ShipPostalCode><ShipCountry>Argentina</ShipCountry></Order>