<?xml version="1.0" encoding="UTF-8"?>
<Order rownum="2666"><OrderID>10601</OrderID><CustomerID>HILAA</CustomerID><EmployeeID>7</EmployeeID><OrderDate>1997-07-16T00:00:00+02:00</OrderDate><RequiredDate>1997-08-27T00:00:00+02:00</RequiredDate><ShippedDate>1997-07-22T00:00:00+02:00</ShippedDate><ShipVia>1</ShipVia><Freight>58.3</Freight><ShipName>HILARION-Abastos</ShipName><ShipAddress>Carrera 22 con Ave. Carlos Soublette #8-35</ShipAddress><ShipCity>San Cristóbal</ShipCity><ShipRegion>Táchira</ShipRegion><ShipPostalCode>5022</ShipPostalCode><ShipCountry>Venezuela</ShipCountry></Order>