<?xml version="1.0" encoding="UTF-8"?>
<Order rownum="2765"><OrderID>10700</OrderID><CustomerID>SAVEA</CustomerID><EmployeeID>3</EmployeeID><OrderDate>1997-10-10T00:00:00+02:00</OrderDate><RequiredDate>1997-11-07T00:00:00+01:00</RequiredDate><ShippedDate>1997-10-16T00:00:00+02:00</ShippedDate><ShipVia>1</ShipVia><Freight>65.1</Freight><ShipName>Save-a-lot Markets</ShipName><ShipAddress>187 Suffolk Ln.</ShipAddress><ShipCity>Boise</ShipCity><ShipRegion>ID</ShipRegion><ShipPostalCode>83720</ShipPostalCode><ShipCountry>USA</ShipCountry></Order>