<?xml version="1.0" encoding="UTF-8"?>
<Order rownum="2656"><OrderID>10591</OrderID><CustomerID>VAFFE</CustomerID><EmployeeID>1</EmployeeID><OrderDate>1997-07-07T00:00:00+02:00</OrderDate><RequiredDate>1997-07-21T00:00:00+02:00</RequiredDate><ShippedDate>1997-07-16T00:00:00+02:00</ShippedDate><ShipVia>1</ShipVia><Freight>55.92</Freight><ShipName>Vaffeljernet</ShipName><ShipAddress>Smagsloget 45</ShipAddress><ShipCity>Århus</ShipCity><ShipPostalCode>8200</ShipPostalCode><ShipCountry>Denmark</ShipCountry></Order>