<?xml version="1.0" encoding="UTF-8"?>
<Order rownum="2423"><OrderID>10358</OrderID><CustomerID>LAMAI</CustomerID><EmployeeID>5</EmployeeID><OrderDate>1996-11-20T00:00:00+01:00</OrderDate><RequiredDate>1996-12-18T00:00:00+01:00</RequiredDate><ShippedDate>1996-11-27T00:00:00+01:00</ShippedDate><ShipVia>1</ShipVia><Freight>19.64</Freight><ShipName>La maison d'Asie</ShipName><ShipAddress>1 rue Alsace-Lorraine</ShipAddress><ShipCity>Toulouse</ShipCity><ShipPostalCode>31000</ShipPostalCode><ShipCountry>France</ShipCountry></Order>