<?xml version="1.0" encoding="UTF-8"?>
<Order rownum="2446"><OrderID>10381</OrderID><CustomerID>LILAS</CustomerID><EmployeeID>3</EmployeeID><OrderDate>1996-12-12T00:00:00+01:00</OrderDate><RequiredDate>1997-01-09T00:00:00+01:00</RequiredDate><ShippedDate>1996-12-13T00:00:00+01:00</ShippedDate><ShipVia>3</ShipVia><Freight>7.99</Freight><ShipName>LILA-Supermercado</ShipName><ShipAddress>Carrera 52 con Ave. Bolívar #65-98 Llano Largo</ShipAddress><ShipCity>Barquisimeto</ShipCity><ShipRegion>Lara</ShipRegion><ShipPostalCode>3508</ShipPostalCode><ShipCountry>Venezuela</ShipCountry></Order>