<?xml version="1.0" encoding="UTF-8"?>
<Order rownum="2733"><OrderID>10668</OrderID><CustomerID>WANDK</CustomerID><EmployeeID>1</EmployeeID><OrderDate>1997-09-15T00:00:00+02:00</OrderDate><RequiredDate>1997-10-13T00:00:00+02:00</RequiredDate><ShippedDate>1997-09-23T00:00:00+02:00</ShippedDate><ShipVia>2</ShipVia><Freight>47.22</Freight><ShipName>Die Wandernde Kuh</ShipName><ShipAddress>Adenauerallee 900</ShipAddress><ShipCity>Stuttgart</ShipCity><ShipPostalCode>70563</ShipPostalCode><ShipCountry>Germany</ShipCountry></Order>