<?xml version="1.0" encoding="UTF-8"?>
<Order rownum="2722"><OrderID>10657</OrderID><CustomerID>SAVEA</CustomerID><EmployeeID>2</EmployeeID><OrderDate>1997-09-04T00:00:00+02:00</OrderDate><RequiredDate>1997-10-02T00:00:00+02:00</RequiredDate><ShippedDate>1997-09-15T00:00:00+02:00</ShippedDate><ShipVia>2</ShipVia><Freight>352.69</Freight><ShipName>Save-a-lot Markets</ShipName><ShipAddress>187 Suffolk Ln.</ShipAddress><ShipCity>Boise</ShipCity><ShipRegion>ID</ShipRegion><ShipPostalCode>83720</ShipPostalCode><ShipCountry>USA</ShipCountry></Order>