<?xml version="1.0" encoding="UTF-8"?>
<Order rownum="2328"><OrderID>10263</OrderID><CustomerID>ERNSH</CustomerID><EmployeeID>9</EmployeeID><OrderDate>1996-07-23T00:00:00+02:00</OrderDate><RequiredDate>1996-08-20T00:00:00+02:00</RequiredDate><ShippedDate>1996-07-31T00:00:00+02:00</ShippedDate><ShipVia>3</ShipVia><Freight>146.06</Freight><ShipName>Ernst Handel</ShipName><ShipAddress>Kirchgasse 6</ShipAddress><ShipCity>Graz</ShipCity><ShipPostalCode>8010</ShipPostalCode><ShipCountry>Austria</ShipCountry></Order>