<?xml version="1.0" encoding="UTF-8"?>
<Order rownum="2657"><OrderID>10592</OrderID><CustomerID>LEHMS</CustomerID><EmployeeID>3</EmployeeID><OrderDate>1997-07-08T00:00:00+02:00</OrderDate><RequiredDate>1997-08-05T00:00:00+02:00</RequiredDate><ShippedDate>1997-07-16T00:00:00+02:00</ShippedDate><ShipVia>1</ShipVia><Freight>32.1</Freight><ShipName>Lehmanns Marktstand</ShipName><ShipAddress>Magazinweg 7</ShipAddress><ShipCity>Frankfurt a.M.</ShipCity><ShipPostalCode>60528</ShipPostalCode><ShipCountry>Germany</ShipCountry></Order>