<?xml version="1.0" encoding="UTF-8"?>
<Order rownum="2665"><OrderID>10600</OrderID><CustomerID>HUNGC</CustomerID><EmployeeID>4</EmployeeID><OrderDate>1997-07-16T00:00:00+02:00</OrderDate><RequiredDate>1997-08-13T00:00:00+02:00</RequiredDate><ShippedDate>1997-07-21T00:00:00+02:00</ShippedDate><ShipVia>1</ShipVia><Freight>45.13</Freight><ShipName>Hungry Coyote Import Store</ShipName><ShipAddress>City Center Plaza 516 Main St.</ShipAddress><ShipCity>Elgi</ShipCity><ShipRegion>OR</ShipRegion><ShipPostalCode>97827</ShipPostalCode><ShipCountry>USA</ShipCountry></Order>