<?xml version="1.0" encoding="UTF-8"?>
<Order rownum="2793"><OrderID>10728</OrderID><CustomerID>QUEE</CustomerID><EmployeeID>4</EmployeeID><OrderDate>1997-11-04T00:00:00+01:00</OrderDate><RequiredDate>1997-12-02T00:00:00+01:00</RequiredDate><ShippedDate>1997-11-11T00:00:00+01:00</ShippedDate><ShipVia>2</ShipVia><Freight>58.33</Freight><ShipName>Queen Cozinha</ShipName><ShipAddress>Alameda dos Canàrios, 891</ShipAddress><ShipCity>Sao Paulo</ShipCity><ShipRegion>SP</ShipRegion><ShipPostalCode>05487-020</ShipPostalCode><ShipCountry>Brazil</ShipCountry></Order>