<?xml version="1.0" encoding="UTF-8"?>
<Order rownum="2486"><OrderID>10421</OrderID><CustomerID>QUEDE</CustomerID><EmployeeID>8</EmployeeID><OrderDate>1997-01-21T00:00:00+01:00</OrderDate><RequiredDate>1997-03-04T00:00:00+01:00</RequiredDate><ShippedDate>1997-01-27T00:00:00+01:00</ShippedDate><ShipVia>1</ShipVia><Freight>99.23</Freight><ShipName>Que Delícia</ShipName><ShipAddress>Rua da Panificadora, 12</ShipAddress><ShipCity>Rio de Janeiro</ShipCity><ShipRegion>RJ</ShipRegion><ShipPostalCode>02389-673</ShipPostalCode><ShipCountry>Brazil</ShipCountry></Order>