<?xml version="1.0" encoding="UTF-8"?>
<Order rownum="2686"><OrderID>10621</OrderID><CustomerID>ISLAT</CustomerID><EmployeeID>4</EmployeeID><OrderDate>1997-08-05T00:00:00+02:00</OrderDate><RequiredDate>1997-09-02T00:00:00+02:00</RequiredDate><ShippedDate>1997-08-11T00:00:00+02:00</ShippedDate><ShipVia>2</ShipVia><Freight>23.73</Freight><ShipName>Island Trading</ShipName><ShipAddress>Garden House Crowther Way</ShipAddress><ShipCity>Cowes</ShipCity><ShipRegion>Isle of Wight</ShipRegion><ShipPostalCode>PO31 7PJ</ShipPostalCode><ShipCountry>UK</ShipCountry></Order>