<?xml version="1.0" encoding="UTF-8"?>
<Order rownum="2492"><OrderID>10427</OrderID><CustomerID>PICCO</CustomerID><EmployeeID>4</EmployeeID><OrderDate>1997-01-27T00:00:00+01:00</OrderDate><RequiredDate>1997-02-24T00:00:00+01:00</RequiredDate><ShippedDate>1997-03-03T00:00:00+01:00</ShippedDate><ShipVia>2</ShipVia><Freight>31.29</Freight><ShipName>Piccolo und mehr</ShipName><ShipAddress>Geislweg 14</ShipAddress><ShipCity>Salzburg</ShipCity><ShipPostalCode>5020</ShipPostalCode><ShipCountry>Austria</ShipCountry></Order>