<?xml version="1.0" encoding="UTF-8"?>
<Order rownum="2369"><OrderID>10304</OrderID><CustomerID>TORTU</CustomerID><EmployeeID>1</EmployeeID><OrderDate>1996-09-12T00:00:00+02:00</OrderDate><RequiredDate>1996-10-10T00:00:00+02:00</RequiredDate><ShippedDate>1996-09-17T00:00:00+02:00</ShippedDate><ShipVia>2</ShipVia><Freight>63.79</Freight><ShipName>Tortuga Restaurante</ShipName><ShipAddress>Avda. Azteca 123</ShipAddress><ShipCity>México D.F.</ShipCity><ShipPostalCode>05033</ShipPostalCode><ShipCountry>Mexico</ShipCountry></Order>