<?xml version="1.0" encoding="UTF-8"?>
<Order rownum="2582"><OrderID>10517</OrderID><CustomerID>NORTS</CustomerID><EmployeeID>3</EmployeeID><OrderDate>1997-04-24T00:00:00+02:00</OrderDate><RequiredDate>1997-05-22T00:00:00+02:00</RequiredDate><ShippedDate>1997-04-29T00:00:00+02:00</ShippedDate><ShipVia>3</ShipVia><Freight>32.07</Freight><ShipName>North/South</ShipName><ShipAddress>South House 300 Queensbridge</ShipAddress><ShipCity>Londo</ShipCity><ShipPostalCode>SW7 1RZ</ShipPostalCode><ShipCountry>UK</ShipCountry></Order>