<?xml version="1.0" encoding="UTF-8"?>
<Order rownum="2680"><OrderID>10615</OrderID><CustomerID>WILMK</CustomerID><EmployeeID>2</EmployeeID><OrderDate>1997-07-30T00:00:00+02:00</OrderDate><RequiredDate>1997-08-27T00:00:00+02:00</RequiredDate><ShippedDate>1997-08-06T00:00:00+02:00</ShippedDate><ShipVia>3</ShipVia><Freight>0.75</Freight><ShipName>Wilman Kala</ShipName><ShipAddress>Keskuskatu 45</ShipAddress><ShipCity>Helsinki</ShipCity><ShipPostalCode>21240</ShipPostalCode><ShipCountry>Finland</ShipCountry></Order>