<?xml version="1.0" encoding="UTF-8"?>
<Order rownum="2417"><OrderID>10352</OrderID><CustomerID>FURIB</CustomerID><EmployeeID>3</EmployeeID><OrderDate>1996-11-12T00:00:00+01:00</OrderDate><RequiredDate>1996-11-26T00:00:00+01:00</RequiredDate><ShippedDate>1996-11-18T00:00:00+01:00</ShippedDate><ShipVia>3</ShipVia><Freight>1.3</Freight><ShipName>Furia Bacalhau e Frutos do Mar</ShipName><ShipAddress>Jardim das rosas n. 32</ShipAddress><ShipCity>Lisboa</ShipCity><ShipPostalCode>1675</ShipPostalCode><ShipCountry>Portugal</ShipCountry></Order>