<?xml version="1.0" encoding="UTF-8"?>
<Order rownum="2323"><OrderID>10258</OrderID><CustomerID>ERNSH</CustomerID><EmployeeID>1</EmployeeID><OrderDate>1996-07-17T00:00:00+02:00</OrderDate><RequiredDate>1996-08-14T00:00:00+02:00</RequiredDate><ShippedDate>1996-07-23T00:00:00+02:00</ShippedDate><ShipVia>1</ShipVia><Freight>140.51</Freight><ShipName>Ernst Handel</ShipName><ShipAddress>Kirchgasse 6</ShipAddress><ShipCity>Graz</ShipCity><ShipPostalCode>8010</ShipPostalCode><ShipCountry>Austria</ShipCountry></Order>