<?xml version="1.0" encoding="UTF-8"?>
<Order rownum="2575"><OrderID>10510</OrderID><CustomerID>SAVEA</CustomerID><EmployeeID>6</EmployeeID><OrderDate>1997-04-18T00:00:00+02:00</OrderDate><RequiredDate>1997-05-16T00:00:00+02:00</RequiredDate><ShippedDate>1997-04-28T00:00:00+02:00</ShippedDate><ShipVia>3</ShipVia><Freight>367.63</Freight><ShipName>Save-a-lot Markets</ShipName><ShipAddress>187 Suffolk Ln.</ShipAddress><ShipCity>Boise</ShipCity><ShipRegion>ID</ShipRegion><ShipPostalCode>83720</ShipPostalCode><ShipCountry>USA</ShipCountry></Order>