<?xml version="1.0" encoding="UTF-8"?>
<Order rownum="2400"><OrderID>10335</OrderID><CustomerID>HUNGO</CustomerID><EmployeeID>7</EmployeeID><OrderDate>1996-10-22T00:00:00+02:00</OrderDate><RequiredDate>1996-11-19T00:00:00+01:00</RequiredDate><ShippedDate>1996-10-24T00:00:00+02:00</ShippedDate><ShipVia>2</ShipVia><Freight>42.11</Freight><ShipName>Hungry Owl All-Night Grocers</ShipName><ShipAddress>8 Johnstown Road</ShipAddress><ShipCity>Cork</ShipCity><ShipRegion>Co. Cork</ShipRegion><ShipCountry>Ireland</ShipCountry></Order>