<?xml version="1.0" encoding="UTF-8"?>
<Order rownum="2320"><OrderID>10255</OrderID><CustomerID>RICSU</CustomerID><EmployeeID>9</EmployeeID><OrderDate>1996-07-12T00:00:00+02:00</OrderDate><RequiredDate>1996-08-09T00:00:00+02:00</RequiredDate><ShippedDate>1996-07-15T00:00:00+02:00</ShippedDate><ShipVia>3</ShipVia><Freight>148.33</Freight><ShipName>Richter Supermarkt</ShipName><ShipAddress>Starenweg 5</ShipAddress><ShipCity>Genève</ShipCity><ShipPostalCode>1204</ShipPostalCode><ShipCountry>Switzerland</ShipCountry></Order>