<?xml version="1.0" encoding="UTF-8"?>
<Order rownum="2627"><OrderID>10562</OrderID><CustomerID>REGGC</CustomerID><EmployeeID>1</EmployeeID><OrderDate>1997-06-09T00:00:00+02:00</OrderDate><RequiredDate>1997-07-07T00:00:00+02:00</RequiredDate><ShippedDate>1997-06-12T00:00:00+02:00</ShippedDate><ShipVia>1</ShipVia><Freight>22.95</Freight><ShipName>Reggiani Caseifici</ShipName><ShipAddress>Strada Provinciale 124</ShipAddress><ShipCity>Reggio Emilia</ShipCity><ShipPostalCode>42100</ShipPostalCode><ShipCountry>Italy</ShipCountry></Order>