<?xml version="1.0" encoding="UTF-8"?>
<Order rownum="2479"><OrderID>10414</OrderID><CustomerID>FAMIA</CustomerID><EmployeeID>2</EmployeeID><OrderDate>1997-01-14T00:00:00+01:00</OrderDate><RequiredDate>1997-02-11T00:00:00+01:00</RequiredDate><ShippedDate>1997-01-17T00:00:00+01:00</ShippedDate><ShipVia>3</ShipVia><Freight>21.48</Freight><ShipName>Familia Arquibaldo</ShipName><ShipAddress>Rua Orós, 92</ShipAddress><ShipCity>Sao Paulo</ShipCity><ShipRegion>SP</ShipRegion><ShipPostalCode>05442-030</ShipPostalCode><ShipCountry>Brazil</ShipCountry></Order>