<?xml version="1.0" encoding="UTF-8"?>
<Order rownum="2801"><OrderID>10736</OrderID><CustomerID>HUNGO</CustomerID><EmployeeID>9</EmployeeID><OrderDate>1997-11-11T00:00:00+01:00</OrderDate><RequiredDate>1997-12-09T00:00:00+01:00</RequiredDate><ShippedDate>1997-11-21T00:00:00+01:00</ShippedDate><ShipVia>2</ShipVia><Freight>44.1</Freight><ShipName>Hungry Owl All-Night Grocers</ShipName><ShipAddress>8 Johnstown Road</ShipAddress><ShipCity>Cork</ShipCity><ShipRegion>Co. Cork</ShipRegion><ShipCountry>Ireland</ShipCountry></Order>