<?xml version="1.0" encoding="UTF-8"?>
<Order rownum="2660"><OrderID>10595</OrderID><CustomerID>ERNSH</CustomerID><EmployeeID>2</EmployeeID><OrderDate>1997-07-10T00:00:00+02:00</OrderDate><RequiredDate>1997-08-07T00:00:00+02:00</RequiredDate><ShippedDate>1997-07-14T00:00:00+02:00</ShippedDate><ShipVia>1</ShipVia><Freight>96.78</Freight><ShipName>Ernst Handel</ShipName><ShipAddress>Kirchgasse 6</ShipAddress><ShipCity>Graz</ShipCity><ShipPostalCode>8010</ShipPostalCode><ShipCountry>Austria</ShipCountry></Order>