<?xml version="1.0" encoding="UTF-8"?>
<Order rownum="2346"><OrderID>10281</OrderID><CustomerID>ROMEY</CustomerID><EmployeeID>4</EmployeeID><OrderDate>1996-08-14T00:00:00+02:00</OrderDate><RequiredDate>1996-08-28T00:00:00+02:00</RequiredDate><ShippedDate>1996-08-21T00:00:00+02:00</ShippedDate><ShipVia>1</ShipVia><Freight>2.94</Freight><ShipName>Romero y tomillo</ShipName><ShipAddress>Gran Vía, 1</ShipAddress><ShipCity>Madrid</ShipCity><ShipPostalCode>28001</ShipPostalCode><ShipCountry>Spai</ShipCountry></Order>