<?xml version="1.0" encoding="UTF-8"?>
<Order rownum="2355"><OrderID>10290</OrderID><CustomerID>COMMI</CustomerID><EmployeeID>8</EmployeeID><OrderDate>1996-08-27T00:00:00+02:00</OrderDate><RequiredDate>1996-09-24T00:00:00+02:00</RequiredDate><ShippedDate>1996-09-03T00:00:00+02:00</ShippedDate><ShipVia>1</ShipVia><Freight>79.7</Freight><ShipName>Comércio Mineiro</ShipName><ShipAddress>Av. dos Lusíadas, 23</ShipAddress><ShipCity>Sao Paulo</ShipCity><ShipRegion>SP</ShipRegion><ShipPostalCode>05432-043</ShipPostalCode><ShipCountry>Brazil</ShipCountry></Order>