<?xml version="1.0" encoding="UTF-8"?>
<Order rownum="2468"><OrderID>10403</OrderID><CustomerID>ERNSH</CustomerID><EmployeeID>4</EmployeeID><OrderDate>1997-01-03T00:00:00+01:00</OrderDate><RequiredDate>1997-01-31T00:00:00+01:00</RequiredDate><ShippedDate>1997-01-09T00:00:00+01:00</ShippedDate><ShipVia>3</ShipVia><Freight>73.79</Freight><ShipName>Ernst Handel</ShipName><ShipAddress>Kirchgasse 6</ShipAddress><ShipCity>Graz</ShipCity><ShipPostalCode>8010</ShipPostalCode><ShipCountry>Austria</ShipCountry></Order>