<?xml version="1.0" encoding="UTF-8"?>
<Order rownum="2740"><OrderID>10675</OrderID><CustomerID>FRANK</CustomerID><EmployeeID>5</EmployeeID><OrderDate>1997-09-19T00:00:00+02:00</OrderDate><RequiredDate>1997-10-17T00:00:00+02:00</RequiredDate><ShippedDate>1997-09-23T00:00:00+02:00</ShippedDate><ShipVia>2</ShipVia><Freight>31.85</Freight><ShipName>Frankenversand</ShipName><ShipAddress>Berliner Platz 43</ShipAddress><ShipCity>Münche</ShipCity><ShipPostalCode>80805</ShipPostalCode><ShipCountry>Germany</ShipCountry></Order>