<?xml version="1.0" encoding="UTF-8"?>
<Order rownum="2363"><OrderID>10298</OrderID><CustomerID>HUNGO</CustomerID><EmployeeID>6</EmployeeID><OrderDate>1996-09-05T00:00:00+02:00</OrderDate><RequiredDate>1996-10-03T00:00:00+02:00</RequiredDate><ShippedDate>1996-09-11T00:00:00+02:00</ShippedDate><ShipVia>2</ShipVia><Freight>168.22</Freight><ShipName>Hungry Owl All-Night Grocers</ShipName><ShipAddress>8 Johnstown Road</ShipAddress><ShipCity>Cork</ShipCity><ShipRegion>Co. Cork</ShipRegion><ShipCountry>Ireland</ShipCountry></Order>