<?xml version="1.0" encoding="UTF-8"?>
<Order rownum="2704"><OrderID>10639</OrderID><CustomerID>SANTG</CustomerID><EmployeeID>7</EmployeeID><OrderDate>1997-08-20T00:00:00+02:00</OrderDate><RequiredDate>1997-09-17T00:00:00+02:00</RequiredDate><ShippedDate>1997-08-27T00:00:00+02:00</ShippedDate><ShipVia>3</ShipVia><Freight>38.64</Freight><ShipName>Santé Gourmet</ShipName><ShipAddress>Erling Skakkes gate 78</ShipAddress><ShipCity>Staver</ShipCity><ShipPostalCode>4110</ShipPostalCode><ShipCountry>Norway</ShipCountry></Order>