<?xml version="1.0" encoding="UTF-8"?>
<Order rownum="2512"><OrderID>10447</OrderID><CustomerID>RICAR</CustomerID><EmployeeID>4</EmployeeID><OrderDate>1997-02-14T00:00:00+01:00</OrderDate><RequiredDate>1997-03-14T00:00:00+01:00</RequiredDate><ShippedDate>1997-03-07T00:00:00+01:00</ShippedDate><ShipVia>2</ShipVia><Freight>68.66</Freight><ShipName>Ricardo Adocicados</ShipName><ShipAddress>Av. Copacabana, 267</ShipAddress><ShipCity>Rio de Janeiro</ShipCity><ShipRegion>RJ</ShipRegion><ShipPostalCode>02389-890</ShipPostalCode><ShipCountry>Brazil</ShipCountry></Order>