<?xml version="1.0" encoding="UTF-8"?>
<Order rownum="2689"><OrderID>10624</OrderID><CustomerID>THECR</CustomerID><EmployeeID>4</EmployeeID><OrderDate>1997-08-07T00:00:00+02:00</OrderDate><RequiredDate>1997-09-04T00:00:00+02:00</RequiredDate><ShippedDate>1997-08-19T00:00:00+02:00</ShippedDate><ShipVia>2</ShipVia><Freight>94.8</Freight><ShipName>The Cracker Box</ShipName><ShipAddress>55 Grizzly Peak Rd.</ShipAddress><ShipCity>Butte</ShipCity><ShipRegion>MT</ShipRegion><ShipPostalCode>59801</ShipPostalCode><ShipCountry>USA</ShipCountry></Order>