<?xml version="1.0" encoding="UTF-8"?>
<Order rownum="2619"><OrderID>10554</OrderID><CustomerID>OTTIK</CustomerID><EmployeeID>4</EmployeeID><OrderDate>1997-05-30T00:00:00+02:00</OrderDate><RequiredDate>1997-06-27T00:00:00+02:00</RequiredDate><ShippedDate>1997-06-05T00:00:00+02:00</ShippedDate><ShipVia>3</ShipVia><Freight>120.97</Freight><ShipName>Ottilies Käselade</ShipName><ShipAddress>Mehrheimerstr. 369</ShipAddress><ShipCity>Köl</ShipCity><ShipPostalCode>50739</ShipPostalCode><ShipCountry>Germany</ShipCountry></Order>