<?xml version="1.0" encoding="UTF-8"?>
<Order rownum="2591"><OrderID>10526</OrderID><CustomerID>WARTH</CustomerID><EmployeeID>4</EmployeeID><OrderDate>1997-05-05T00:00:00+02:00</OrderDate><RequiredDate>1997-06-02T00:00:00+02:00</RequiredDate><ShippedDate>1997-05-15T00:00:00+02:00</ShippedDate><ShipVia>2</ShipVia><Freight>58.59</Freight><ShipName>Wartian Herkku</ShipName><ShipAddress>Torikatu 38</ShipAddress><ShipCity>Oulu</ShipCity><ShipPostalCode>90110</ShipPostalCode><ShipCountry>Finland</ShipCountry></Order>