<?xml version="1.0" encoding="UTF-8"?>
<Order rownum="2321"><OrderID>10256</OrderID><CustomerID>WELLI</CustomerID><EmployeeID>3</EmployeeID><OrderDate>1996-07-15T00:00:00+02:00</OrderDate><RequiredDate>1996-08-12T00:00:00+02:00</RequiredDate><ShippedDate>1996-07-17T00:00:00+02:00</ShippedDate><ShipVia>2</ShipVia><Freight>13.97</Freight><ShipName>Wellington Importadora</ShipName><ShipAddress>Rua do Mercado, 12</ShipAddress><ShipCity>Resende</ShipCity><ShipRegion>SP</ShipRegion><ShipPostalCode>08737-363</ShipPostalCode><ShipCountry>Brazil</ShipCountry></Order>