<?xml version="1.0" encoding="UTF-8"?>
<Order rownum="2362"><OrderID>10297</OrderID><CustomerID>BLONP</CustomerID><EmployeeID>5</EmployeeID><OrderDate>1996-09-04T00:00:00+02:00</OrderDate><RequiredDate>1996-10-16T00:00:00+02:00</RequiredDate><ShippedDate>1996-09-10T00:00:00+02:00</ShippedDate><ShipVia>2</ShipVia><Freight>5.74</Freight><ShipName>Blondel père et fils</ShipName><ShipAddress>24, place Kléber</ShipAddress><ShipCity>Strasbourg</ShipCity><ShipPostalCode>67000</ShipPostalCode><ShipCountry>France</ShipCountry></Order>