<?xml version="1.0" encoding="UTF-8"?>
<Order rownum="2565"><OrderID>10500</OrderID><CustomerID>LAMAI</CustomerID><EmployeeID>6</EmployeeID><OrderDate>1997-04-09T00:00:00+02:00</OrderDate><RequiredDate>1997-05-07T00:00:00+02:00</RequiredDate><ShippedDate>1997-04-17T00:00:00+02:00</ShippedDate><ShipVia>1</ShipVia><Freight>42.68</Freight><ShipName>La maison d'Asie</ShipName><ShipAddress>1 rue Alsace-Lorraine</ShipAddress><ShipCity>Toulouse</ShipCity><ShipPostalCode>31000</ShipPostalCode><ShipCountry>France</ShipCountry></Order>