<?xml version="1.0" encoding="UTF-8"?>
<Order rownum="2366"><OrderID>10301</OrderID><CustomerID>WANDK</CustomerID><EmployeeID>8</EmployeeID><OrderDate>1996-09-09T00:00:00+02:00</OrderDate><RequiredDate>1996-10-07T00:00:00+02:00</RequiredDate><ShippedDate>1996-09-17T00:00:00+02:00</ShippedDate><ShipVia>2</ShipVia><Freight>45.08</Freight><ShipName>Die Wandernde Kuh</ShipName><ShipAddress>Adenauerallee 900</ShipAddress><ShipCity>Stuttgart</ShipCity><ShipPostalCode>70563</ShipPostalCode><ShipCountry>Germany</ShipCountry></Order>