<?xml version="1.0" encoding="UTF-8"?>
<Order rownum="2326"><OrderID>10261</OrderID><CustomerID>QUEDE</CustomerID><EmployeeID>4</EmployeeID><OrderDate>1996-07-19T00:00:00+02:00</OrderDate><RequiredDate>1996-08-16T00:00:00+02:00</RequiredDate><ShippedDate>1996-07-30T00:00:00+02:00</ShippedDate><ShipVia>2</ShipVia><Freight>3.05</Freight><ShipName>Que Delícia</ShipName><ShipAddress>Rua da Panificadora, 12</ShipAddress><ShipCity>Rio de Janeiro</ShipCity><ShipRegion>RJ</ShipRegion><ShipPostalCode>02389-673</ShipPostalCode><ShipCountry>Brazil</ShipCountry></Order>