<?xml version="1.0" encoding="UTF-8"?>
<Order rownum="2783"><OrderID>10718</OrderID><CustomerID>KOENE</CustomerID><EmployeeID>1</EmployeeID><OrderDate>1997-10-27T00:00:00+01:00</OrderDate><RequiredDate>1997-11-24T00:00:00+01:00</RequiredDate><ShippedDate>1997-10-29T00:00:00+01:00</ShippedDate><ShipVia>3</ShipVia><Freight>170.88</Freight><ShipName>Königlich Esse</ShipName><ShipAddress>Maubelstr. 90</ShipAddress><ShipCity>Brandenburg</ShipCity><ShipPostalCode>14776</ShipPostalCode><ShipCountry>Germany</ShipCountry></Order>