<?xml version="1.0" encoding="UTF-8"?>
<Order rownum="2494"><OrderID>10429</OrderID><CustomerID>HUNGO</CustomerID><EmployeeID>3</EmployeeID><OrderDate>1997-01-29T00:00:00+01:00</OrderDate><RequiredDate>1997-03-12T00:00:00+01:00</RequiredDate><ShippedDate>1997-02-07T00:00:00+01:00</ShippedDate><ShipVia>2</ShipVia><Freight>56.63</Freight><ShipName>Hungry Owl All-Night Grocers</ShipName><ShipAddress>8 Johnstown Road</ShipAddress><ShipCity>Cork</ShipCity><ShipRegion>Co. Cork</ShipRegion><ShipCountry>Ireland</ShipCountry></Order>