<?xml version="1.0" encoding="UTF-8"?>
<Order rownum="2571"><OrderID>10506</OrderID><CustomerID>KOENE</CustomerID><EmployeeID>9</EmployeeID><OrderDate>1997-04-15T00:00:00+02:00</OrderDate><RequiredDate>1997-05-13T00:00:00+02:00</RequiredDate><ShippedDate>1997-05-02T00:00:00+02:00</ShippedDate><ShipVia>2</ShipVia><Freight>21.19</Freight><ShipName>Königlich Esse</ShipName><ShipAddress>Maubelstr. 90</ShipAddress><ShipCity>Brandenburg</ShipCity><ShipPostalCode>14776</ShipPostalCode><ShipCountry>Germany</ShipCountry></Order>