<?xml version="1.0" encoding="UTF-8"?>
<Order rownum="2668"><OrderID>10603</OrderID><CustomerID>SAVEA</CustomerID><EmployeeID>8</EmployeeID><OrderDate>1997-07-18T00:00:00+02:00</OrderDate><RequiredDate>1997-08-15T00:00:00+02:00</RequiredDate><ShippedDate>1997-08-08T00:00:00+02:00</ShippedDate><ShipVia>2</ShipVia><Freight>48.77</Freight><ShipName>Save-a-lot Markets</ShipName><ShipAddress>187 Suffolk Ln.</ShipAddress><ShipCity>Boise</ShipCity><ShipRegion>ID</ShipRegion><ShipPostalCode>83720</ShipPostalCode><ShipCountry>USA</ShipCountry></Order>