<?xml version="1.0" encoding="UTF-8"?>
<Order rownum="2617"><OrderID>10552</OrderID><CustomerID>HILAA</CustomerID><EmployeeID>2</EmployeeID><OrderDate>1997-05-29T00:00:00+02:00</OrderDate><RequiredDate>1997-06-26T00:00:00+02:00</RequiredDate><ShippedDate>1997-06-05T00:00:00+02:00</ShippedDate><ShipVia>1</ShipVia><Freight>83.22</Freight><ShipName>HILARION-Abastos</ShipName><ShipAddress>Carrera 22 con Ave. Carlos Soublette #8-35</ShipAddress><ShipCity>San Cristóbal</ShipCity><ShipRegion>Táchira</ShipRegion><ShipPostalCode>5022</ShipPostalCode><ShipCountry>Venezuela</ShipCountry></Order>