<?xml version="1.0" encoding="UTF-8"?>
<Order rownum="2500"><OrderID>10435</OrderID><CustomerID>CONSH</CustomerID><EmployeeID>8</EmployeeID><OrderDate>1997-02-04T00:00:00+01:00</OrderDate><RequiredDate>1997-03-18T00:00:00+01:00</RequiredDate><ShippedDate>1997-02-07T00:00:00+01:00</ShippedDate><ShipVia>2</ShipVia><Freight>9.21</Freight><ShipName>Consolidated Holdings</ShipName><ShipAddress>Berkeley Gardens 12  Brewery</ShipAddress><ShipCity>Londo</ShipCity><ShipPostalCode>WX1 6LT</ShipPostalCode><ShipCountry>UK</ShipCountry></Order>