<?xml version="1.0" encoding="UTF-8"?>
<Order rownum="2769"><OrderID>10704</OrderID><CustomerID>QUEE</CustomerID><EmployeeID>6</EmployeeID><OrderDate>1997-10-14T00:00:00+02:00</OrderDate><RequiredDate>1997-11-11T00:00:00+01:00</RequiredDate><ShippedDate>1997-11-07T00:00:00+01:00</ShippedDate><ShipVia>1</ShipVia><Freight>4.78</Freight><ShipName>Queen Cozinha</ShipName><ShipAddress>Alameda dos Canàrios, 891</ShipAddress><ShipCity>Sao Paulo</ShipCity><ShipRegion>SP</ShipRegion><ShipPostalCode>05487-020</ShipPostalCode><ShipCountry>Brazil</ShipCountry></Order>