<?xml version="1.0" encoding="UTF-8"?>
<Order rownum="2731"><OrderID>10666</OrderID><CustomerID>RICSU</CustomerID><EmployeeID>7</EmployeeID><OrderDate>1997-09-12T00:00:00+02:00</OrderDate><RequiredDate>1997-10-10T00:00:00+02:00</RequiredDate><ShippedDate>1997-09-22T00:00:00+02:00</ShippedDate><ShipVia>2</ShipVia><Freight>232.42</Freight><ShipName>Richter Supermarkt</ShipName><ShipAddress>Starenweg 5</ShipAddress><ShipCity>Genève</ShipCity><ShipPostalCode>1204</ShipPostalCode><ShipCountry>Switzerland</ShipCountry></Order>