<?xml version="1.0" encoding="UTF-8"?>
<Order rownum="2332"><OrderID>10267</OrderID><CustomerID>FRANK</CustomerID><EmployeeID>4</EmployeeID><OrderDate>1996-07-29T00:00:00+02:00</OrderDate><RequiredDate>1996-08-26T00:00:00+02:00</RequiredDate><ShippedDate>1996-08-06T00:00:00+02:00</ShippedDate><ShipVia>1</ShipVia><Freight>208.58</Freight><ShipName>Frankenversand</ShipName><ShipAddress>Berliner Platz 43</ShipAddress><ShipCity>Münche</ShipCity><ShipPostalCode>80805</ShipPostalCode><ShipCountry>Germany</ShipCountry></Order>