<?xml version="1.0" encoding="UTF-8"?>
<Order rownum="2671"><OrderID>10606</OrderID><CustomerID>TRADH</CustomerID><EmployeeID>4</EmployeeID><OrderDate>1997-07-22T00:00:00+02:00</OrderDate><RequiredDate>1997-08-19T00:00:00+02:00</RequiredDate><ShippedDate>1997-07-31T00:00:00+02:00</ShippedDate><ShipVia>3</ShipVia><Freight>79.4</Freight><ShipName>Tradiçao Hipermercados</ShipName><ShipAddress>Av. Inês de Castro, 414</ShipAddress><ShipCity>Sao Paulo</ShipCity><ShipRegion>SP</ShipRegion><ShipPostalCode>05634-030</ShipPostalCode><ShipCountry>Brazil</ShipCountry></Order>