<?xml version="1.0" encoding="UTF-8"?>
<Order rownum="2569"><OrderID>10504</OrderID><CustomerID>WHITC</CustomerID><EmployeeID>4</EmployeeID><OrderDate>1997-04-11T00:00:00+02:00</OrderDate><RequiredDate>1997-05-09T00:00:00+02:00</RequiredDate><ShippedDate>1997-04-18T00:00:00+02:00</ShippedDate><ShipVia>3</ShipVia><Freight>59.13</Freight><ShipName>White Clover Markets</ShipName><ShipAddress>1029 - 12th Ave. S.</ShipAddress><ShipCity>Seattle</ShipCity><ShipRegion>WA</ShipRegion><ShipPostalCode>98124</ShipPostalCode><ShipCountry>USA</ShipCountry></Order>