<?xml version="1.0" encoding="UTF-8"?>
<Order rownum="2408"><OrderID>10343</OrderID><CustomerID>LEHMS</CustomerID><EmployeeID>4</EmployeeID><OrderDate>1996-10-31T00:00:00+01:00</OrderDate><RequiredDate>1996-11-28T00:00:00+01:00</RequiredDate><ShippedDate>1996-11-06T00:00:00+01:00</ShippedDate><ShipVia>1</ShipVia><Freight>110.37</Freight><ShipName>Lehmanns Marktstand</ShipName><ShipAddress>Magazinweg 7</ShipAddress><ShipCity>Frankfurt a.M.</ShipCity><ShipPostalCode>60528</ShipPostalCode><ShipCountry>Germany</ShipCountry></Order>