<?xml version="1.0" encoding="UTF-8"?>
<Order rownum="2535"><OrderID>10470</OrderID><CustomerID>BONAP</CustomerID><EmployeeID>4</EmployeeID><OrderDate>1997-03-11T00:00:00+01:00</OrderDate><RequiredDate>1997-04-08T00:00:00+02:00</RequiredDate><ShippedDate>1997-03-14T00:00:00+01:00</ShippedDate><ShipVia>2</ShipVia><Freight>64.56</Freight><ShipName>Bon app'</ShipName><ShipAddress>12, rue des Bouchers</ShipAddress><ShipCity>Marseille</ShipCity><ShipPostalCode>13008</ShipPostalCode><ShipCountry>France</ShipCountry></Order>