<?xml version="1.0" encoding="UTF-8"?>
<Order rownum="2522"><OrderID>10457</OrderID><CustomerID>KOENE</CustomerID><EmployeeID>2</EmployeeID><OrderDate>1997-02-25T00:00:00+01:00</OrderDate><RequiredDate>1997-03-25T00:00:00+01:00</RequiredDate><ShippedDate>1997-03-03T00:00:00+01:00</ShippedDate><ShipVia>1</ShipVia><Freight>11.57</Freight><ShipName>Königlich Esse</ShipName><ShipAddress>Maubelstr. 90</ShipAddress><ShipCity>Brandenburg</ShipCity><ShipPostalCode>14776</ShipPostalCode><ShipCountry>Germany</ShipCountry></Order>