<?xml version="1.0" encoding="UTF-8"?>
<Order rownum="2776"><OrderID>10711</OrderID><CustomerID>SAVEA</CustomerID><EmployeeID>5</EmployeeID><OrderDate>1997-10-21T00:00:00+02:00</OrderDate><RequiredDate>1997-12-02T00:00:00+01:00</RequiredDate><ShippedDate>1997-10-29T00:00:00+01:00</ShippedDate><ShipVia>2</ShipVia><Freight>52.41</Freight><ShipName>Save-a-lot Markets</ShipName><ShipAddress>187 Suffolk Ln.</ShipAddress><ShipCity>Boise</ShipCity><ShipRegion>ID</ShipRegion><ShipPostalCode>83720</ShipPostalCode><ShipCountry>USA</ShipCountry></Order>