<?xml version="1.0" encoding="UTF-8"?>
<Order rownum="2419"><OrderID>10354</OrderID><CustomerID>PERIC</CustomerID><EmployeeID>8</EmployeeID><OrderDate>1996-11-14T00:00:00+01:00</OrderDate><RequiredDate>1996-12-12T00:00:00+01:00</RequiredDate><ShippedDate>1996-11-20T00:00:00+01:00</ShippedDate><ShipVia>3</ShipVia><Freight>53.8</Freight><ShipName>Pericles Comidas clásicas</ShipName><ShipAddress>Calle Dr. Jorge Cash 321</ShipAddress><ShipCity>México D.F.</ShipCity><ShipPostalCode>05033</ShipPostalCode><ShipCountry>Mexico</ShipCountry></Order>