<?xml version="1.0" encoding="UTF-8"?>
<Order rownum="2388"><OrderID>10323</OrderID><CustomerID>KOENE</CustomerID><EmployeeID>4</EmployeeID><OrderDate>1996-10-07T00:00:00+02:00</OrderDate><RequiredDate>1996-11-04T00:00:00+01:00</RequiredDate><ShippedDate>1996-10-14T00:00:00+02:00</ShippedDate><ShipVia>1</ShipVia><Freight>4.88</Freight><ShipName>Königlich Esse</ShipName><ShipAddress>Maubelstr. 90</ShipAddress><ShipCity>Brandenburg</ShipCity><ShipPostalCode>14776</ShipPostalCode><ShipCountry>Germany</ShipCountry></Order>