<?xml version="1.0" encoding="UTF-8"?>
<Order rownum="2736"><OrderID>10671</OrderID><CustomerID>FRANR</CustomerID><EmployeeID>1</EmployeeID><OrderDate>1997-09-17T00:00:00+02:00</OrderDate><RequiredDate>1997-10-15T00:00:00+02:00</RequiredDate><ShippedDate>1997-09-24T00:00:00+02:00</ShippedDate><ShipVia>1</ShipVia><Freight>30.34</Freight><ShipName>France restauratio</ShipName><ShipAddress>54, rue Royale</ShipAddress><ShipCity>Nantes</ShipCity><ShipPostalCode>44000</ShipPostalCode><ShipCountry>France</ShipCountry></Order>