<?xml version="1.0" encoding="UTF-8"?>
<Order rownum="2551"><OrderID>10486</OrderID><CustomerID>HILAA</CustomerID><EmployeeID>1</EmployeeID><OrderDate>1997-03-26T00:00:00+01:00</OrderDate><RequiredDate>1997-04-23T00:00:00+02:00</RequiredDate><ShippedDate>1997-04-02T00:00:00+02:00</ShippedDate><ShipVia>2</ShipVia><Freight>30.53</Freight><ShipName>HILARION-Abastos</ShipName><ShipAddress>Carrera 22 con Ave. Carlos Soublette #8-35</ShipAddress><ShipCity>San Cristóbal</ShipCity><ShipRegion>Táchira</ShipRegion><ShipPostalCode>5022</ShipPostalCode><ShipCountry>Venezuela</ShipCountry></Order>