<?xml version="1.0" encoding="UTF-8"?>
<Order rownum="2487"><OrderID>10422</OrderID><CustomerID>FRANS</CustomerID><EmployeeID>2</EmployeeID><OrderDate>1997-01-22T00:00:00+01:00</OrderDate><RequiredDate>1997-02-19T00:00:00+01:00</RequiredDate><ShippedDate>1997-01-31T00:00:00+01:00</ShippedDate><ShipVia>1</ShipVia><Freight>3.02</Freight><ShipName>Franchi S.p.A.</ShipName><ShipAddress>Via Monte Bianco 34</ShipAddress><ShipCity>Torino</ShipCity><ShipPostalCode>10100</ShipPostalCode><ShipCountry>Italy</ShipCountry></Order>