<?xml version="1.0" encoding="UTF-8"?>
<Order rownum="2812"><OrderID>10747</OrderID><CustomerID>PICCO</CustomerID><EmployeeID>6</EmployeeID><OrderDate>1997-11-19T00:00:00+01:00</OrderDate><RequiredDate>1997-12-17T00:00:00+01:00</RequiredDate><ShippedDate>1997-11-26T00:00:00+01:00</ShippedDate><ShipVia>1</ShipVia><Freight>117.33</Freight><ShipName>Piccolo und mehr</ShipName><ShipAddress>Geislweg 14</ShipAddress><ShipCity>Salzburg</ShipCity><ShipPostalCode>5020</ShipPostalCode><ShipCountry>Austria</ShipCountry></Order>