<?xml version="1.0" encoding="UTF-8"?>
<Order rownum="2580"><OrderID>10515</OrderID><CustomerID>QUICK</CustomerID><EmployeeID>2</EmployeeID><OrderDate>1997-04-23T00:00:00+02:00</OrderDate><RequiredDate>1997-05-07T00:00:00+02:00</RequiredDate><ShippedDate>1997-05-23T00:00:00+02:00</ShippedDate><ShipVia>1</ShipVia><Freight>204.47</Freight><ShipName>QUICK-Stop</ShipName><ShipAddress>Taucherstraße 10</ShipAddress><ShipCity>Cunewalde</ShipCity><ShipPostalCode>01307</ShipPostalCode><ShipCountry>Germany</ShipCountry></Order>