<?xml version="1.0" encoding="UTF-8"?>
<Order rownum="2685"><OrderID>10620</OrderID><CustomerID>LAUGB</CustomerID><EmployeeID>2</EmployeeID><OrderDate>1997-08-05T00:00:00+02:00</OrderDate><RequiredDate>1997-09-02T00:00:00+02:00</RequiredDate><ShippedDate>1997-08-14T00:00:00+02:00</ShippedDate><ShipVia>3</ShipVia><Freight>0.94</Freight><ShipName>Laughing Bacchus Wine Cellars</ShipName><ShipAddress>2319 Elm St.</ShipAddress><ShipCity>Vancouver</ShipCity><ShipRegion>BC</ShipRegion><ShipPostalCode>V3F 2K1</ShipPostalCode><ShipCountry>Canada</ShipCountry></Order>