<?xml version="1.0" encoding="UTF-8"?>
<Order rownum="2587"><OrderID>10522</OrderID><CustomerID>LEHMS</CustomerID><EmployeeID>4</EmployeeID><OrderDate>1997-04-30T00:00:00+02:00</OrderDate><RequiredDate>1997-05-28T00:00:00+02:00</RequiredDate><ShippedDate>1997-05-06T00:00:00+02:00</ShippedDate><ShipVia>1</ShipVia><Freight>45.33</Freight><ShipName>Lehmanns Marktstand</ShipName><ShipAddress>Magazinweg 7</ShipAddress><ShipCity>Frankfurt a.M.</ShipCity><ShipPostalCode>60528</ShipPostalCode><ShipCountry>Germany</ShipCountry></Order>