<?xml version="1.0" encoding="UTF-8"?>
<Order rownum="2520"><OrderID>10455</OrderID><CustomerID>WARTH</CustomerID><EmployeeID>8</EmployeeID><OrderDate>1997-02-24T00:00:00+01:00</OrderDate><RequiredDate>1997-04-07T00:00:00+02:00</RequiredDate><ShippedDate>1997-03-03T00:00:00+01:00</ShippedDate><ShipVia>2</ShipVia><Freight>180.45</Freight><ShipName>Wartian Herkku</ShipName><ShipAddress>Torikatu 38</ShipAddress><ShipCity>Oulu</ShipCity><ShipPostalCode>90110</ShipPostalCode><ShipCountry>Finland</ShipCountry></Order>