<?xml version="1.0" encoding="UTF-8"?>
<Order rownum="2573"><OrderID>10508</OrderID><CustomerID>OTTIK</CustomerID><EmployeeID>1</EmployeeID><OrderDate>1997-04-16T00:00:00+02:00</OrderDate><RequiredDate>1997-05-14T00:00:00+02:00</RequiredDate><ShippedDate>1997-05-13T00:00:00+02:00</ShippedDate><ShipVia>2</ShipVia><Freight>4.99</Freight><ShipName>Ottilies Käselade</ShipName><ShipAddress>Mehrheimerstr. 369</ShipAddress><ShipCity>Köl</ShipCity><ShipPostalCode>50739</ShipPostalCode><ShipCountry>Germany</ShipCountry></Order>