<?xml version="1.0" encoding="UTF-8"?>
<Order rownum="2691"><OrderID>10626</OrderID><CustomerID>BERGS</CustomerID><EmployeeID>1</EmployeeID><OrderDate>1997-08-11T00:00:00+02:00</OrderDate><RequiredDate>1997-09-08T00:00:00+02:00</RequiredDate><ShippedDate>1997-08-20T00:00:00+02:00</ShippedDate><ShipVia>2</ShipVia><Freight>138.69</Freight><ShipName>Berglunds snabbköp</ShipName><ShipAddress>Berguvsvägen  8</ShipAddress><ShipCity>Luleå</ShipCity><ShipPostalCode>S-958 22</ShipPostalCode><ShipCountry>Swede</ShipCountry></Order>