<?xml version="1.0" encoding="UTF-8"?>
<Order rownum="2681"><OrderID>10616</OrderID><CustomerID>GREAL</CustomerID><EmployeeID>1</EmployeeID><OrderDate>1997-07-31T00:00:00+02:00</OrderDate><RequiredDate>1997-08-28T00:00:00+02:00</RequiredDate><ShippedDate>1997-08-05T00:00:00+02:00</ShippedDate><ShipVia>2</ShipVia><Freight>116.53</Freight><ShipName>Great Lakes Food Market</ShipName><ShipAddress>2732 Baker Blvd.</ShipAddress><ShipCity>Eugene</ShipCity><ShipRegion>OR</ShipRegion><ShipPostalCode>97403</ShipPostalCode><ShipCountry>USA</ShipCountry></Order>