<?xml version="1.0" encoding="UTF-8"?>
<Order rownum="2380"><OrderID>10315</OrderID><CustomerID>ISLAT</CustomerID><EmployeeID>4</EmployeeID><OrderDate>1996-09-26T00:00:00+02:00</OrderDate><RequiredDate>1996-10-24T00:00:00+02:00</RequiredDate><ShippedDate>1996-10-03T00:00:00+02:00</ShippedDate><ShipVia>2</ShipVia><Freight>41.76</Freight><ShipName>Island Trading</ShipName><ShipAddress>Garden House Crowther Way</ShipAddress><ShipCity>Cowes</ShipCity><ShipRegion>Isle of Wight</ShipRegion><ShipPostalCode>PO31 7PJ</ShipPostalCode><ShipCountry>UK</ShipCountry></Order>