<?xml version="1.0" encoding="UTF-8"?>
<Order rownum="2540"><OrderID>10475</OrderID><CustomerID>SUPRD</CustomerID><EmployeeID>9</EmployeeID><OrderDate>1997-03-14T00:00:00+01:00</OrderDate><RequiredDate>1997-04-11T00:00:00+02:00</RequiredDate><ShippedDate>1997-04-04T00:00:00+02:00</ShippedDate><ShipVia>1</ShipVia><Freight>68.52</Freight><ShipName>Suprêmes délices</ShipName><ShipAddress>Boulevard Tirou, 255</ShipAddress><ShipCity>Charleroi</ShipCity><ShipPostalCode>B-6000</ShipPostalCode><ShipCountry>Belgium</ShipCountry></Order>