<?xml version="1.0" encoding="UTF-8"?>
<Order rownum="2414"><OrderID>10349</OrderID><CustomerID>SPLIR</CustomerID><EmployeeID>7</EmployeeID><OrderDate>1996-11-08T00:00:00+01:00</OrderDate><RequiredDate>1996-12-06T00:00:00+01:00</RequiredDate><ShippedDate>1996-11-15T00:00:00+01:00</ShippedDate><ShipVia>1</ShipVia><Freight>8.63</Freight><ShipName>Split Rail Beer &amp; Ale</ShipName><ShipAddress>P.O. Box 555</ShipAddress><ShipCity>Lander</ShipCity><ShipRegion>WY</ShipRegion><ShipPostalCode>82520</ShipPostalCode><ShipCountry>USA</ShipCountry></Order>