<?xml version="1.0" encoding="UTF-8"?>
<Order rownum="2447"><OrderID>10382</OrderID><CustomerID>ERNSH</CustomerID><EmployeeID>4</EmployeeID><OrderDate>1996-12-13T00:00:00+01:00</OrderDate><RequiredDate>1997-01-10T00:00:00+01:00</RequiredDate><ShippedDate>1996-12-16T00:00:00+01:00</ShippedDate><ShipVia>1</ShipVia><Freight>94.77</Freight><ShipName>Ernst Handel</ShipName><ShipAddress>Kirchgasse 6</ShipAddress><ShipCity>Graz</ShipCity><ShipPostalCode>8010</ShipPostalCode><ShipCountry>Austria</ShipCountry></Order>