<?xml version="1.0" encoding="UTF-8"?>
<Order rownum="2743"><OrderID>10678</OrderID><CustomerID>SAVEA</CustomerID><EmployeeID>7</EmployeeID><OrderDate>1997-09-23T00:00:00+02:00</OrderDate><RequiredDate>1997-10-21T00:00:00+02:00</RequiredDate><ShippedDate>1997-10-16T00:00:00+02:00</ShippedDate><ShipVia>3</ShipVia><Freight>388.98</Freight><ShipName>Save-a-lot Markets</ShipName><ShipAddress>187 Suffolk Ln.</ShipAddress><ShipCity>Boise</ShipCity><ShipRegion>ID</ShipRegion><ShipPostalCode>83720</ShipPostalCode><ShipCountry>USA</ShipCountry></Order>