<?xml version="1.0" encoding="UTF-8"?>
<Order rownum="2349"><OrderID>10284</OrderID><CustomerID>LEHMS</CustomerID><EmployeeID>4</EmployeeID><OrderDate>1996-08-19T00:00:00+02:00</OrderDate><RequiredDate>1996-09-16T00:00:00+02:00</RequiredDate><ShippedDate>1996-08-27T00:00:00+02:00</ShippedDate><ShipVia>1</ShipVia><Freight>76.56</Freight><ShipName>Lehmanns Marktstand</ShipName><ShipAddress>Magazinweg 7</ShipAddress><ShipCity>Frankfurt a.M.</ShipCity><ShipPostalCode>60528</ShipPostalCode><ShipCountry>Germany</ShipCountry></Order>