<?xml version="1.0" encoding="UTF-8"?>
<Order rownum="2802"><OrderID>10737</OrderID><CustomerID>VINET</CustomerID><EmployeeID>2</EmployeeID><OrderDate>1997-11-11T00:00:00+01:00</OrderDate><RequiredDate>1997-12-09T00:00:00+01:00</RequiredDate><ShippedDate>1997-11-18T00:00:00+01:00</ShippedDate><ShipVia>2</ShipVia><Freight>7.79</Freight><ShipName>Vins et alcools Chevalier</ShipName><ShipAddress>59 rue de l'Abbaye</ShipAddress><ShipCity>Reims</ShipCity><ShipPostalCode>51100</ShipPostalCode><ShipCountry>France</ShipCountry></Order>