<?xml version="1.0" encoding="UTF-8"?>
<Order rownum="2648"><OrderID>10583</OrderID><CustomerID>WARTH</CustomerID><EmployeeID>2</EmployeeID><OrderDate>1997-06-30T00:00:00+02:00</OrderDate><RequiredDate>1997-07-28T00:00:00+02:00</RequiredDate><ShippedDate>1997-07-04T00:00:00+02:00</ShippedDate><ShipVia>2</ShipVia><Freight>7.28</Freight><ShipName>Wartian Herkku</ShipName><ShipAddress>Torikatu 38</ShipAddress><ShipCity>Oulu</ShipCity><ShipPostalCode>90110</ShipPostalCode><ShipCountry>Finland</ShipCountry></Order>