<?xml version="1.0" encoding="UTF-8"?>
<Order rownum="2313"><OrderID>10248</OrderID><CustomerID>VINET</CustomerID><EmployeeID>5</EmployeeID><OrderDate>1996-07-04T00:00:00+02:00</OrderDate><RequiredDate>1996-08-01T00:00:00+02:00</RequiredDate><ShippedDate>1996-07-16T00:00:00+02:00</ShippedDate><ShipVia>3</ShipVia><Freight>32.38</Freight><ShipName>Vins et alcools Chevalier</ShipName><ShipAddress>59 rue de l'Abbaye</ShipAddress><ShipCity>Reims</ShipCity><ShipPostalCode>51100</ShipPostalCode><ShipCountry>France</ShipCountry></Order>