<?xml version="1.0" encoding="UTF-8"?>
<Order rownum="2800"><OrderID>10735</OrderID><CustomerID>LETSS</CustomerID><EmployeeID>6</EmployeeID><OrderDate>1997-11-10T00:00:00+01:00</OrderDate><RequiredDate>1997-12-08T00:00:00+01:00</RequiredDate><ShippedDate>1997-11-21T00:00:00+01:00</ShippedDate><ShipVia>2</ShipVia><Freight>45.97</Freight><ShipName>Let's Stop N Shop</ShipName><ShipAddress>87 Polk St. Suite 5</ShipAddress><ShipCity>San Francisco</ShipCity><ShipRegion>CA</ShipRegion><ShipPostalCode>94117</ShipPostalCode><ShipCountry>USA</ShipCountry></Order>