<?xml version="1.0" encoding="UTF-8"?>
<Order rownum="2579"><OrderID>10514</OrderID><CustomerID>ERNSH</CustomerID><EmployeeID>3</EmployeeID><OrderDate>1997-04-22T00:00:00+02:00</OrderDate><RequiredDate>1997-05-20T00:00:00+02:00</RequiredDate><ShippedDate>1997-05-16T00:00:00+02:00</ShippedDate><ShipVia>2</ShipVia><Freight>789.95</Freight><ShipName>Ernst Handel</ShipName><ShipAddress>Kirchgasse 6</ShipAddress><ShipCity>Graz</ShipCity><ShipPostalCode>8010</ShipPostalCode><ShipCountry>Austria</ShipCountry></Order>