<?xml version="1.0" encoding="UTF-8"?>
<Order rownum="2365"><OrderID>10300</OrderID><CustomerID>MAGAA</CustomerID><EmployeeID>2</EmployeeID><OrderDate>1996-09-09T00:00:00+02:00</OrderDate><RequiredDate>1996-10-07T00:00:00+02:00</RequiredDate><ShippedDate>1996-09-18T00:00:00+02:00</ShippedDate><ShipVia>2</ShipVia><Freight>17.68</Freight><ShipName>Magazzini Alimentari Riuniti</ShipName><ShipAddress>Via Ludovico il Moro 22</ShipAddress><ShipCity>Bergamo</ShipCity><ShipPostalCode>24100</ShipPostalCode><ShipCountry>Italy</ShipCountry></Order>