<?xml version="1.0" encoding="UTF-8"?>
<Order rownum="2412"><OrderID>10347</OrderID><CustomerID>FAMIA</CustomerID><EmployeeID>4</EmployeeID><OrderDate>1996-11-06T00:00:00+01:00</OrderDate><RequiredDate>1996-12-04T00:00:00+01:00</RequiredDate><ShippedDate>1996-11-08T00:00:00+01:00</ShippedDate><ShipVia>3</ShipVia><Freight>3.1</Freight><ShipName>Familia Arquibaldo</ShipName><ShipAddress>Rua Orós, 92</ShipAddress><ShipCity>Sao Paulo</ShipCity><ShipRegion>SP</ShipRegion><ShipPostalCode>05442-030</ShipPostalCode><ShipCountry>Brazil</ShipCountry></Order>