<?xml version="1.0" encoding="UTF-8"?>
<Order rownum="2327"><OrderID>10262</OrderID><CustomerID>RATTC</CustomerID><EmployeeID>8</EmployeeID><OrderDate>1996-07-22T00:00:00+02:00</OrderDate><RequiredDate>1996-08-19T00:00:00+02:00</RequiredDate><ShippedDate>1996-07-25T00:00:00+02:00</ShippedDate><ShipVia>3</ShipVia><Freight>48.29</Freight><ShipName>Rattlesnake Canyon Grocery</ShipName><ShipAddress>2817 Milton Dr.</ShipAddress><ShipCity>Albuquerque</ShipCity><ShipRegion>NM</ShipRegion><ShipPostalCode>87110</ShipPostalCode><ShipCountry>USA</ShipCountry></Order>