<?xml version="1.0" encoding="UTF-8"?>
<Order rownum="2430"><OrderID>10365</OrderID><CustomerID>ANTO</CustomerID><EmployeeID>3</EmployeeID><OrderDate>1996-11-27T00:00:00+01:00</OrderDate><RequiredDate>1996-12-25T00:00:00+01:00</RequiredDate><ShippedDate>1996-12-02T00:00:00+01:00</ShippedDate><ShipVia>2</ShipVia><Freight>22</Freight><ShipName>Antonio Moreno Taquería</ShipName><ShipAddress>Mataderos  2312</ShipAddress><ShipCity>México D.F.</ShipCity><ShipPostalCode>05023</ShipPostalCode><ShipCountry>Mexico</ShipCountry></Order>