<?xml version="1.0" encoding="UTF-8"?>
<Order rownum="2789"><OrderID>10724</OrderID><CustomerID>MEREP</CustomerID><EmployeeID>8</EmployeeID><OrderDate>1997-10-30T00:00:00+01:00</OrderDate><RequiredDate>1997-12-11T00:00:00+01:00</RequiredDate><ShippedDate>1997-11-05T00:00:00+01:00</ShippedDate><ShipVia>2</ShipVia><Freight>57.75</Freight><ShipName>Mère Paillarde</ShipName><ShipAddress>43 rue St. Laurent</ShipAddress><ShipCity>Montréal</ShipCity><ShipRegion>Québec</ShipRegion><ShipPostalCode>H1J 1C3</ShipPostalCode><ShipCountry>Canada</ShipCountry></Order>