<?xml version="1.0" encoding="UTF-8"?>
<Order rownum="2503"><OrderID>10438</OrderID><CustomerID>TOMSP</CustomerID><EmployeeID>3</EmployeeID><OrderDate>1997-02-06T00:00:00+01:00</OrderDate><RequiredDate>1997-03-06T00:00:00+01:00</RequiredDate><ShippedDate>1997-02-14T00:00:00+01:00</ShippedDate><ShipVia>2</ShipVia><Freight>8.24</Freight><ShipName>Toms Spezialitäte</ShipName><ShipAddress>Luisenstr. 48</ShipAddress><ShipCity>Münster</ShipCity><ShipPostalCode>44087</ShipPostalCode><ShipCountry>Germany</ShipCountry></Order>