<?xml version="1.0" encoding="UTF-8"?>
<Order rownum="2340"><OrderID>10275</OrderID><CustomerID>MAGAA</CustomerID><EmployeeID>1</EmployeeID><OrderDate>1996-08-07T00:00:00+02:00</OrderDate><RequiredDate>1996-09-04T00:00:00+02:00</RequiredDate><ShippedDate>1996-08-09T00:00:00+02:00</ShippedDate><ShipVia>1</ShipVia><Freight>26.93</Freight><ShipName>Magazzini Alimentari Riuniti</ShipName><ShipAddress>Via Ludovico il Moro 22</ShipAddress><ShipCity>Bergamo</ShipCity><ShipPostalCode>24100</ShipPostalCode><ShipCountry>Italy</ShipCountry></Order>