<?xml version="1.0" encoding="UTF-8"?>
<Order rownum="2394"><OrderID>10329</OrderID><CustomerID>SPLIR</CustomerID><EmployeeID>4</EmployeeID><OrderDate>1996-10-15T00:00:00+02:00</OrderDate><RequiredDate>1996-11-26T00:00:00+01:00</RequiredDate><ShippedDate>1996-10-23T00:00:00+02:00</ShippedDate><ShipVia>2</ShipVia><Freight>191.67</Freight><ShipName>Split Rail Beer &amp; Ale</ShipName><ShipAddress>P.O. Box 555</ShipAddress><ShipCity>Lander</ShipCity><ShipRegion>WY</ShipRegion><ShipPostalCode>82520</ShipPostalCode><ShipCountry>USA</ShipCountry></Order>