<?xml version="1.0" encoding="UTF-8"?>
<Order rownum="2738"><OrderID>10673</OrderID><CustomerID>WILMK</CustomerID><EmployeeID>2</EmployeeID><OrderDate>1997-09-18T00:00:00+02:00</OrderDate><RequiredDate>1997-10-16T00:00:00+02:00</RequiredDate><ShippedDate>1997-09-19T00:00:00+02:00</ShippedDate><ShipVia>1</ShipVia><Freight>22.76</Freight><ShipName>Wilman Kala</ShipName><ShipAddress>Keskuskatu 45</ShipAddress><ShipCity>Helsinki</ShipCity><ShipPostalCode>21240</ShipPostalCode><ShipCountry>Finland</ShipCountry></Order>