<?xml version="1.0" encoding="UTF-8"?>
<Order rownum="2572"><OrderID>10507</OrderID><CustomerID>ANTO</CustomerID><EmployeeID>7</EmployeeID><OrderDate>1997-04-15T00:00:00+02:00</OrderDate><RequiredDate>1997-05-13T00:00:00+02:00</RequiredDate><ShippedDate>1997-04-22T00:00:00+02:00</ShippedDate><ShipVia>1</ShipVia><Freight>47.45</Freight><ShipName>Antonio Moreno Taquería</ShipName><ShipAddress>Mataderos  2312</ShipAddress><ShipCity>México D.F.</ShipCity><ShipPostalCode>05023</ShipPostalCode><ShipCountry>Mexico</ShipCountry></Order>