<?xml version="1.0" encoding="UTF-8"?>
<Order rownum="2719"><OrderID>10654</OrderID><CustomerID>BERGS</CustomerID><EmployeeID>5</EmployeeID><OrderDate>1997-09-02T00:00:00+02:00</OrderDate><RequiredDate>1997-09-30T00:00:00+02:00</RequiredDate><ShippedDate>1997-09-11T00:00:00+02:00</ShippedDate><ShipVia>1</ShipVia><Freight>55.26</Freight><ShipName>Berglunds snabbköp</ShipName><ShipAddress>Berguvsvägen  8</ShipAddress><ShipCity>Luleå</ShipCity><ShipPostalCode>S-958 22</ShipPostalCode><ShipCountry>Swede</ShipCountry></Order>