<?xml version="1.0" encoding="UTF-8"?>
<Order rownum="2348"><OrderID>10283</OrderID><CustomerID>LILAS</CustomerID><EmployeeID>3</EmployeeID><OrderDate>1996-08-16T00:00:00+02:00</OrderDate><RequiredDate>1996-09-13T00:00:00+02:00</RequiredDate><ShippedDate>1996-08-23T00:00:00+02:00</ShippedDate><ShipVia>3</ShipVia><Freight>84.81</Freight><ShipName>LILA-Supermercado</ShipName><ShipAddress>Carrera 52 con Ave. Bolívar #65-98 Llano Largo</ShipAddress><ShipCity>Barquisimeto</ShipCity><ShipRegion>Lara</ShipRegion><ShipPostalCode>3508</ShipPostalCode><ShipCountry>Venezuela</ShipCountry></Order>