<?xml version="1.0" encoding="UTF-8"?>
<Order rownum="2377"><OrderID>10312</OrderID><CustomerID>WANDK</CustomerID><EmployeeID>2</EmployeeID><OrderDate>1996-09-23T00:00:00+02:00</OrderDate><RequiredDate>1996-10-21T00:00:00+02:00</RequiredDate><ShippedDate>1996-10-03T00:00:00+02:00</ShippedDate><ShipVia>2</ShipVia><Freight>40.26</Freight><ShipName>Die Wandernde Kuh</ShipName><ShipAddress>Adenauerallee 900</ShipAddress><ShipCity>Stuttgart</ShipCity><ShipPostalCode>70563</ShipPostalCode><ShipCountry>Germany</ShipCountry></Order>