<?xml version="1.0" encoding="UTF-8"?>
<Order rownum="2759"><OrderID>10694</OrderID><CustomerID>QUICK</CustomerID><EmployeeID>8</EmployeeID><OrderDate>1997-10-06T00:00:00+02:00</OrderDate><RequiredDate>1997-11-03T00:00:00+01:00</RequiredDate><ShippedDate>1997-10-09T00:00:00+02:00</ShippedDate><ShipVia>3</ShipVia><Freight>398.36</Freight><ShipName>QUICK-Stop</ShipName><ShipAddress>Taucherstraße 10</ShipAddress><ShipCity>Cunewalde</ShipCity><ShipPostalCode>01307</ShipPostalCode><ShipCountry>Germany</ShipCountry></Order>