<?xml version="1.0" encoding="UTF-8"?>
<Order rownum="2597"><OrderID>10532</OrderID><CustomerID>EASTC</CustomerID><EmployeeID>7</EmployeeID><OrderDate>1997-05-09T00:00:00+02:00</OrderDate><RequiredDate>1997-06-06T00:00:00+02:00</RequiredDate><ShippedDate>1997-05-12T00:00:00+02:00</ShippedDate><ShipVia>3</ShipVia><Freight>74.46</Freight><ShipName>Eastern Connectio</ShipName><ShipAddress>35 King George</ShipAddress><ShipCity>Londo</ShipCity><ShipPostalCode>WX3 6FW</ShipPostalCode><ShipCountry>UK</ShipCountry></Order>