<?xml version="1.0" encoding="UTF-8"?>
<Order rownum="2606"><OrderID>10541</OrderID><CustomerID>HANAR</CustomerID><EmployeeID>2</EmployeeID><OrderDate>1997-05-19T00:00:00+02:00</OrderDate><RequiredDate>1997-06-16T00:00:00+02:00</RequiredDate><ShippedDate>1997-05-29T00:00:00+02:00</ShippedDate><ShipVia>1</ShipVia><Freight>68.65</Freight><ShipName>Hanari Carnes</ShipName><ShipAddress>Rua do Paço, 67</ShipAddress><ShipCity>Rio de Janeiro</ShipCity><ShipRegion>RJ</ShipRegion><ShipPostalCode>05454-876</ShipPostalCode><ShipCountry>Brazil</ShipCountry></Order>