<?xml version="1.0" encoding="UTF-8"?>
<Order rownum="2688"><OrderID>10623</OrderID><CustomerID>FRANK</CustomerID><EmployeeID>8</EmployeeID><OrderDate>1997-08-07T00:00:00+02:00</OrderDate><RequiredDate>1997-09-04T00:00:00+02:00</RequiredDate><ShippedDate>1997-08-12T00:00:00+02:00</ShippedDate><ShipVia>2</ShipVia><Freight>97.18</Freight><ShipName>Frankenversand</ShipName><ShipAddress>Berliner Platz 43</ShipAddress><ShipCity>Münche</ShipCity><ShipPostalCode>80805</ShipPostalCode><ShipCountry>Germany</ShipCountry></Order>