<?xml version="1.0" encoding="UTF-8"?>
<Order rownum="2676"><OrderID>10611</OrderID><CustomerID>WOLZA</CustomerID><EmployeeID>6</EmployeeID><OrderDate>1997-07-25T00:00:00+02:00</OrderDate><RequiredDate>1997-08-22T00:00:00+02:00</RequiredDate><ShippedDate>1997-08-01T00:00:00+02:00</ShippedDate><ShipVia>2</ShipVia><Freight>80.65</Freight><ShipName>Wolski Zajazd</ShipName><ShipAddress>ul. Filtrowa 68</ShipAddress><ShipCity>Warszawa</ShipCity><ShipPostalCode>01-012</ShipPostalCode><ShipCountry>Poland</ShipCountry></Order>