<?xml version="1.0" encoding="UTF-8"?>
<Order rownum="2560"><OrderID>10495</OrderID><CustomerID>LAUGB</CustomerID><EmployeeID>3</EmployeeID><OrderDate>1997-04-03T00:00:00+02:00</OrderDate><RequiredDate>1997-05-01T00:00:00+02:00</RequiredDate><ShippedDate>1997-04-11T00:00:00+02:00</ShippedDate><ShipVia>3</ShipVia><Freight>4.65</Freight><ShipName>Laughing Bacchus Wine Cellars</ShipName><ShipAddress>2319 Elm St.</ShipAddress><ShipCity>Vancouver</ShipCity><ShipRegion>BC</ShipRegion><ShipPostalCode>V3F 2K1</ShipPostalCode><ShipCountry>Canada</ShipCountry></Order>