<?xml version="1.0" encoding="UTF-8"?>
<Order rownum="2330"><OrderID>10265</OrderID><CustomerID>BLONP</CustomerID><EmployeeID>2</EmployeeID><OrderDate>1996-07-25T00:00:00+02:00</OrderDate><RequiredDate>1996-08-22T00:00:00+02:00</RequiredDate><ShippedDate>1996-08-12T00:00:00+02:00</ShippedDate><ShipVia>1</ShipVia><Freight>55.28</Freight><ShipName>Blondel père et fils</ShipName><ShipAddress>24, place Kléber</ShipAddress><ShipCity>Strasbourg</ShipCity><ShipPostalCode>67000</ShipPostalCode><ShipCountry>France</ShipCountry></Order>