<?xml version="1.0" encoding="UTF-8"?>
<Order rownum="2450"><OrderID>10385</OrderID><CustomerID>SPLIR</CustomerID><EmployeeID>1</EmployeeID><OrderDate>1996-12-17T00:00:00+01:00</OrderDate><RequiredDate>1997-01-14T00:00:00+01:00</RequiredDate><ShippedDate>1996-12-23T00:00:00+01:00</ShippedDate><ShipVia>2</ShipVia><Freight>30.96</Freight><ShipName>Split Rail Beer &amp; Ale</ShipName><ShipAddress>P.O. Box 555</ShipAddress><ShipCity>Lander</ShipCity><ShipRegion>WY</ShipRegion><ShipPostalCode>82520</ShipPostalCode><ShipCountry>USA</ShipCountry></Order>