<?xml version="1.0" encoding="UTF-8"?>
<Order rownum="2372"><OrderID>10307</OrderID><CustomerID>LONEP</CustomerID><EmployeeID>2</EmployeeID><OrderDate>1996-09-17T00:00:00+02:00</OrderDate><RequiredDate>1996-10-15T00:00:00+02:00</RequiredDate><ShippedDate>1996-09-25T00:00:00+02:00</ShippedDate><ShipVia>2</ShipVia><Freight>0.56</Freight><ShipName>Lonesome Pine Restaurant</ShipName><ShipAddress>89 Chiaroscuro Rd.</ShipAddress><ShipCity>Portland</ShipCity><ShipRegion>OR</ShipRegion><ShipPostalCode>97219</ShipPostalCode><ShipCountry>USA</ShipCountry></Order>