<?xml version="1.0" encoding="UTF-8"?>
<Order rownum="2694"><OrderID>10629</OrderID><CustomerID>GODOS</CustomerID><EmployeeID>4</EmployeeID><OrderDate>1997-08-12T00:00:00+02:00</OrderDate><RequiredDate>1997-09-09T00:00:00+02:00</RequiredDate><ShippedDate>1997-08-20T00:00:00+02:00</ShippedDate><ShipVia>3</ShipVia><Freight>85.46</Freight><ShipName>Godos Cocina Típica</ShipName><ShipAddress>C/ Romero, 33</ShipAddress><ShipCity>Sevilla</ShipCity><ShipPostalCode>41101</ShipPostalCode><ShipCountry>Spai</ShipCountry></Order>