<?xml version="1.0" encoding="UTF-8"?>
<Order rownum="2550"><OrderID>10485</OrderID><CustomerID>LINOD</CustomerID><EmployeeID>4</EmployeeID><OrderDate>1997-03-25T00:00:00+01:00</OrderDate><RequiredDate>1997-04-08T00:00:00+02:00</RequiredDate><ShippedDate>1997-03-31T00:00:00+02:00</ShippedDate><ShipVia>2</ShipVia><Freight>64.45</Freight><ShipName>LINO-Delicateses</ShipName><ShipAddress>Ave. 5 de Mayo Porlamar</ShipAddress><ShipCity>I. de Margarita</ShipCity><ShipRegion>Nueva Esparta</ShipRegion><ShipPostalCode>4980</ShipPostalCode><ShipCountry>Venezuela</ShipCountry></Order>