<?xml version="1.0" encoding="UTF-8"?>
<Order rownum="2696"><OrderID>10631</OrderID><CustomerID>LAMAI</CustomerID><EmployeeID>8</EmployeeID><OrderDate>1997-08-14T00:00:00+02:00</OrderDate><RequiredDate>1997-09-11T00:00:00+02:00</RequiredDate><ShippedDate>1997-08-15T00:00:00+02:00</ShippedDate><ShipVia>1</ShipVia><Freight>0.87</Freight><ShipName>La maison d'Asie</ShipName><ShipAddress>1 rue Alsace-Lorraine</ShipAddress><ShipCity>Toulouse</ShipCity><ShipPostalCode>31000</ShipPostalCode><ShipCountry>France</ShipCountry></Order>