<?xml version="1.0" encoding="UTF-8"?>
<Order rownum="2525"><OrderID>10460</OrderID><CustomerID>FOLKO</CustomerID><EmployeeID>8</EmployeeID><OrderDate>1997-02-28T00:00:00+01:00</OrderDate><RequiredDate>1997-03-28T00:00:00+01:00</RequiredDate><ShippedDate>1997-03-03T00:00:00+01:00</ShippedDate><ShipVia>1</ShipVia><Freight>16.27</Freight><ShipName>Folk och fä HB</ShipName><ShipAddress>Åkergatan 24</ShipAddress><ShipCity>Bräcke</ShipCity><ShipPostalCode>S-844 67</ShipPostalCode><ShipCountry>Swede</ShipCountry></Order>