<?xml version="1.0" encoding="UTF-8"?>
<Order rownum="2402"><OrderID>10337</OrderID><CustomerID>FRANK</CustomerID><EmployeeID>4</EmployeeID><OrderDate>1996-10-24T00:00:00+02:00</OrderDate><RequiredDate>1996-11-21T00:00:00+01:00</RequiredDate><ShippedDate>1996-10-29T00:00:00+01:00</ShippedDate><ShipVia>3</ShipVia><Freight>108.26</Freight><ShipName>Frankenversand</ShipName><ShipAddress>Berliner Platz 43</ShipAddress><ShipCity>Münche</ShipCity><ShipPostalCode>80805</ShipPostalCode><ShipCountry>Germany</ShipCountry></Order>