<?xml version="1.0" encoding="UTF-8"?>
<Order rownum="2773"><OrderID>10708</OrderID><CustomerID>THEBI</CustomerID><EmployeeID>6</EmployeeID><OrderDate>1997-10-17T00:00:00+02:00</OrderDate><RequiredDate>1997-11-28T00:00:00+01:00</RequiredDate><ShippedDate>1997-11-05T00:00:00+01:00</ShippedDate><ShipVia>2</ShipVia><Freight>2.96</Freight><ShipName>The Big Cheese</ShipName><ShipAddress>89 Jefferson Way Suite 2</ShipAddress><ShipCity>Portland</ShipCity><ShipRegion>OR</ShipRegion><ShipPostalCode>97201</ShipPostalCode><ShipCountry>USA</ShipCountry></Order>