<?xml version="1.0" encoding="UTF-8"?>
<Order rownum="2465"><OrderID>10400</OrderID><CustomerID>EASTC</CustomerID><EmployeeID>1</EmployeeID><OrderDate>1997-01-01T00:00:00+01:00</OrderDate><RequiredDate>1997-01-29T00:00:00+01:00</RequiredDate><ShippedDate>1997-01-16T00:00:00+01:00</ShippedDate><ShipVia>3</ShipVia><Freight>83.93</Freight><ShipName>Eastern Connectio</ShipName><ShipAddress>35 King George</ShipAddress><ShipCity>Londo</ShipCity><ShipPostalCode>WX3 6FW</ShipPostalCode><ShipCountry>UK</ShipCountry></Order>