<?xml version="1.0" encoding="UTF-8"?>
<Order rownum="2775"><OrderID>10710</OrderID><CustomerID>FRANS</CustomerID><EmployeeID>1</EmployeeID><OrderDate>1997-10-20T00:00:00+02:00</OrderDate><RequiredDate>1997-11-17T00:00:00+01:00</RequiredDate><ShippedDate>1997-10-23T00:00:00+02:00</ShippedDate><ShipVia>1</ShipVia><Freight>4.98</Freight><ShipName>Franchi S.p.A.</ShipName><ShipAddress>Via Monte Bianco 34</ShipAddress><ShipCity>Torino</ShipCity><ShipPostalCode>10100</ShipPostalCode><ShipCountry>Italy</ShipCountry></Order>