<?xml version="1.0" encoding="UTF-8"?>
<Order rownum="2542"><OrderID>10477</OrderID><CustomerID>PRINI</CustomerID><EmployeeID>5</EmployeeID><OrderDate>1997-03-17T00:00:00+01:00</OrderDate><RequiredDate>1997-04-14T00:00:00+02:00</RequiredDate><ShippedDate>1997-03-25T00:00:00+01:00</ShippedDate><ShipVia>2</ShipVia><Freight>13.02</Freight><ShipName>Princesa Isabel Vinhos</ShipName><ShipAddress>Estrada da saúde n. 58</ShipAddress><ShipCity>Lisboa</ShipCity><ShipPostalCode>1756</ShipPostalCode><ShipCountry>Portugal</ShipCountry></Order>