<?xml version="1.0" encoding="UTF-8"?>
<Order rownum="2477"><OrderID>10412</OrderID><CustomerID>WARTH</CustomerID><EmployeeID>8</EmployeeID><OrderDate>1997-01-13T00:00:00+01:00</OrderDate><RequiredDate>1997-02-10T00:00:00+01:00</RequiredDate><ShippedDate>1997-01-15T00:00:00+01:00</ShippedDate><ShipVia>2</ShipVia><Freight>3.77</Freight><ShipName>Wartian Herkku</ShipName><ShipAddress>Torikatu 38</ShipAddress><ShipCity>Oulu</ShipCity><ShipPostalCode>90110</ShipPostalCode><ShipCountry>Finland</ShipCountry></Order>