<?xml version="1.0" encoding="UTF-8"?>
<Order rownum="2615"><OrderID>10550</OrderID><CustomerID>GODOS</CustomerID><EmployeeID>7</EmployeeID><OrderDate>1997-05-28T00:00:00+02:00</OrderDate><RequiredDate>1997-06-25T00:00:00+02:00</RequiredDate><ShippedDate>1997-06-06T00:00:00+02:00</ShippedDate><ShipVia>3</ShipVia><Freight>4.32</Freight><ShipName>Godos Cocina Típica</ShipName><ShipAddress>C/ Romero, 33</ShipAddress><ShipCity>Sevilla</ShipCity><ShipPostalCode>41101</ShipPostalCode><ShipCountry>Spai</ShipCountry></Order>