<?xml version="1.0" encoding="UTF-8"?>
<Order rownum="2478"><OrderID>10413</OrderID><CustomerID>LAMAI</CustomerID><EmployeeID>3</EmployeeID><OrderDate>1997-01-14T00:00:00+01:00</OrderDate><RequiredDate>1997-02-11T00:00:00+01:00</RequiredDate><ShippedDate>1997-01-16T00:00:00+01:00</ShippedDate><ShipVia>2</ShipVia><Freight>95.66</Freight><ShipName>La maison d'Asie</ShipName><ShipAddress>1 rue Alsace-Lorraine</ShipAddress><ShipCity>Toulouse</ShipCity><ShipPostalCode>31000</ShipPostalCode><ShipCountry>France</ShipCountry></Order>