<?xml version="1.0" encoding="UTF-8"?>
<Order rownum="2470"><OrderID>10405</OrderID><CustomerID>LINOD</CustomerID><EmployeeID>1</EmployeeID><OrderDate>1997-01-06T00:00:00+01:00</OrderDate><RequiredDate>1997-02-03T00:00:00+01:00</RequiredDate><ShippedDate>1997-01-22T00:00:00+01:00</ShippedDate><ShipVia>1</ShipVia><Freight>34.82</Freight><ShipName>LINO-Delicateses</ShipName><ShipAddress>Ave. 5 de Mayo Porlamar</ShipAddress><ShipCity>I. de Margarita</ShipCity><ShipRegion>Nueva Esparta</ShipRegion><ShipPostalCode>4980</ShipPostalCode><ShipCountry>Venezuela</ShipCountry></Order>