<?xml version="1.0" encoding="UTF-8"?>
<Order rownum="2741"><OrderID>10676</OrderID><CustomerID>TORTU</CustomerID><EmployeeID>2</EmployeeID><OrderDate>1997-09-22T00:00:00+02:00</OrderDate><RequiredDate>1997-10-20T00:00:00+02:00</RequiredDate><ShippedDate>1997-09-29T00:00:00+02:00</ShippedDate><ShipVia>2</ShipVia><Freight>2.01</Freight><ShipName>Tortuga Restaurante</ShipName><ShipAddress>Avda. Azteca 123</ShipAddress><ShipCity>México D.F.</ShipCity><ShipPostalCode>05033</ShipPostalCode><ShipCountry>Mexico</ShipCountry></Order>