<?xml version="1.0" encoding="UTF-8"?>
<Order rownum="2659"><OrderID>10594</OrderID><CustomerID>OLDWO</CustomerID><EmployeeID>3</EmployeeID><OrderDate>1997-07-09T00:00:00+02:00</OrderDate><RequiredDate>1997-08-06T00:00:00+02:00</RequiredDate><ShippedDate>1997-07-16T00:00:00+02:00</ShippedDate><ShipVia>2</ShipVia><Freight>5.24</Freight><ShipName>Old World Delicatesse</ShipName><ShipAddress>2743 Bering St.</ShipAddress><ShipCity>Anchorage</ShipCity><ShipRegion>AK</ShipRegion><ShipPostalCode>99508</ShipPostalCode><ShipCountry>USA</ShipCountry></Order>