<?xml version="1.0" encoding="UTF-8"?>
<Order rownum="2510"><OrderID>10445</OrderID><CustomerID>BERGS</CustomerID><EmployeeID>3</EmployeeID><OrderDate>1997-02-13T00:00:00+01:00</OrderDate><RequiredDate>1997-03-13T00:00:00+01:00</RequiredDate><ShippedDate>1997-02-20T00:00:00+01:00</ShippedDate><ShipVia>1</ShipVia><Freight>9.3</Freight><ShipName>Berglunds snabbköp</ShipName><ShipAddress>Berguvsvägen  8</ShipAddress><ShipCity>Luleå</ShipCity><ShipPostalCode>S-958 22</ShipPostalCode><ShipCountry>Swede</ShipCountry></Order>