<?xml version="1.0" encoding="UTF-8"?>
<Order rownum="2472"><OrderID>10407</OrderID><CustomerID>OTTIK</CustomerID><EmployeeID>2</EmployeeID><OrderDate>1997-01-07T00:00:00+01:00</OrderDate><RequiredDate>1997-02-04T00:00:00+01:00</RequiredDate><ShippedDate>1997-01-30T00:00:00+01:00</ShippedDate><ShipVia>2</ShipVia><Freight>91.48</Freight><ShipName>Ottilies Käselade</ShipName><ShipAddress>Mehrheimerstr. 369</ShipAddress><ShipCity>Köl</ShipCity><ShipPostalCode>50739</ShipPostalCode><ShipCountry>Germany</ShipCountry></Order>