<?xml version="1.0" encoding="UTF-8"?>
<Order rownum="2703"><OrderID>10638</OrderID><CustomerID>LINOD</CustomerID><EmployeeID>3</EmployeeID><OrderDate>1997-08-20T00:00:00+02:00</OrderDate><RequiredDate>1997-09-17T00:00:00+02:00</RequiredDate><ShippedDate>1997-09-01T00:00:00+02:00</ShippedDate><ShipVia>1</ShipVia><Freight>158.44</Freight><ShipName>LINO-Delicateses</ShipName><ShipAddress>Ave. 5 de Mayo Porlamar</ShipAddress><ShipCity>I. de Margarita</ShipCity><ShipRegion>Nueva Esparta</ShipRegion><ShipPostalCode>4980</ShipPostalCode><ShipCountry>Venezuela</ShipCountry></Order>