<?xml version="1.0" encoding="UTF-8"?>
<Order rownum="2536"><OrderID>10471</OrderID><CustomerID>BSBEV</CustomerID><EmployeeID>2</EmployeeID><OrderDate>1997-03-11T00:00:00+01:00</OrderDate><RequiredDate>1997-04-08T00:00:00+02:00</RequiredDate><ShippedDate>1997-03-18T00:00:00+01:00</ShippedDate><ShipVia>3</ShipVia><Freight>45.59</Freight><ShipName>B's Beverages</ShipName><ShipAddress>Fauntleroy Circus</ShipAddress><ShipCity>Londo</ShipCity><ShipPostalCode>EC2 5NT</ShipPostalCode><ShipCountry>UK</ShipCountry></Order>