<?xml version="1.0" encoding="UTF-8"?>
<Order rownum="2443"><OrderID>10378</OrderID><CustomerID>FOLKO</CustomerID><EmployeeID>5</EmployeeID><OrderDate>1996-12-10T00:00:00+01:00</OrderDate><RequiredDate>1997-01-07T00:00:00+01:00</RequiredDate><ShippedDate>1996-12-19T00:00:00+01:00</ShippedDate><ShipVia>3</ShipVia><Freight>5.44</Freight><ShipName>Folk och fä HB</ShipName><ShipAddress>Åkergatan 24</ShipAddress><ShipCity>Bräcke</ShipCity><ShipPostalCode>S-844 67</ShipPostalCode><ShipCountry>Swede</ShipCountry></Order>