<?xml version="1.0" encoding="UTF-8"?>
<Order rownum="2438"><OrderID>10373</OrderID><CustomerID>HUNGO</CustomerID><EmployeeID>4</EmployeeID><OrderDate>1996-12-05T00:00:00+01:00</OrderDate><RequiredDate>1997-01-02T00:00:00+01:00</RequiredDate><ShippedDate>1996-12-11T00:00:00+01:00</ShippedDate><ShipVia>3</ShipVia><Freight>124.12</Freight><ShipName>Hungry Owl All-Night Grocers</ShipName><ShipAddress>8 Johnstown Road</ShipAddress><ShipCity>Cork</ShipCity><ShipRegion>Co. Cork</ShipRegion><ShipCountry>Ireland</ShipCountry></Order>