<?xml version="1.0" encoding="UTF-8"?>
<Order rownum="2389"><OrderID>10324</OrderID><CustomerID>SAVEA</CustomerID><EmployeeID>9</EmployeeID><OrderDate>1996-10-08T00:00:00+02:00</OrderDate><RequiredDate>1996-11-05T00:00:00+01:00</RequiredDate><ShippedDate>1996-10-10T00:00:00+02:00</ShippedDate><ShipVia>1</ShipVia><Freight>214.27</Freight><ShipName>Save-a-lot Markets</ShipName><ShipAddress>187 Suffolk Ln.</ShipAddress><ShipCity>Boise</ShipCity><ShipRegion>ID</ShipRegion><ShipPostalCode>83720</ShipPostalCode><ShipCountry>USA</ShipCountry></Order>