<?xml version="1.0" encoding="UTF-8"?>
<Order rownum="2518"><OrderID>10453</OrderID><CustomerID>AROUT</CustomerID><EmployeeID>1</EmployeeID><OrderDate>1997-02-21T00:00:00+01:00</OrderDate><RequiredDate>1997-03-21T00:00:00+01:00</RequiredDate><ShippedDate>1997-02-26T00:00:00+01:00</ShippedDate><ShipVia>2</ShipVia><Freight>25.36</Freight><ShipName>Around the Hor</ShipName><ShipAddress>Brook Farm Stratford St. Mary</ShipAddress><ShipCity>Colchester</ShipCity><ShipRegion>Essex</ShipRegion><ShipPostalCode>CO7 6JX</ShipPostalCode><ShipCountry>UK</ShipCountry></Order>