<?xml version="1.0" encoding="UTF-8"?>
<Order rownum="2714"><OrderID>10649</OrderID><CustomerID>MAISD</CustomerID><EmployeeID>5</EmployeeID><OrderDate>1997-08-28T00:00:00+02:00</OrderDate><RequiredDate>1997-09-25T00:00:00+02:00</RequiredDate><ShippedDate>1997-08-29T00:00:00+02:00</ShippedDate><ShipVia>3</ShipVia><Freight>6.2</Freight><ShipName>Maison Dewey</ShipName><ShipAddress>Rue Joseph-Bens 532</ShipAddress><ShipCity>Bruxelles</ShipCity><ShipPostalCode>B-1180</ShipPostalCode><ShipCountry>Belgium</ShipCountry></Order>