<?xml version="1.0" encoding="UTF-8"?>
<Order rownum="2798"><OrderID>10733</OrderID><CustomerID>BERGS</CustomerID><EmployeeID>1</EmployeeID><OrderDate>1997-11-07T00:00:00+01:00</OrderDate><RequiredDate>1997-12-05T00:00:00+01:00</RequiredDate><ShippedDate>1997-11-10T00:00:00+01:00</ShippedDate><ShipVia>3</ShipVia><Freight>110.11</Freight><ShipName>Berglunds snabbköp</ShipName><ShipAddress>Berguvsvägen  8</ShipAddress><ShipCity>Luleå</ShipCity><ShipPostalCode>S-958 22</ShipPostalCode><ShipCountry>Swede</ShipCountry></Order>