<?xml version="1.0" encoding="UTF-8"?>
<Order rownum="2384"><OrderID>10319</OrderID><CustomerID>TORTU</CustomerID><EmployeeID>7</EmployeeID><OrderDate>1996-10-02T00:00:00+02:00</OrderDate><RequiredDate>1996-10-30T00:00:00+01:00</RequiredDate><ShippedDate>1996-10-11T00:00:00+02:00</ShippedDate><ShipVia>3</ShipVia><Freight>64.5</Freight><ShipName>Tortuga Restaurante</ShipName><ShipAddress>Avda. Azteca 123</ShipAddress><ShipCity>México D.F.</ShipCity><ShipPostalCode>05033</ShipPostalCode><ShipCountry>Mexico</ShipCountry></Order>