<?xml version="1.0" encoding="UTF-8"?>
<Order rownum="2634"><OrderID>10569</OrderID><CustomerID>RATTC</CustomerID><EmployeeID>5</EmployeeID><OrderDate>1997-06-16T00:00:00+02:00</OrderDate><RequiredDate>1997-07-14T00:00:00+02:00</RequiredDate><ShippedDate>1997-07-11T00:00:00+02:00</ShippedDate><ShipVia>1</ShipVia><Freight>58.98</Freight><ShipName>Rattlesnake Canyon Grocery</ShipName><ShipAddress>2817 Milton Dr.</ShipAddress><ShipCity>Albuquerque</ShipCity><ShipRegion>NM</ShipRegion><ShipPostalCode>87110</ShipPostalCode><ShipCountry>USA</ShipCountry></Order>