<?xml version="1.0" encoding="UTF-8"?>
<Order rownum="2625"><OrderID>10560</OrderID><CustomerID>FRANK</CustomerID><EmployeeID>8</EmployeeID><OrderDate>1997-06-06T00:00:00+02:00</OrderDate><RequiredDate>1997-07-04T00:00:00+02:00</RequiredDate><ShippedDate>1997-06-09T00:00:00+02:00</ShippedDate><ShipVia>1</ShipVia><Freight>36.65</Freight><ShipName>Frankenversand</ShipName><ShipAddress>Berliner Platz 43</ShipAddress><ShipCity>Münche</ShipCity><ShipPostalCode>80805</ShipPostalCode><ShipCountry>Germany</ShipCountry></Order>