<?xml version="1.0" encoding="UTF-8"?>
<Order rownum="2515"><OrderID>10450</OrderID><CustomerID>VICTE</CustomerID><EmployeeID>8</EmployeeID><OrderDate>1997-02-19T00:00:00+01:00</OrderDate><RequiredDate>1997-03-19T00:00:00+01:00</RequiredDate><ShippedDate>1997-03-11T00:00:00+01:00</ShippedDate><ShipVia>2</ShipVia><Freight>7.23</Freight><ShipName>Victuailles en stock</ShipName><ShipAddress>2, rue du Commerce</ShipAddress><ShipCity>Lyo</ShipCity><ShipPostalCode>69004</ShipPostalCode><ShipCountry>France</ShipCountry></Order>