<?xml version="1.0" encoding="UTF-8"?>
<Order rownum="2413"><OrderID>10348</OrderID><CustomerID>WANDK</CustomerID><EmployeeID>4</EmployeeID><OrderDate>1996-11-07T00:00:00+01:00</OrderDate><RequiredDate>1996-12-05T00:00:00+01:00</RequiredDate><ShippedDate>1996-11-15T00:00:00+01:00</ShippedDate><ShipVia>2</ShipVia><Freight>0.78</Freight><ShipName>Die Wandernde Kuh</ShipName><ShipAddress>Adenauerallee 900</ShipAddress><ShipCity>Stuttgart</ShipCity><ShipPostalCode>70563</ShipPostalCode><ShipCountry>Germany</ShipCountry></Order>