<?xml version="1.0" encoding="UTF-8"?>
<Order rownum="2728"><OrderID>10663</OrderID><CustomerID>BONAP</CustomerID><EmployeeID>2</EmployeeID><OrderDate>1997-09-10T00:00:00+02:00</OrderDate><RequiredDate>1997-09-24T00:00:00+02:00</RequiredDate><ShippedDate>1997-10-03T00:00:00+02:00</ShippedDate><ShipVia>2</ShipVia><Freight>113.15</Freight><ShipName>Bon app'</ShipName><ShipAddress>12, rue des Bouchers</ShipAddress><ShipCity>Marseille</ShipCity><ShipPostalCode>13008</ShipPostalCode><ShipCountry>France</ShipCountry></Order>