<?xml version="1.0" encoding="UTF-8"?>
<Order rownum="2811"><OrderID>10746</OrderID><CustomerID>CHOPS</CustomerID><EmployeeID>1</EmployeeID><OrderDate>1997-11-19T00:00:00+01:00</OrderDate><RequiredDate>1997-12-17T00:00:00+01:00</RequiredDate><ShippedDate>1997-11-21T00:00:00+01:00</ShippedDate><ShipVia>3</ShipVia><Freight>31.43</Freight><ShipName>Chop-suey Chinese</ShipName><ShipAddress>Hauptstr. 31</ShipAddress><ShipCity>Ber</ShipCity><ShipPostalCode>3012</ShipPostalCode><ShipCountry>Switzerland</ShipCountry></Order>