<?xml version="1.0" encoding="UTF-8"?>
<Order rownum="2762"><OrderID>10697</OrderID><CustomerID>LINOD</CustomerID><EmployeeID>3</EmployeeID><OrderDate>1997-10-08T00:00:00+02:00</OrderDate><RequiredDate>1997-11-05T00:00:00+01:00</RequiredDate><ShippedDate>1997-10-14T00:00:00+02:00</ShippedDate><ShipVia>1</ShipVia><Freight>45.52</Freight><ShipName>LINO-Delicateses</ShipName><ShipAddress>Ave. 5 de Mayo Porlamar</ShipAddress><ShipCity>I. de Margarita</ShipCity><ShipRegion>Nueva Esparta</ShipRegion><ShipPostalCode>4980</ShipPostalCode><ShipCountry>Venezuela</ShipCountry></Order>