<?xml version="1.0" encoding="UTF-8"?>
<Order rownum="2467"><OrderID>10402</OrderID><CustomerID>ERNSH</CustomerID><EmployeeID>8</EmployeeID><OrderDate>1997-01-02T00:00:00+01:00</OrderDate><RequiredDate>1997-02-13T00:00:00+01:00</RequiredDate><ShippedDate>1997-01-10T00:00:00+01:00</ShippedDate><ShipVia>2</ShipVia><Freight>67.88</Freight><ShipName>Ernst Handel</ShipName><ShipAddress>Kirchgasse 6</ShipAddress><ShipCity>Graz</ShipCity><ShipPostalCode>8010</ShipPostalCode><ShipCountry>Austria</ShipCountry></Order>