<?xml version="1.0" encoding="UTF-8"?>
<Order rownum="2451"><OrderID>10386</OrderID><CustomerID>FAMIA</CustomerID><EmployeeID>9</EmployeeID><OrderDate>1996-12-18T00:00:00+01:00</OrderDate><RequiredDate>1997-01-01T00:00:00+01:00</RequiredDate><ShippedDate>1996-12-25T00:00:00+01:00</ShippedDate><ShipVia>3</ShipVia><Freight>13.99</Freight><ShipName>Familia Arquibaldo</ShipName><ShipAddress>Rua Orós, 92</ShipAddress><ShipCity>Sao Paulo</ShipCity><ShipRegion>SP</ShipRegion><ShipPostalCode>05442-030</ShipPostalCode><ShipCountry>Brazil</ShipCountry></Order>