<?xml version="1.0" encoding="UTF-8"?>
<Order rownum="2664"><OrderID>10599</OrderID><CustomerID>BSBEV</CustomerID><EmployeeID>6</EmployeeID><OrderDate>1997-07-15T00:00:00+02:00</OrderDate><RequiredDate>1997-08-26T00:00:00+02:00</RequiredDate><ShippedDate>1997-07-21T00:00:00+02:00</ShippedDate><ShipVia>3</ShipVia><Freight>29.98</Freight><ShipName>B's Beverages</ShipName><ShipAddress>Fauntleroy Circus</ShipAddress><ShipCity>Londo</ShipCity><ShipPostalCode>EC2 5NT</ShipPostalCode><ShipCountry>UK</ShipCountry></Order>