<?xml version="1.0" encoding="UTF-8"?>
<Order rownum="2553"><OrderID>10488</OrderID><CustomerID>FRANK</CustomerID><EmployeeID>8</EmployeeID><OrderDate>1997-03-27T00:00:00+01:00</OrderDate><RequiredDate>1997-04-24T00:00:00+02:00</RequiredDate><ShippedDate>1997-04-02T00:00:00+02:00</ShippedDate><ShipVia>2</ShipVia><Freight>4.93</Freight><ShipName>Frankenversand</ShipName><ShipAddress>Berliner Platz 43</ShipAddress><ShipCity>Münche</ShipCity><ShipPostalCode>80805</ShipPostalCode><ShipCountry>Germany</ShipCountry></Order>