<?xml version="1.0" encoding="UTF-8"?>
<Order rownum="2781"><OrderID>10716</OrderID><CustomerID>RANCH</CustomerID><EmployeeID>4</EmployeeID><OrderDate>1997-10-24T00:00:00+02:00</OrderDate><RequiredDate>1997-11-21T00:00:00+01:00</RequiredDate><ShippedDate>1997-10-27T00:00:00+01:00</ShippedDate><ShipVia>2</ShipVia><Freight>22.57</Freight><ShipName>Rancho grande</ShipName><ShipAddress>Av. del Libertador 900</ShipAddress><ShipCity>Buenos Aires</ShipCity><ShipPostalCode>1010</ShipPostalCode><ShipCountry>Argentina</ShipCountry></Order>