<?xml version="1.0" encoding="UTF-8"?>
<Order rownum="2379"><OrderID>10314</OrderID><CustomerID>RATTC</CustomerID><EmployeeID>1</EmployeeID><OrderDate>1996-09-25T00:00:00+02:00</OrderDate><RequiredDate>1996-10-23T00:00:00+02:00</RequiredDate><ShippedDate>1996-10-04T00:00:00+02:00</ShippedDate><ShipVia>2</ShipVia><Freight>74.16</Freight><ShipName>Rattlesnake Canyon Grocery</ShipName><ShipAddress>2817 Milton Dr.</ShipAddress><ShipCity>Albuquerque</ShipCity><ShipRegion>NM</ShipRegion><ShipPostalCode>87110</ShipPostalCode><ShipCountry>USA</ShipCountry></Order>