<?xml version="1.0" encoding="UTF-8"?>
<Order rownum="2452"><OrderID>10387</OrderID><CustomerID>SANTG</CustomerID><EmployeeID>1</EmployeeID><OrderDate>1996-12-18T00:00:00+01:00</OrderDate><RequiredDate>1997-01-15T00:00:00+01:00</RequiredDate><ShippedDate>1996-12-20T00:00:00+01:00</ShippedDate><ShipVia>2</ShipVia><Freight>93.63</Freight><ShipName>Santé Gourmet</ShipName><ShipAddress>Erling Skakkes gate 78</ShipAddress><ShipCity>Staver</ShipCity><ShipPostalCode>4110</ShipPostalCode><ShipCountry>Norway</ShipCountry></Order>