<?xml version="1.0" encoding="UTF-8"?>
<Order rownum="2325"><OrderID>10260</OrderID><CustomerID>OTTIK</CustomerID><EmployeeID>4</EmployeeID><OrderDate>1996-07-19T00:00:00+02:00</OrderDate><RequiredDate>1996-08-16T00:00:00+02:00</RequiredDate><ShippedDate>1996-07-29T00:00:00+02:00</ShippedDate><ShipVia>1</ShipVia><Freight>55.09</Freight><ShipName>Ottilies Käseladen</ShipName><ShipAddress>Mehrheimerstr. 369</ShipAddress><ShipCity>Köln</ShipCity><ShipPostalCode>50739</ShipPostalCode><ShipCountry>Germany</ShipCountry></Order>