<?xml version="1.0" encoding="UTF-8"?>
<Order rownum="2726"><OrderID>10661</OrderID><CustomerID>HUNGO</CustomerID><EmployeeID>7</EmployeeID><OrderDate>1997-09-09T00:00:00+02:00</OrderDate><RequiredDate>1997-10-07T00:00:00+02:00</RequiredDate><ShippedDate>1997-09-15T00:00:00+02:00</ShippedDate><ShipVia>3</ShipVia><Freight>17.55</Freight><ShipName>Hungry Owl All-Night Grocers</ShipName><ShipAddress>8 Johnstown Road</ShipAddress><ShipCity>Cork</ShipCity><ShipRegion>Co. Cork</ShipRegion><ShipCountry>Ireland</ShipCountry></Order>