<?xml version="1.0" encoding="UTF-8"?>
<Order rownum="2429"><OrderID>10364</OrderID><CustomerID>EASTC</CustomerID><EmployeeID>1</EmployeeID><OrderDate>1996-11-26T00:00:00+01:00</OrderDate><RequiredDate>1997-01-07T00:00:00+01:00</RequiredDate><ShippedDate>1996-12-04T00:00:00+01:00</ShippedDate><ShipVia>1</ShipVia><Freight>71.97</Freight><ShipName>Eastern Connectio</ShipName><ShipAddress>35 King George</ShipAddress><ShipCity>Londo</ShipCity><ShipPostalCode>WX3 6FW</ShipPostalCode><ShipCountry>UK</ShipCountry></Order>