<?xml version="1.0" encoding="UTF-8"?>
<Order rownum="2808"><OrderID>10743</OrderID><CustomerID>AROUT</CustomerID><EmployeeID>1</EmployeeID><OrderDate>1997-11-17T00:00:00+01:00</OrderDate><RequiredDate>1997-12-15T00:00:00+01:00</RequiredDate><ShippedDate>1997-11-21T00:00:00+01:00</ShippedDate><ShipVia>2</ShipVia><Freight>23.72</Freight><ShipName>Around the Hor</ShipName><ShipAddress>Brook Farm Stratford St. Mary</ShipAddress><ShipCity>Colchester</ShipCity><ShipRegion>Essex</ShipRegion><ShipPostalCode>CO7 6JX</ShipPostalCode><ShipCountry>UK</ShipCountry></Order>