<?xml version="1.0" encoding="UTF-8"?>
<Order rownum="2662"><OrderID>10597</OrderID><CustomerID>PICCO</CustomerID><EmployeeID>7</EmployeeID><OrderDate>1997-07-11T00:00:00+02:00</OrderDate><RequiredDate>1997-08-08T00:00:00+02:00</RequiredDate><ShippedDate>1997-07-18T00:00:00+02:00</ShippedDate><ShipVia>3</ShipVia><Freight>35.12</Freight><ShipName>Piccolo und mehr</ShipName><ShipAddress>Geislweg 14</ShipAddress><ShipCity>Salzburg</ShipCity><ShipPostalCode>5020</ShipPostalCode><ShipCountry>Austria</ShipCountry></Order>