<?xml version="1.0" encoding="UTF-8"?>
<Order rownum="2795"><OrderID>10730</OrderID><CustomerID>BONAP</CustomerID><EmployeeID>5</EmployeeID><OrderDate>1997-11-05T00:00:00+01:00</OrderDate><RequiredDate>1997-12-03T00:00:00+01:00</RequiredDate><ShippedDate>1997-11-14T00:00:00+01:00</ShippedDate><ShipVia>1</ShipVia><Freight>20.12</Freight><ShipName>Bon app'</ShipName><ShipAddress>12, rue des Bouchers</ShipAddress><ShipCity>Marseille</ShipCity><ShipPostalCode>13008</ShipPostalCode><ShipCountry>France</ShipCountry></Order>