<?xml version="1.0" encoding="UTF-8"?>
<Order rownum="2768"><OrderID>10703</OrderID><CustomerID>FOLKO</CustomerID><EmployeeID>6</EmployeeID><OrderDate>1997-10-14T00:00:00+02:00</OrderDate><RequiredDate>1997-11-11T00:00:00+01:00</RequiredDate><ShippedDate>1997-10-20T00:00:00+02:00</ShippedDate><ShipVia>2</ShipVia><Freight>152.3</Freight><ShipName>Folk och fä HB</ShipName><ShipAddress>Åkergatan 24</ShipAddress><ShipCity>Bräcke</ShipCity><ShipPostalCode>S-844 67</ShipPostalCode><ShipCountry>Swede</ShipCountry></Order>