<?xml version="1.0" encoding="UTF-8"?>
<Order rownum="2407"><OrderID>10342</OrderID><CustomerID>FRANK</CustomerID><EmployeeID>4</EmployeeID><OrderDate>1996-10-30T00:00:00+01:00</OrderDate><RequiredDate>1996-11-13T00:00:00+01:00</RequiredDate><ShippedDate>1996-11-04T00:00:00+01:00</ShippedDate><ShipVia>2</ShipVia><Freight>54.83</Freight><ShipName>Frankenversand</ShipName><ShipAddress>Berliner Platz 43</ShipAddress><ShipCity>Münche</ShipCity><ShipPostalCode>80805</ShipPostalCode><ShipCountry>Germany</ShipCountry></Order>