<?xml version="1.0" encoding="UTF-8"?>
<Order rownum="2395"><OrderID>10330</OrderID><CustomerID>LILAS</CustomerID><EmployeeID>3</EmployeeID><OrderDate>1996-10-16T00:00:00+02:00</OrderDate><RequiredDate>1996-11-13T00:00:00+01:00</RequiredDate><ShippedDate>1996-10-28T00:00:00+01:00</ShippedDate><ShipVia>1</ShipVia><Freight>12.75</Freight><ShipName>LILA-Supermercado</ShipName><ShipAddress>Carrera 52 con Ave. Bolívar #65-98 Llano Largo</ShipAddress><ShipCity>Barquisimeto</ShipCity><ShipRegion>Lara</ShipRegion><ShipPostalCode>3508</ShipPostalCode><ShipCountry>Venezuela</ShipCountry></Order>