<?xml version="1.0" encoding="UTF-8"?>
<Order rownum="2514"><OrderID>10449</OrderID><CustomerID>BLONP</CustomerID><EmployeeID>3</EmployeeID><OrderDate>1997-02-18T00:00:00+01:00</OrderDate><RequiredDate>1997-03-18T00:00:00+01:00</RequiredDate><ShippedDate>1997-02-27T00:00:00+01:00</ShippedDate><ShipVia>2</ShipVia><Freight>53.3</Freight><ShipName>Blondel père et fils</ShipName><ShipAddress>24, place Kléber</ShipAddress><ShipCity>Strasbourg</ShipCity><ShipPostalCode>67000</ShipPostalCode><ShipCountry>France</ShipCountry></Order>