<?xml version="1.0" encoding="UTF-8"?>
<Order rownum="2710"><OrderID>10645</OrderID><CustomerID>HANAR</CustomerID><EmployeeID>4</EmployeeID><OrderDate>1997-08-26T00:00:00+02:00</OrderDate><RequiredDate>1997-09-23T00:00:00+02:00</RequiredDate><ShippedDate>1997-09-02T00:00:00+02:00</ShippedDate><ShipVia>1</ShipVia><Freight>12.41</Freight><ShipName>Hanari Carnes</ShipName><ShipAddress>Rua do Paço, 67</ShipAddress><ShipCity>Rio de Janeiro</ShipCity><ShipRegion>RJ</ShipRegion><ShipPostalCode>05454-876</ShipPostalCode><ShipCountry>Brazil</ShipCountry></Order>