<?xml version="1.0" encoding="UTF-8"?>
<Order rownum="2594"><OrderID>10529</OrderID><CustomerID>MAISD</CustomerID><EmployeeID>5</EmployeeID><OrderDate>1997-05-07T00:00:00+02:00</OrderDate><RequiredDate>1997-06-04T00:00:00+02:00</RequiredDate><ShippedDate>1997-05-09T00:00:00+02:00</ShippedDate><ShipVia>2</ShipVia><Freight>66.69</Freight><ShipName>Maison Dewey</ShipName><ShipAddress>Rue Joseph-Bens 532</ShipAddress><ShipCity>Bruxelles</ShipCity><ShipPostalCode>B-1180</ShipPostalCode><ShipCountry>Belgium</ShipCountry></Order>