<?xml version="1.0" encoding="UTF-8"?>
<Order rownum="2436"><OrderID>10371</OrderID><CustomerID>LAMAI</CustomerID><EmployeeID>1</EmployeeID><OrderDate>1996-12-03T00:00:00+01:00</OrderDate><RequiredDate>1996-12-31T00:00:00+01:00</RequiredDate><ShippedDate>1996-12-24T00:00:00+01:00</ShippedDate><ShipVia>1</ShipVia><Freight>0.45</Freight><ShipName>La maison d'Asie</ShipName><ShipAddress>1 rue Alsace-Lorraine</ShipAddress><ShipCity>Toulouse</ShipCity><ShipPostalCode>31000</ShipPostalCode><ShipCountry>France</ShipCountry></Order>