<?xml version="1.0" encoding="UTF-8"?>
<Order rownum="2774"><OrderID>10709</OrderID><CustomerID>GOURL</CustomerID><EmployeeID>1</EmployeeID><OrderDate>1997-10-17T00:00:00+02:00</OrderDate><RequiredDate>1997-11-14T00:00:00+01:00</RequiredDate><ShippedDate>1997-11-20T00:00:00+01:00</ShippedDate><ShipVia>3</ShipVia><Freight>210.8</Freight><ShipName>Gourmet Lanchonetes</ShipName><ShipAddress>Av. Brasil, 442</ShipAddress><ShipCity>Campinas</ShipCity><ShipRegion>SP</ShipRegion><ShipPostalCode>04876-786</ShipPostalCode><ShipCountry>Brazil</ShipCountry></Order>