<?xml version="1.0" encoding="UTF-8"?>
<Order rownum="2345"><OrderID>10280</OrderID><CustomerID>BERGS</CustomerID><EmployeeID>2</EmployeeID><OrderDate>1996-08-14T00:00:00+02:00</OrderDate><RequiredDate>1996-09-11T00:00:00+02:00</RequiredDate><ShippedDate>1996-09-12T00:00:00+02:00</ShippedDate><ShipVia>1</ShipVia><Freight>8.98</Freight><ShipName>Berglunds snabbköp</ShipName><ShipAddress>Berguvsvägen  8</ShipAddress><ShipCity>Luleå</ShipCity><ShipPostalCode>S-958 22</ShipPostalCode><ShipCountry>Swede</ShipCountry></Order>