<?xml version="1.0" encoding="UTF-8"?>
<Order rownum="2342"><OrderID>10277</OrderID><CustomerID>MORGK</CustomerID><EmployeeID>2</EmployeeID><OrderDate>1996-08-09T00:00:00+02:00</OrderDate><RequiredDate>1996-09-06T00:00:00+02:00</RequiredDate><ShippedDate>1996-08-13T00:00:00+02:00</ShippedDate><ShipVia>3</ShipVia><Freight>125.77</Freight><ShipName>Morgenstern Gesundkost</ShipName><ShipAddress>Heerstr. 22</ShipAddress><ShipCity>Leipzig</ShipCity><ShipPostalCode>04179</ShipPostalCode><ShipCountry>Germany</ShipCountry></Order>