<?xml version="1.0" encoding="UTF-8"?>
<Order rownum="2319"><OrderID>10254</OrderID><CustomerID>CHOPS</CustomerID><EmployeeID>5</EmployeeID><OrderDate>1996-07-11T00:00:00+02:00</OrderDate><RequiredDate>1996-08-08T00:00:00+02:00</RequiredDate><ShippedDate>1996-07-23T00:00:00+02:00</ShippedDate><ShipVia>2</ShipVia><Freight>22.98</Freight><ShipName>Chop-suey Chinese</ShipName><ShipAddress>Hauptstr. 31</ShipAddress><ShipCity>Bern</ShipCity><ShipPostalCode>3012</ShipPostalCode><ShipCountry>Switzerland</ShipCountry></Order>