<?xml version="1.0" encoding="UTF-8"?>
<Order rownum="2317"><OrderID>10252</OrderID><CustomerID>SUPRD</CustomerID><EmployeeID>4</EmployeeID><OrderDate>1996-07-09T00:00:00+02:00</OrderDate><RequiredDate>1996-08-06T00:00:00+02:00</RequiredDate><ShippedDate>1996-07-11T00:00:00+02:00</ShippedDate><ShipVia>2</ShipVia><Freight>51.3</Freight><ShipName>Suprêmes délices</ShipName><ShipAddress>Boulevard Tirou, 255</ShipAddress><ShipCity>Charleroi</ShipCity><ShipPostalCode>B-6000</ShipPostalCode><ShipCountry>Belgium</ShipCountry></Order>