<?xml version="1.0" encoding="UTF-8"?>
<Order rownum="2807"><OrderID>10742</OrderID><CustomerID>BOTTM</CustomerID><EmployeeID>3</EmployeeID><OrderDate>1997-11-14T00:00:00+01:00</OrderDate><RequiredDate>1997-12-12T00:00:00+01:00</RequiredDate><ShippedDate>1997-11-18T00:00:00+01:00</ShippedDate><ShipVia>3</ShipVia><Freight>243.73</Freight><ShipName>Bottom-Dollar Markets</ShipName><ShipAddress>23 Tsawassen Blvd.</ShipAddress><ShipCity>Tsawasse</ShipCity><ShipRegion>BC</ShipRegion><ShipPostalCode>T2F 8M4</ShipPostalCode><ShipCountry>Canada</ShipCountry></Order>