<?xml version="1.0" encoding="UTF-8"?>
<Order rownum="2361"><OrderID>10296</OrderID><CustomerID>LILAS</CustomerID><EmployeeID>6</EmployeeID><OrderDate>1996-09-03T00:00:00+02:00</OrderDate><RequiredDate>1996-10-01T00:00:00+02:00</RequiredDate><ShippedDate>1996-09-11T00:00:00+02:00</ShippedDate><ShipVia>1</ShipVia><Freight>0.12</Freight><ShipName>LILA-Supermercado</ShipName><ShipAddress>Carrera 52 con Ave. Bolívar #65-98 Llano Largo</ShipAddress><ShipCity>Barquisimeto</ShipCity><ShipRegion>Lara</ShipRegion><ShipPostalCode>3508</ShipPostalCode><ShipCountry>Venezuela</ShipCountry></Order>