<?xml version="1.0" encoding="UTF-8"?>
<Order rownum="2788"><OrderID>10723</OrderID><CustomerID>WHITC</CustomerID><EmployeeID>3</EmployeeID><OrderDate>1997-10-30T00:00:00+01:00</OrderDate><RequiredDate>1997-11-27T00:00:00+01:00</RequiredDate><ShippedDate>1997-11-25T00:00:00+01:00</ShippedDate><ShipVia>1</ShipVia><Freight>21.72</Freight><ShipName>White Clover Markets</ShipName><ShipAddress>1029 - 12th Ave. S.</ShipAddress><ShipCity>Seattle</ShipCity><ShipRegion>WA</ShipRegion><ShipPostalCode>98124</ShipPostalCode><ShipCountry>USA</ShipCountry></Order>