<?xml version="1.0" encoding="UTF-8"?>
<Order rownum="2723"><OrderID>10658</OrderID><CustomerID>QUICK</CustomerID><EmployeeID>4</EmployeeID><OrderDate>1997-09-05T00:00:00+02:00</OrderDate><RequiredDate>1997-10-03T00:00:00+02:00</RequiredDate><ShippedDate>1997-09-08T00:00:00+02:00</ShippedDate><ShipVia>1</ShipVia><Freight>364.15</Freight><ShipName>QUICK-Stop</ShipName><ShipAddress>Taucherstraße 10</ShipAddress><ShipCity>Cunewalde</ShipCity><ShipPostalCode>01307</ShipPostalCode><ShipCountry>Germany</ShipCountry></Order>