<?xml version="1.0" encoding="UTF-8"?>
<Order rownum="2604"><OrderID>10539</OrderID><CustomerID>BSBEV</CustomerID><EmployeeID>6</EmployeeID><OrderDate>1997-05-16T00:00:00+02:00</OrderDate><RequiredDate>1997-06-13T00:00:00+02:00</RequiredDate><ShippedDate>1997-05-23T00:00:00+02:00</ShippedDate><ShipVia>3</ShipVia><Freight>12.36</Freight><ShipName>B's Beverages</ShipName><ShipAddress>Fauntleroy Circus</ShipAddress><ShipCity>Londo</ShipCity><ShipPostalCode>EC2 5NT</ShipPostalCode><ShipCountry>UK</ShipCountry></Order>