<?xml version="1.0" encoding="UTF-8"?>
<Order rownum="2403"><OrderID>10338</OrderID><CustomerID>OLDWO</CustomerID><EmployeeID>4</EmployeeID><OrderDate>1996-10-25T00:00:00+02:00</OrderDate><RequiredDate>1996-11-22T00:00:00+01:00</RequiredDate><ShippedDate>1996-10-29T00:00:00+01:00</ShippedDate><ShipVia>3</ShipVia><Freight>84.21</Freight><ShipName>Old World Delicatesse</ShipName><ShipAddress>2743 Bering St.</ShipAddress><ShipCity>Anchorage</ShipCity><ShipRegion>AK</ShipRegion><ShipPostalCode>99508</ShipPostalCode><ShipCountry>USA</ShipCountry></Order>