<?xml version="1.0" encoding="UTF-8"?>
<Order rownum="2516"><OrderID>10451</OrderID><CustomerID>QUICK</CustomerID><EmployeeID>4</EmployeeID><OrderDate>1997-02-19T00:00:00+01:00</OrderDate><RequiredDate>1997-03-05T00:00:00+01:00</RequiredDate><ShippedDate>1997-03-12T00:00:00+01:00</ShippedDate><ShipVia>3</ShipVia><Freight>189.09</Freight><ShipName>QUICK-Stop</ShipName><ShipAddress>Taucherstraße 10</ShipAddress><ShipCity>Cunewalde</ShipCity><ShipPostalCode>01307</ShipPostalCode><ShipCountry>Germany</ShipCountry></Order>