<?xml version="1.0" encoding="UTF-8"?>
<Order rownum="2489"><OrderID>10424</OrderID><CustomerID>MEREP</CustomerID><EmployeeID>7</EmployeeID><OrderDate>1997-01-23T00:00:00+01:00</OrderDate><RequiredDate>1997-02-20T00:00:00+01:00</RequiredDate><ShippedDate>1997-01-27T00:00:00+01:00</ShippedDate><ShipVia>2</ShipVia><Freight>370.61</Freight><ShipName>Mère Paillarde</ShipName><ShipAddress>43 rue St. Laurent</ShipAddress><ShipCity>Montréal</ShipCity><ShipRegion>Québec</ShipRegion><ShipPostalCode>H1J 1C3</ShipPostalCode><ShipCountry>Canada</ShipCountry></Order>