<?xml version="1.0" encoding="UTF-8"?>
<Order rownum="2628"><OrderID>10563</OrderID><CustomerID>RICAR</CustomerID><EmployeeID>2</EmployeeID><OrderDate>1997-06-10T00:00:00+02:00</OrderDate><RequiredDate>1997-07-22T00:00:00+02:00</RequiredDate><ShippedDate>1997-06-24T00:00:00+02:00</ShippedDate><ShipVia>2</ShipVia><Freight>60.43</Freight><ShipName>Ricardo Adocicados</ShipName><ShipAddress>Av. Copacabana, 267</ShipAddress><ShipCity>Rio de Janeiro</ShipCity><ShipRegion>RJ</ShipRegion><ShipPostalCode>02389-890</ShipPostalCode><ShipCountry>Brazil</ShipCountry></Order>