<?xml version="1.0" encoding="UTF-8"?>
<Order rownum="2421"><OrderID>10356</OrderID><CustomerID>WANDK</CustomerID><EmployeeID>6</EmployeeID><OrderDate>1996-11-18T00:00:00+01:00</OrderDate><RequiredDate>1996-12-16T00:00:00+01:00</RequiredDate><ShippedDate>1996-11-27T00:00:00+01:00</ShippedDate><ShipVia>2</ShipVia><Freight>36.71</Freight><ShipName>Die Wandernde Kuh</ShipName><ShipAddress>Adenauerallee 900</ShipAddress><ShipCity>Stuttgart</ShipCity><ShipPostalCode>70563</ShipPostalCode><ShipCountry>Germany</ShipCountry></Order>