<?xml version="1.0" encoding="UTF-8"?>
<Order rownum="2343"><OrderID>10278</OrderID><CustomerID>BERGS</CustomerID><EmployeeID>8</EmployeeID><OrderDate>1996-08-12T00:00:00+02:00</OrderDate><RequiredDate>1996-09-09T00:00:00+02:00</RequiredDate><ShippedDate>1996-08-16T00:00:00+02:00</ShippedDate><ShipVia>2</ShipVia><Freight>92.69</Freight><ShipName>Berglunds snabbköp</ShipName><ShipAddress>Berguvsvägen  8</ShipAddress><ShipCity>Luleå</ShipCity><ShipPostalCode>S-958 22</ShipPostalCode><ShipCountry>Swede</ShipCountry></Order>