<?xml version="1.0" encoding="UTF-8"?>
<Order rownum="2772"><OrderID>10707</OrderID><CustomerID>AROUT</CustomerID><EmployeeID>4</EmployeeID><OrderDate>1997-10-16T00:00:00+02:00</OrderDate><RequiredDate>1997-10-30T00:00:00+01:00</RequiredDate><ShippedDate>1997-10-23T00:00:00+02:00</ShippedDate><ShipVia>3</ShipVia><Freight>21.74</Freight><ShipName>Around the Hor</ShipName><ShipAddress>Brook Farm Stratford St. Mary</ShipAddress><ShipCity>Colchester</ShipCity><ShipRegion>Essex</ShipRegion><ShipPostalCode>CO7 6JX</ShipPostalCode><ShipCountry>UK</ShipCountry></Order>