<?xml version="1.0" encoding="UTF-8"?>
<Order rownum="2543"><OrderID>10478</OrderID><CustomerID>VICTE</CustomerID><EmployeeID>2</EmployeeID><OrderDate>1997-03-18T00:00:00+01:00</OrderDate><RequiredDate>1997-04-01T00:00:00+02:00</RequiredDate><ShippedDate>1997-03-26T00:00:00+01:00</ShippedDate><ShipVia>3</ShipVia><Freight>4.81</Freight><ShipName>Victuailles en stock</ShipName><ShipAddress>2, rue du Commerce</ShipAddress><ShipCity>Lyo</ShipCity><ShipPostalCode>69004</ShipPostalCode><ShipCountry>France</ShipCountry></Order>