<?xml version="1.0" encoding="UTF-8"?>
<Order rownum="2707"><OrderID>10642</OrderID><CustomerID>SIMOB</CustomerID><EmployeeID>7</EmployeeID><OrderDate>1997-08-22T00:00:00+02:00</OrderDate><RequiredDate>1997-09-19T00:00:00+02:00</RequiredDate><ShippedDate>1997-09-05T00:00:00+02:00</ShippedDate><ShipVia>3</ShipVia><Freight>41.89</Freight><ShipName>Simons bistro</ShipName><ShipAddress>Vinbæltet 34</ShipAddress><ShipCity>Kobenhav</ShipCity><ShipPostalCode>1734</ShipPostalCode><ShipCountry>Denmark</ShipCountry></Order>