<?xml version="1.0" encoding="UTF-8"?>
<Order rownum="2779"><OrderID>10714</OrderID><CustomerID>SAVEA</CustomerID><EmployeeID>5</EmployeeID><OrderDate>1997-10-22T00:00:00+02:00</OrderDate><RequiredDate>1997-11-19T00:00:00+01:00</RequiredDate><ShippedDate>1997-10-27T00:00:00+01:00</ShippedDate><ShipVia>3</ShipVia><Freight>24.49</Freight><ShipName>Save-a-lot Markets</ShipName><ShipAddress>187 Suffolk Ln.</ShipAddress><ShipCity>Boise</ShipCity><ShipRegion>ID</ShipRegion><ShipPostalCode>83720</ShipPostalCode><ShipCountry>USA</ShipCountry></Order>