<?xml version="1.0" encoding="UTF-8"?>
<Order rownum="2777"><OrderID>10712</OrderID><CustomerID>HUNGO</CustomerID><EmployeeID>3</EmployeeID><OrderDate>1997-10-21T00:00:00+02:00</OrderDate><RequiredDate>1997-11-18T00:00:00+01:00</RequiredDate><ShippedDate>1997-10-31T00:00:00+01:00</ShippedDate><ShipVia>1</ShipVia><Freight>89.93</Freight><ShipName>Hungry Owl All-Night Grocers</ShipName><ShipAddress>8 Johnstown Road</ShipAddress><ShipCity>Cork</ShipCity><ShipRegion>Co. Cork</ShipRegion><ShipCountry>Ireland</ShipCountry></Order>