<?xml version="1.0" encoding="UTF-8"?>
<Order rownum="2790"><OrderID>10725</OrderID><CustomerID>FAMIA</CustomerID><EmployeeID>4</EmployeeID><OrderDate>1997-10-31T00:00:00+01:00</OrderDate><RequiredDate>1997-11-28T00:00:00+01:00</RequiredDate><ShippedDate>1997-11-05T00:00:00+01:00</ShippedDate><ShipVia>3</ShipVia><Freight>10.83</Freight><ShipName>Familia Arquibaldo</ShipName><ShipAddress>Rua Orós, 92</ShipAddress><ShipCity>Sao Paulo</ShipCity><ShipRegion>SP</ShipRegion><ShipPostalCode>05442-030</ShipPostalCode><ShipCountry>Brazil</ShipCountry></Order>