<?xml version="1.0" encoding="UTF-8"?>
<Order rownum="2623"><OrderID>10558</OrderID><CustomerID>AROUT</CustomerID><EmployeeID>1</EmployeeID><OrderDate>1997-06-04T00:00:00+02:00</OrderDate><RequiredDate>1997-07-02T00:00:00+02:00</RequiredDate><ShippedDate>1997-06-10T00:00:00+02:00</ShippedDate><ShipVia>2</ShipVia><Freight>72.97</Freight><ShipName>Around the Hor</ShipName><ShipAddress>Brook Farm Stratford St. Mary</ShipAddress><ShipCity>Colchester</ShipCity><ShipRegion>Essex</ShipRegion><ShipPostalCode>CO7 6JX</ShipPostalCode><ShipCountry>UK</ShipCountry></Order>