<?xml version="1.0" encoding="UTF-8"?>
<Order rownum="2767"><OrderID>10702</OrderID><CustomerID>ALFKI</CustomerID><EmployeeID>4</EmployeeID><OrderDate>1997-10-13T00:00:00+02:00</OrderDate><RequiredDate>1997-11-24T00:00:00+01:00</RequiredDate><ShippedDate>1997-10-21T00:00:00+02:00</ShippedDate><ShipVia>1</ShipVia><Freight>23.94</Freight><ShipName>Alfred's Futterkiste</ShipName><ShipAddress>Obere Str. 57</ShipAddress><ShipCity>Berli</ShipCity><ShipPostalCode>12209</ShipPostalCode><ShipCountry>Germany</ShipCountry></Order>