<?xml version="1.0" encoding="UTF-8"?>
<Order rownum="2469"><OrderID>10404</OrderID><CustomerID>MAGAA</CustomerID><EmployeeID>2</EmployeeID><OrderDate>1997-01-03T00:00:00+01:00</OrderDate><RequiredDate>1997-01-31T00:00:00+01:00</RequiredDate><ShippedDate>1997-01-08T00:00:00+01:00</ShippedDate><ShipVia>1</ShipVia><Freight>155.97</Freight><ShipName>Magazzini Alimentari Riuniti</ShipName><ShipAddress>Via Ludovico il Moro 22</ShipAddress><ShipCity>Bergamo</ShipCity><ShipPostalCode>24100</ShipPostalCode><ShipCountry>Italy</ShipCountry></Order>