<?xml version="1.0" encoding="UTF-8"?>
<Order rownum="2603"><OrderID>10538</OrderID><CustomerID>BSBEV</CustomerID><EmployeeID>9</EmployeeID><OrderDate>1997-05-15T00:00:00+02:00</OrderDate><RequiredDate>1997-06-12T00:00:00+02:00</RequiredDate><ShippedDate>1997-05-16T00:00:00+02:00</ShippedDate><ShipVia>3</ShipVia><Freight>4.87</Freight><ShipName>B's Beverages</ShipName><ShipAddress>Fauntleroy Circus</ShipAddress><ShipCity>Londo</ShipCity><ShipPostalCode>EC2 5NT</ShipPostalCode><ShipCountry>UK</ShipCountry></Order>