<?xml version="1.0" encoding="UTF-8"?>
<Order rownum="2541"><OrderID>10476</OrderID><CustomerID>HILAA</CustomerID><EmployeeID>8</EmployeeID><OrderDate>1997-03-17T00:00:00+01:00</OrderDate><RequiredDate>1997-04-14T00:00:00+02:00</RequiredDate><ShippedDate>1997-03-24T00:00:00+01:00</ShippedDate><ShipVia>3</ShipVia><Freight>4.41</Freight><ShipName>HILARION-Abastos</ShipName><ShipAddress>Carrera 22 con Ave. Carlos Soublette #8-35</ShipAddress><ShipCity>San Cristóbal</ShipCity><ShipRegion>Táchira</ShipRegion><ShipPostalCode>5022</ShipPostalCode><ShipCountry>Venezuela</ShipCountry></Order>