<?xml version="1.0" encoding="UTF-8"?>
<Order rownum="2383"><OrderID>10318</OrderID><CustomerID>ISLAT</CustomerID><EmployeeID>8</EmployeeID><OrderDate>1996-10-01T00:00:00+02:00</OrderDate><RequiredDate>1996-10-29T00:00:00+01:00</RequiredDate><ShippedDate>1996-10-04T00:00:00+02:00</ShippedDate><ShipVia>2</ShipVia><Freight>4.73</Freight><ShipName>Island Trading</ShipName><ShipAddress>Garden House Crowther Way</ShipAddress><ShipCity>Cowes</ShipCity><ShipRegion>Isle of Wight</ShipRegion><ShipPostalCode>PO31 7PJ</ShipPostalCode><ShipCountry>UK</ShipCountry></Order>