<?xml version="1.0" encoding="UTF-8"?>
<Order rownum="2746"><OrderID>10681</OrderID><CustomerID>GREAL</CustomerID><EmployeeID>3</EmployeeID><OrderDate>1997-09-25T00:00:00+02:00</OrderDate><RequiredDate>1997-10-23T00:00:00+02:00</RequiredDate><ShippedDate>1997-09-30T00:00:00+02:00</ShippedDate><ShipVia>3</ShipVia><Freight>76.13</Freight><ShipName>Great Lakes Food Market</ShipName><ShipAddress>2732 Baker Blvd.</ShipAddress><ShipCity>Eugene</ShipCity><ShipRegion>OR</ShipRegion><ShipPostalCode>97403</ShipPostalCode><ShipCountry>USA</ShipCountry></Order>