<?xml version="1.0" encoding="UTF-8"?>
<Order rownum="2480"><OrderID>10415</OrderID><CustomerID>HUNGC</CustomerID><EmployeeID>3</EmployeeID><OrderDate>1997-01-15T00:00:00+01:00</OrderDate><RequiredDate>1997-02-12T00:00:00+01:00</RequiredDate><ShippedDate>1997-01-24T00:00:00+01:00</ShippedDate><ShipVia>1</ShipVia><Freight>0.2</Freight><ShipName>Hungry Coyote Import Store</ShipName><ShipAddress>City Center Plaza 516 Main St.</ShipAddress><ShipCity>Elgi</ShipCity><ShipRegion>OR</ShipRegion><ShipPostalCode>97827</ShipPostalCode><ShipCountry>USA</ShipCountry></Order>