<?xml version="1.0" encoding="UTF-8"?>
<Order rownum="2364"><OrderID>10299</OrderID><CustomerID>RICAR</CustomerID><EmployeeID>4</EmployeeID><OrderDate>1996-09-06T00:00:00+02:00</OrderDate><RequiredDate>1996-10-04T00:00:00+02:00</RequiredDate><ShippedDate>1996-09-13T00:00:00+02:00</ShippedDate><ShipVia>2</ShipVia><Freight>29.76</Freight><ShipName>Ricardo Adocicados</ShipName><ShipAddress>Av. Copacabana, 267</ShipAddress><ShipCity>Rio de Janeiro</ShipCity><ShipRegion>RJ</ShipRegion><ShipPostalCode>02389-890</ShipPostalCode><ShipCountry>Brazil</ShipCountry></Order>