<?xml version="1.0" encoding="UTF-8"?>
<Order rownum="2727"><OrderID>10662</OrderID><CustomerID>LONEP</CustomerID><EmployeeID>3</EmployeeID><OrderDate>1997-09-09T00:00:00+02:00</OrderDate><RequiredDate>1997-10-07T00:00:00+02:00</RequiredDate><ShippedDate>1997-09-18T00:00:00+02:00</ShippedDate><ShipVia>2</ShipVia><Freight>1.28</Freight><ShipName>Lonesome Pine Restaurant</ShipName><ShipAddress>89 Chiaroscuro Rd.</ShipAddress><ShipCity>Portland</ShipCity><ShipRegion>OR</ShipRegion><ShipPostalCode>97219</ShipPostalCode><ShipCountry>USA</ShipCountry></Order>