<?xml version="1.0" encoding="UTF-8"?>
<Order rownum="2490"><OrderID>10425</OrderID><CustomerID>LAMAI</CustomerID><EmployeeID>6</EmployeeID><OrderDate>1997-01-24T00:00:00+01:00</OrderDate><RequiredDate>1997-02-21T00:00:00+01:00</RequiredDate><ShippedDate>1997-02-14T00:00:00+01:00</ShippedDate><ShipVia>2</ShipVia><Freight>7.93</Freight><ShipName>La maison d'Asie</ShipName><ShipAddress>1 rue Alsace-Lorraine</ShipAddress><ShipCity>Toulouse</ShipCity><ShipPostalCode>31000</ShipPostalCode><ShipCountry>France</ShipCountry></Order>