<?xml version="1.0" encoding="UTF-8"?>
<Order rownum="2563"><OrderID>10498</OrderID><CustomerID>HILAA</CustomerID><EmployeeID>8</EmployeeID><OrderDate>1997-04-07T00:00:00+02:00</OrderDate><RequiredDate>1997-05-05T00:00:00+02:00</RequiredDate><ShippedDate>1997-04-11T00:00:00+02:00</ShippedDate><ShipVia>2</ShipVia><Freight>29.75</Freight><ShipName>HILARION-Abastos</ShipName><ShipAddress>Carrera 22 con Ave. Carlos Soublette #8-35</ShipAddress><ShipCity>San Cristóbal</ShipCity><ShipRegion>Táchira</ShipRegion><ShipPostalCode>5022</ShipPostalCode><ShipCountry>Venezuela</ShipCountry></Order>