<?xml version="1.0" encoding="UTF-8"?>
<Order rownum="2608"><OrderID>10543</OrderID><CustomerID>LILAS</CustomerID><EmployeeID>8</EmployeeID><OrderDate>1997-05-21T00:00:00+02:00</OrderDate><RequiredDate>1997-06-18T00:00:00+02:00</RequiredDate><ShippedDate>1997-05-23T00:00:00+02:00</ShippedDate><ShipVia>2</ShipVia><Freight>48.17</Freight><ShipName>LILA-Supermercado</ShipName><ShipAddress>Carrera 52 con Ave. Bolívar #65-98 Llano Largo</ShipAddress><ShipCity>Barquisimeto</ShipCity><ShipRegion>Lara</ShipRegion><ShipPostalCode>3508</ShipPostalCode><ShipCountry>Venezuela</ShipCountry></Order>