<?xml version="1.0" encoding="UTF-8"?>
<Order rownum="2462"><OrderID>10397</OrderID><CustomerID>PRINI</CustomerID><EmployeeID>5</EmployeeID><OrderDate>1996-12-27T00:00:00+01:00</OrderDate><RequiredDate>1997-01-24T00:00:00+01:00</RequiredDate><ShippedDate>1997-01-02T00:00:00+01:00</ShippedDate><ShipVia>1</ShipVia><Freight>60.26</Freight><ShipName>Princesa Isabel Vinhos</ShipName><ShipAddress>Estrada da saúde n. 58</ShipAddress><ShipCity>Lisboa</ShipCity><ShipPostalCode>1756</ShipPostalCode><ShipCountry>Portugal</ShipCountry></Order>