<?xml version="1.0" encoding="UTF-8"?>
<Order rownum="2491"><OrderID>10426</OrderID><CustomerID>GALED</CustomerID><EmployeeID>4</EmployeeID><OrderDate>1997-01-27T00:00:00+01:00</OrderDate><RequiredDate>1997-02-24T00:00:00+01:00</RequiredDate><ShippedDate>1997-02-06T00:00:00+01:00</ShippedDate><ShipVia>1</ShipVia><Freight>18.69</Freight><ShipName>Galería del gastronómo</ShipName><ShipAddress>Rambla de Cataluña, 23</ShipAddress><ShipCity>Barcelona</ShipCity><ShipPostalCode>8022</ShipPostalCode><ShipCountry>Spai</ShipCountry></Order>