<?xml version="1.0" encoding="UTF-8"?>
<Order rownum="2555"><OrderID>10490</OrderID><CustomerID>HILAA</CustomerID><EmployeeID>7</EmployeeID><OrderDate>1997-03-31T00:00:00+02:00</OrderDate><RequiredDate>1997-04-28T00:00:00+02:00</RequiredDate><ShippedDate>1997-04-03T00:00:00+02:00</ShippedDate><ShipVia>2</ShipVia><Freight>210.19</Freight><ShipName>HILARION-Abastos</ShipName><ShipAddress>Carrera 22 con Ave. Carlos Soublette #8-35</ShipAddress><ShipCity>San Cristóbal</ShipCity><ShipRegion>Táchira</ShipRegion><ShipPostalCode>5022</ShipPostalCode><ShipCountry>Venezuela</ShipCountry></Order>