<?xml version="1.0" encoding="UTF-8"?>
<Order rownum="2641"><OrderID>10576</OrderID><CustomerID>TORTU</CustomerID><EmployeeID>3</EmployeeID><OrderDate>1997-06-23T00:00:00+02:00</OrderDate><RequiredDate>1997-07-07T00:00:00+02:00</RequiredDate><ShippedDate>1997-06-30T00:00:00+02:00</ShippedDate><ShipVia>3</ShipVia><Freight>18.56</Freight><ShipName>Tortuga Restaurante</ShipName><ShipAddress>Avda. Azteca 123</ShipAddress><ShipCity>México D.F.</ShipCity><ShipPostalCode>05033</ShipPostalCode><ShipCountry>Mexico</ShipCountry></Order>