<?xml version="1.0" encoding="UTF-8"?>
<Order rownum="2339"><OrderID>10274</OrderID><CustomerID>VINET</CustomerID><EmployeeID>6</EmployeeID><OrderDate>1996-08-06T00:00:00+02:00</OrderDate><RequiredDate>1996-09-03T00:00:00+02:00</RequiredDate><ShippedDate>1996-08-16T00:00:00+02:00</ShippedDate><ShipVia>1</ShipVia><Freight>6.01</Freight><ShipName>Vins et alcools Chevalier</ShipName><ShipAddress>59 rue de l'Abbaye</ShipAddress><ShipCity>Reims</ShipCity><ShipPostalCode>51100</ShipPostalCode><ShipCountry>France</ShipCountry></Order>