<?xml version="1.0" encoding="UTF-8"?>
<Order rownum="2702"><OrderID>10637</OrderID><CustomerID>QUEE</CustomerID><EmployeeID>6</EmployeeID><OrderDate>1997-08-19T00:00:00+02:00</OrderDate><RequiredDate>1997-09-16T00:00:00+02:00</RequiredDate><ShippedDate>1997-08-26T00:00:00+02:00</ShippedDate><ShipVia>1</ShipVia><Freight>201.29</Freight><ShipName>Queen Cozinha</ShipName><ShipAddress>Alameda dos Canàrios, 891</ShipAddress><ShipCity>Sao Paulo</ShipCity><ShipRegion>SP</ShipRegion><ShipPostalCode>05487-020</ShipPostalCode><ShipCountry>Brazil</ShipCountry></Order>