<?xml version="1.0" encoding="UTF-8"?>
<Order rownum="2466"><OrderID>10401</OrderID><CustomerID>RATTC</CustomerID><EmployeeID>1</EmployeeID><OrderDate>1997-01-01T00:00:00+01:00</OrderDate><RequiredDate>1997-01-29T00:00:00+01:00</RequiredDate><ShippedDate>1997-01-10T00:00:00+01:00</ShippedDate><ShipVia>1</ShipVia><Freight>12.51</Freight><ShipName>Rattlesnake Canyon Grocery</ShipName><ShipAddress>2817 Milton Dr.</ShipAddress><ShipCity>Albuquerque</ShipCity><ShipRegion>NM</ShipRegion><ShipPostalCode>87110</ShipPostalCode><ShipCountry>USA</ShipCountry></Order>