<?xml version="1.0" encoding="UTF-8"?>
<Order rownum="2545"><OrderID>10480</OrderID><CustomerID>FOLIG</CustomerID><EmployeeID>6</EmployeeID><OrderDate>1997-03-20T00:00:00+01:00</OrderDate><RequiredDate>1997-04-17T00:00:00+02:00</RequiredDate><ShippedDate>1997-03-24T00:00:00+01:00</ShippedDate><ShipVia>2</ShipVia><Freight>1.35</Freight><ShipName>Folies gourmandes</ShipName><ShipAddress>184, chaussée de Tournai</ShipAddress><ShipCity>Lille</ShipCity><ShipPostalCode>59000</ShipPostalCode><ShipCountry>France</ShipCountry></Order>