<?xml version="1.0" encoding="UTF-8"?>
<Order rownum="2584"><OrderID>10519</OrderID><CustomerID>CHOPS</CustomerID><EmployeeID>6</EmployeeID><OrderDate>1997-04-28T00:00:00+02:00</OrderDate><RequiredDate>1997-05-26T00:00:00+02:00</RequiredDate><ShippedDate>1997-05-01T00:00:00+02:00</ShippedDate><ShipVia>3</ShipVia><Freight>91.76</Freight><ShipName>Chop-suey Chinese</ShipName><ShipAddress>Hauptstr. 31</ShipAddress><ShipCity>Ber</ShipCity><ShipPostalCode>3012</ShipPostalCode><ShipCountry>Switzerland</ShipCountry></Order>