<?xml version="1.0" encoding="UTF-8"?>
<Order rownum="2483"><OrderID>10418</OrderID><CustomerID>QUICK</CustomerID><EmployeeID>4</EmployeeID><OrderDate>1997-01-17T00:00:00+01:00</OrderDate><RequiredDate>1997-02-14T00:00:00+01:00</RequiredDate><ShippedDate>1997-01-24T00:00:00+01:00</ShippedDate><ShipVia>1</ShipVia><Freight>17.55</Freight><ShipName>QUICK-Stop</ShipName><ShipAddress>Taucherstraße 10</ShipAddress><ShipCity>Cunewalde</ShipCity><ShipPostalCode>01307</ShipPostalCode><ShipCountry>Germany</ShipCountry></Order>