<?xml version="1.0" encoding="UTF-8"?>
<Order rownum="2526"><OrderID>10461</OrderID><CustomerID>LILAS</CustomerID><EmployeeID>1</EmployeeID><OrderDate>1997-02-28T00:00:00+01:00</OrderDate><RequiredDate>1997-03-28T00:00:00+01:00</RequiredDate><ShippedDate>1997-03-05T00:00:00+01:00</ShippedDate><ShipVia>3</ShipVia><Freight>148.61</Freight><ShipName>LILA-Supermercado</ShipName><ShipAddress>Carrera 52 con Ave. Bolívar #65-98 Llano Largo</ShipAddress><ShipCity>Barquisimeto</ShipCity><ShipRegion>Lara</ShipRegion><ShipPostalCode>3508</ShipPostalCode><ShipCountry>Venezuela</ShipCountry></Order>