<?xml version="1.0" encoding="UTF-8"?>
<Order rownum="2459"><OrderID>10394</OrderID><CustomerID>HUNGC</CustomerID><EmployeeID>1</EmployeeID><OrderDate>1996-12-25T00:00:00+01:00</OrderDate><RequiredDate>1997-01-22T00:00:00+01:00</RequiredDate><ShippedDate>1997-01-03T00:00:00+01:00</ShippedDate><ShipVia>3</ShipVia><Freight>30.34</Freight><ShipName>Hungry Coyote Import Store</ShipName><ShipAddress>City Center Plaza 516 Main St.</ShipAddress><ShipCity>Elgi</ShipCity><ShipRegion>OR</ShipRegion><ShipPostalCode>97827</ShipPostalCode><ShipCountry>USA</ShipCountry></Order>