<?xml version="1.0" encoding="UTF-8"?>
<Order rownum="2322"><OrderID>10257</OrderID><CustomerID>HILAA</CustomerID><EmployeeID>4</EmployeeID><OrderDate>1996-07-16T00:00:00+02:00</OrderDate><RequiredDate>1996-08-13T00:00:00+02:00</RequiredDate><ShippedDate>1996-07-22T00:00:00+02:00</ShippedDate><ShipVia>3</ShipVia><Freight>81.91</Freight><ShipName>HILARION-Abastos</ShipName><ShipAddress>Carrera 22 con Ave. Carlos Soublette #8-35</ShipAddress><ShipCity>San Cristóbal</ShipCity><ShipRegion>Táchira</ShipRegion><ShipPostalCode>5022</ShipPostalCode><ShipCountry>Venezuela</ShipCountry></Order>