<?xml version="1.0" encoding="UTF-8"?>
<Order rownum="2605"><OrderID>10540</OrderID><CustomerID>QUICK</CustomerID><EmployeeID>3</EmployeeID><OrderDate>1997-05-19T00:00:00+02:00</OrderDate><RequiredDate>1997-06-16T00:00:00+02:00</RequiredDate><ShippedDate>1997-06-13T00:00:00+02:00</ShippedDate><ShipVia>3</ShipVia><Freight>1007.64</Freight><ShipName>QUICK-Stop</ShipName><ShipAddress>Taucherstraße 10</ShipAddress><ShipCity>Cunewalde</ShipCity><ShipPostalCode>01307</ShipPostalCode><ShipCountry>Germany</ShipCountry></Order>