<?xml version="1.0" encoding="UTF-8"?>
<Order rownum="2428"><OrderID>10363</OrderID><CustomerID>DRACD</CustomerID><EmployeeID>4</EmployeeID><OrderDate>1996-11-26T00:00:00+01:00</OrderDate><RequiredDate>1996-12-24T00:00:00+01:00</RequiredDate><ShippedDate>1996-12-04T00:00:00+01:00</ShippedDate><ShipVia>3</ShipVia><Freight>30.54</Freight><ShipName>Drachenblut Delikatesse</ShipName><ShipAddress>Walserweg 21</ShipAddress><ShipCity>Aache</ShipCity><ShipPostalCode>52066</ShipPostalCode><ShipCountry>Germany</ShipCountry></Order>