<?xml version="1.0" encoding="UTF-8"?>
<Order rownum="2376"><OrderID>10311</OrderID><CustomerID>DUMO</CustomerID><EmployeeID>1</EmployeeID><OrderDate>1996-09-20T00:00:00+02:00</OrderDate><RequiredDate>1996-10-04T00:00:00+02:00</RequiredDate><ShippedDate>1996-09-26T00:00:00+02:00</ShippedDate><ShipVia>3</ShipVia><Freight>24.69</Freight><ShipName>Du monde entier</ShipName><ShipAddress>67, rue des Cinquante Otages</ShipAddress><ShipCity>Nantes</ShipCity><ShipPostalCode>44000</ShipPostalCode><ShipCountry>France</ShipCountry></Order>