<?xml version="1.0" encoding="UTF-8"?>
<Order rownum="2370"><OrderID>10305</OrderID><CustomerID>OLDWO</CustomerID><EmployeeID>8</EmployeeID><OrderDate>1996-09-13T00:00:00+02:00</OrderDate><RequiredDate>1996-10-11T00:00:00+02:00</RequiredDate><ShippedDate>1996-10-09T00:00:00+02:00</ShippedDate><ShipVia>3</ShipVia><Freight>257.62</Freight><ShipName>Old World Delicatesse</ShipName><ShipAddress>2743 Bering St.</ShipAddress><ShipCity>Anchorage</ShipCity><ShipRegion>AK</ShipRegion><ShipPostalCode>99508</ShipPostalCode><ShipCountry>USA</ShipCountry></Order>