<?xml version="1.0" encoding="UTF-8"?>
<Order rownum="2640"><OrderID>10575</OrderID><CustomerID>MORGK</CustomerID><EmployeeID>5</EmployeeID><OrderDate>1997-06-20T00:00:00+02:00</OrderDate><RequiredDate>1997-07-04T00:00:00+02:00</RequiredDate><ShippedDate>1997-06-30T00:00:00+02:00</ShippedDate><ShipVia>1</ShipVia><Freight>127.34</Freight><ShipName>Morgenstern Gesundkost</ShipName><ShipAddress>Heerstr. 22</ShipAddress><ShipCity>Leipzig</ShipCity><ShipPostalCode>04179</ShipPostalCode><ShipCountry>Germany</ShipCountry></Order>