<?xml version="1.0" encoding="UTF-8"?>
<Order rownum="2786"><OrderID>10721</OrderID><CustomerID>QUICK</CustomerID><EmployeeID>5</EmployeeID><OrderDate>1997-10-29T00:00:00+01:00</OrderDate><RequiredDate>1997-11-26T00:00:00+01:00</RequiredDate><ShippedDate>1997-10-31T00:00:00+01:00</ShippedDate><ShipVia>3</ShipVia><Freight>48.92</Freight><ShipName>QUICK-Stop</ShipName><ShipAddress>Taucherstraße 10</ShipAddress><ShipCity>Cunewalde</ShipCity><ShipPostalCode>01307</ShipPostalCode><ShipCountry>Germany</ShipCountry></Order>