<?xml version="1.0" encoding="UTF-8"?>
<Order rownum="2780"><OrderID>10715</OrderID><CustomerID>BONAP</CustomerID><EmployeeID>3</EmployeeID><OrderDate>1997-10-23T00:00:00+02:00</OrderDate><RequiredDate>1997-11-06T00:00:00+01:00</RequiredDate><ShippedDate>1997-10-29T00:00:00+01:00</ShippedDate><ShipVia>1</ShipVia><Freight>63.2</Freight><ShipName>Bon app'</ShipName><ShipAddress>12, rue des Bouchers</ShipAddress><ShipCity>Marseille</ShipCity><ShipPostalCode>13008</ShipPostalCode><ShipCountry>France</ShipCountry></Order>