<?xml version="1.0" encoding="UTF-8"?>
<Order rownum="2435"><OrderID>10370</OrderID><CustomerID>CHOPS</CustomerID><EmployeeID>6</EmployeeID><OrderDate>1996-12-03T00:00:00+01:00</OrderDate><RequiredDate>1996-12-31T00:00:00+01:00</RequiredDate><ShippedDate>1996-12-27T00:00:00+01:00</ShippedDate><ShipVia>2</ShipVia><Freight>1.17</Freight><ShipName>Chop-suey Chinese</ShipName><ShipAddress>Hauptstr. 31</ShipAddress><ShipCity>Ber</ShipCity><ShipPostalCode>3012</ShipPostalCode><ShipCountry>Switzerland</ShipCountry></Order>