<?xml version="1.0" encoding="UTF-8"?>
<Order rownum="2517"><OrderID>10452</OrderID><CustomerID>SAVEA</CustomerID><EmployeeID>8</EmployeeID><OrderDate>1997-02-20T00:00:00+01:00</OrderDate><RequiredDate>1997-03-20T00:00:00+01:00</RequiredDate><ShippedDate>1997-02-26T00:00:00+01:00</ShippedDate><ShipVia>1</ShipVia><Freight>140.26</Freight><ShipName>Save-a-lot Markets</ShipName><ShipAddress>187 Suffolk Ln.</ShipAddress><ShipCity>Boise</ShipCity><ShipRegion>ID</ShipRegion><ShipPostalCode>83720</ShipPostalCode><ShipCountry>USA</ShipCountry></Order>