<?xml version="1.0" encoding="UTF-8"?>
<Order rownum="2513"><OrderID>10448</OrderID><CustomerID>RANCH</CustomerID><EmployeeID>4</EmployeeID><OrderDate>1997-02-17T00:00:00+01:00</OrderDate><RequiredDate>1997-03-17T00:00:00+01:00</RequiredDate><ShippedDate>1997-02-24T00:00:00+01:00</ShippedDate><ShipVia>2</ShipVia><Freight>38.82</Freight><ShipName>Rancho grande</ShipName><ShipAddress>Av. del Libertador 900</ShipAddress><ShipCity>Buenos Aires</ShipCity><ShipPostalCode>1010</ShipPostalCode><ShipCountry>Argentina</ShipCountry></Order>