<?xml version="1.0" encoding="UTF-8"?>
<Order rownum="2528"><OrderID>10463</OrderID><CustomerID>SUPRD</CustomerID><EmployeeID>5</EmployeeID><OrderDate>1997-03-04T00:00:00+01:00</OrderDate><RequiredDate>1997-04-01T00:00:00+02:00</RequiredDate><ShippedDate>1997-03-06T00:00:00+01:00</ShippedDate><ShipVia>3</ShipVia><Freight>14.78</Freight><ShipName>Suprêmes délices</ShipName><ShipAddress>Boulevard Tirou, 255</ShipAddress><ShipCity>Charleroi</ShipCity><ShipPostalCode>B-6000</ShipPostalCode><ShipCountry>Belgium</ShipCountry></Order>