<?xml version="1.0" encoding="UTF-8"?>
<Order rownum="2341"><OrderID>10276</OrderID><CustomerID>TORTU</CustomerID><EmployeeID>8</EmployeeID><OrderDate>1996-08-08T00:00:00+02:00</OrderDate><RequiredDate>1996-08-22T00:00:00+02:00</RequiredDate><ShippedDate>1996-08-14T00:00:00+02:00</ShippedDate><ShipVia>3</ShipVia><Freight>13.84</Freight><ShipName>Tortuga Restaurante</ShipName><ShipAddress>Avda. Azteca 123</ShipAddress><ShipCity>México D.F.</ShipCity><ShipPostalCode>05033</ShipPostalCode><ShipCountry>Mexico</ShipCountry></Order>