<?xml version="1.0" encoding="UTF-8"?>
<Order rownum="2737"><OrderID>10672</OrderID><CustomerID>BERGS</CustomerID><EmployeeID>9</EmployeeID><OrderDate>1997-09-17T00:00:00+02:00</OrderDate><RequiredDate>1997-10-01T00:00:00+02:00</RequiredDate><ShippedDate>1997-09-26T00:00:00+02:00</ShippedDate><ShipVia>2</ShipVia><Freight>95.75</Freight><ShipName>Berglunds snabbköp</ShipName><ShipAddress>Berguvsvägen  8</ShipAddress><ShipCity>Luleå</ShipCity><ShipPostalCode>S-958 22</ShipPostalCode><ShipCountry>Swede</ShipCountry></Order>