<?xml version="1.0" encoding="UTF-8"?>
<Order rownum="2432"><OrderID>10367</OrderID><CustomerID>VAFFE</CustomerID><EmployeeID>7</EmployeeID><OrderDate>1996-11-28T00:00:00+01:00</OrderDate><RequiredDate>1996-12-26T00:00:00+01:00</RequiredDate><ShippedDate>1996-12-02T00:00:00+01:00</ShippedDate><ShipVia>3</ShipVia><Freight>13.55</Freight><ShipName>Vaffeljernet</ShipName><ShipAddress>Smagsloget 45</ShipAddress><ShipCity>Århus</ShipCity><ShipPostalCode>8200</ShipPostalCode><ShipCountry>Denmark</ShipCountry></Order>