<?xml version="1.0" encoding="UTF-8"?>
<Order rownum="2420"><OrderID>10355</OrderID><CustomerID>AROUT</CustomerID><EmployeeID>6</EmployeeID><OrderDate>1996-11-15T00:00:00+01:00</OrderDate><RequiredDate>1996-12-13T00:00:00+01:00</RequiredDate><ShippedDate>1996-11-20T00:00:00+01:00</ShippedDate><ShipVia>1</ShipVia><Freight>41.95</Freight><ShipName>Around the Hor</ShipName><ShipAddress>Brook Farm Stratford St. Mary</ShipAddress><ShipCity>Colchester</ShipCity><ShipRegion>Essex</ShipRegion><ShipPostalCode>CO7 6JX</ShipPostalCode><ShipCountry>UK</ShipCountry></Order>