<?xml version="1.0" encoding="UTF-8"?>
<Order rownum="2612"><OrderID>10547</OrderID><CustomerID>SEVES</CustomerID><EmployeeID>3</EmployeeID><OrderDate>1997-05-23T00:00:00+02:00</OrderDate><RequiredDate>1997-06-20T00:00:00+02:00</RequiredDate><ShippedDate>1997-06-02T00:00:00+02:00</ShippedDate><ShipVia>2</ShipVia><Freight>178.43</Freight><ShipName>Seven Seas Imports</ShipName><ShipAddress>90 Wadhurst Rd.</ShipAddress><ShipCity>Londo</ShipCity><ShipPostalCode>OX15 4NB</ShipPostalCode><ShipCountry>UK</ShipCountry></Order>