<?xml version="1.0" encoding="UTF-8"?>
<Order rownum="2646"><OrderID>10581</OrderID><CustomerID>FAMIA</CustomerID><EmployeeID>3</EmployeeID><OrderDate>1997-06-26T00:00:00+02:00</OrderDate><RequiredDate>1997-07-24T00:00:00+02:00</RequiredDate><ShippedDate>1997-07-02T00:00:00+02:00</ShippedDate><ShipVia>1</ShipVia><Freight>3.01</Freight><ShipName>Familia Arquibaldo</ShipName><ShipAddress>Rua Orós, 92</ShipAddress><ShipCity>Sao Paulo</ShipCity><ShipRegion>SP</ShipRegion><ShipPostalCode>05442-030</ShipPostalCode><ShipCountry>Brazil</ShipCountry></Order>