<?xml version="1.0" encoding="UTF-8"?>
<Order rownum="2598"><OrderID>10533</OrderID><CustomerID>FOLKO</CustomerID><EmployeeID>8</EmployeeID><OrderDate>1997-05-12T00:00:00+02:00</OrderDate><RequiredDate>1997-06-09T00:00:00+02:00</RequiredDate><ShippedDate>1997-05-22T00:00:00+02:00</ShippedDate><ShipVia>1</ShipVia><Freight>188.04</Freight><ShipName>Folk och fä HB</ShipName><ShipAddress>Åkergatan 24</ShipAddress><ShipCity>Bräcke</ShipCity><ShipPostalCode>S-844 67</ShipPostalCode><ShipCountry>Swede</ShipCountry></Order>