<?xml version="1.0" encoding="UTF-8"?>
<Order rownum="2333"><OrderID>10268</OrderID><CustomerID>GROSR</CustomerID><EmployeeID>8</EmployeeID><OrderDate>1996-07-30T00:00:00+02:00</OrderDate><RequiredDate>1996-08-27T00:00:00+02:00</RequiredDate><ShippedDate>1996-08-02T00:00:00+02:00</ShippedDate><ShipVia>3</ShipVia><Freight>66.29</Freight><ShipName>GROSELLA-Restaurante</ShipName><ShipAddress>5ª Ave. Los Palos Grandes</ShipAddress><ShipCity>Caracas</ShipCity><ShipRegion>DF</ShipRegion><ShipPostalCode>1081</ShipPostalCode><ShipCountry>Venezuela</ShipCountry></Order>