<?xml version="1.0" encoding="UTF-8"?>
<Order rownum="2805"><OrderID>10740</OrderID><CustomerID>WHITC</CustomerID><EmployeeID>4</EmployeeID><OrderDate>1997-11-13T00:00:00+01:00</OrderDate><RequiredDate>1997-12-11T00:00:00+01:00</RequiredDate><ShippedDate>1997-11-25T00:00:00+01:00</ShippedDate><ShipVia>2</ShipVia><Freight>81.88</Freight><ShipName>White Clover Markets</ShipName><ShipAddress>1029 - 12th Ave. S.</ShipAddress><ShipCity>Seattle</ShipCity><ShipRegion>WA</ShipRegion><ShipPostalCode>98124</ShipPostalCode><ShipCountry>USA</ShipCountry></Order>