<?xml version="1.0" encoding="UTF-8"?>
<Order rownum="2631"><OrderID>10566</OrderID><CustomerID>BLONP</CustomerID><EmployeeID>9</EmployeeID><OrderDate>1997-06-12T00:00:00+02:00</OrderDate><RequiredDate>1997-07-10T00:00:00+02:00</RequiredDate><ShippedDate>1997-06-18T00:00:00+02:00</ShippedDate><ShipVia>1</ShipVia><Freight>88.4</Freight><ShipName>Blondel père et fils</ShipName><ShipAddress>24, place Kléber</ShipAddress><ShipCity>Strasbourg</ShipCity><ShipPostalCode>67000</ShipPostalCode><ShipCountry>France</ShipCountry></Order>