<?xml version="1.0" encoding="UTF-8"?>
<Order rownum="2633"><OrderID>10568</OrderID><CustomerID>GALED</CustomerID><EmployeeID>3</EmployeeID><OrderDate>1997-06-13T00:00:00+02:00</OrderDate><RequiredDate>1997-07-11T00:00:00+02:00</RequiredDate><ShippedDate>1997-07-09T00:00:00+02:00</ShippedDate><ShipVia>3</ShipVia><Freight>6.54</Freight><ShipName>Galería del gastronómo</ShipName><ShipAddress>Rambla de Cataluña, 23</ShipAddress><ShipCity>Barcelona</ShipCity><ShipPostalCode>8022</ShipPostalCode><ShipCountry>Spai</ShipCountry></Order>