<?xml version="1.0" encoding="UTF-8"?>
<Order rownum="2396"><OrderID>10331</OrderID><CustomerID>BONAP</CustomerID><EmployeeID>9</EmployeeID><OrderDate>1996-10-16T00:00:00+02:00</OrderDate><RequiredDate>1996-11-27T00:00:00+01:00</RequiredDate><ShippedDate>1996-10-21T00:00:00+02:00</ShippedDate><ShipVia>1</ShipVia><Freight>10.19</Freight><ShipName>Bon app'</ShipName><ShipAddress>12, rue des Bouchers</ShipAddress><ShipCity>Marseille</ShipCity><ShipPostalCode>13008</ShipPostalCode><ShipCountry>France</ShipCountry></Order>