<?xml version="1.0" encoding="UTF-8"?>
<Order rownum="2620"><OrderID>10555</OrderID><CustomerID>SAVEA</CustomerID><EmployeeID>6</EmployeeID><OrderDate>1997-06-02T00:00:00+02:00</OrderDate><RequiredDate>1997-06-30T00:00:00+02:00</RequiredDate><ShippedDate>1997-06-04T00:00:00+02:00</ShippedDate><ShipVia>3</ShipVia><Freight>252.49</Freight><ShipName>Save-a-lot Markets</ShipName><ShipAddress>187 Suffolk Ln.</ShipAddress><ShipCity>Boise</ShipCity><ShipRegion>ID</ShipRegion><ShipPostalCode>83720</ShipPostalCode><ShipCountry>USA</ShipCountry></Order>