<?xml version="1.0" encoding="UTF-8"?>
<Order rownum="2411"><OrderID>10346</OrderID><CustomerID>RATTC</CustomerID><EmployeeID>3</EmployeeID><OrderDate>1996-11-05T00:00:00+01:00</OrderDate><RequiredDate>1996-12-17T00:00:00+01:00</RequiredDate><ShippedDate>1996-11-08T00:00:00+01:00</ShippedDate><ShipVia>3</ShipVia><Freight>142.08</Freight><ShipName>Rattlesnake Canyon Grocery</ShipName><ShipAddress>2817 Milton Dr.</ShipAddress><ShipCity>Albuquerque</ShipCity><ShipRegion>NM</ShipRegion><ShipPostalCode>87110</ShipPostalCode><ShipCountry>USA</ShipCountry></Order>