<?xml version="1.0" encoding="UTF-8"?>
<Order rownum="2635"><OrderID>10570</OrderID><CustomerID>MEREP</CustomerID><EmployeeID>3</EmployeeID><OrderDate>1997-06-17T00:00:00+02:00</OrderDate><RequiredDate>1997-07-15T00:00:00+02:00</RequiredDate><ShippedDate>1997-06-19T00:00:00+02:00</ShippedDate><ShipVia>3</ShipVia><Freight>188.99</Freight><ShipName>Mère Paillarde</ShipName><ShipAddress>43 rue St. Laurent</ShipAddress><ShipCity>Montréal</ShipCity><ShipRegion>Québec</ShipRegion><ShipPostalCode>H1J 1C3</ShipPostalCode><ShipCountry>Canada</ShipCountry></Order>