<?xml version="1.0" encoding="UTF-8"?>
<Order rownum="2416"><OrderID>10351</OrderID><CustomerID>ERNSH</CustomerID><EmployeeID>1</EmployeeID><OrderDate>1996-11-11T00:00:00+01:00</OrderDate><RequiredDate>1996-12-09T00:00:00+01:00</RequiredDate><ShippedDate>1996-11-20T00:00:00+01:00</ShippedDate><ShipVia>1</ShipVia><Freight>162.33</Freight><ShipName>Ernst Handel</ShipName><ShipAddress>Kirchgasse 6</ShipAddress><ShipCity>Graz</ShipCity><ShipPostalCode>8010</ShipPostalCode><ShipCountry>Austria</ShipCountry></Order>