<?xml version="1.0" encoding="UTF-8"?>
<Order rownum="2437"><OrderID>10372</OrderID><CustomerID>QUEE</CustomerID><EmployeeID>5</EmployeeID><OrderDate>1996-12-04T00:00:00+01:00</OrderDate><RequiredDate>1997-01-01T00:00:00+01:00</RequiredDate><ShippedDate>1996-12-09T00:00:00+01:00</ShippedDate><ShipVia>2</ShipVia><Freight>890.78</Freight><ShipName>Queen Cozinha</ShipName><ShipAddress>Alameda dos Canàrios, 891</ShipAddress><ShipCity>Sao Paulo</ShipCity><ShipRegion>SP</ShipRegion><ShipPostalCode>05487-020</ShipPostalCode><ShipCountry>Brazil</ShipCountry></Order>