<?xml version="1.0" encoding="UTF-8"?>
<Order rownum="2650"><OrderID>10585</OrderID><CustomerID>WELLI</CustomerID><EmployeeID>7</EmployeeID><OrderDate>1997-07-01T00:00:00+02:00</OrderDate><RequiredDate>1997-07-29T00:00:00+02:00</RequiredDate><ShippedDate>1997-07-10T00:00:00+02:00</ShippedDate><ShipVia>1</ShipVia><Freight>13.41</Freight><ShipName>Wellington Importadora</ShipName><ShipAddress>Rua do Mercado, 12</ShipAddress><ShipCity>Resende</ShipCity><ShipRegion>SP</ShipRegion><ShipPostalCode>08737-363</ShipPostalCode><ShipCountry>Brazil</ShipCountry></Order>