<?xml version="1.0" encoding="UTF-8"?>
<Order rownum="2531"><OrderID>10466</OrderID><CustomerID>COMMI</CustomerID><EmployeeID>4</EmployeeID><OrderDate>1997-03-06T00:00:00+01:00</OrderDate><RequiredDate>1997-04-03T00:00:00+02:00</RequiredDate><ShippedDate>1997-03-13T00:00:00+01:00</ShippedDate><ShipVia>1</ShipVia><Freight>11.93</Freight><ShipName>Comércio Mineiro</ShipName><ShipAddress>Av. dos Lusíadas, 23</ShipAddress><ShipCity>Sao Paulo</ShipCity><ShipRegion>SP</ShipRegion><ShipPostalCode>05432-043</ShipPostalCode><ShipCountry>Brazil</ShipCountry></Order>