<?xml version="1.0" encoding="UTF-8"?>
<Order rownum="2504"><OrderID>10439</OrderID><CustomerID>MEREP</CustomerID><EmployeeID>6</EmployeeID><OrderDate>1997-02-07T00:00:00+01:00</OrderDate><RequiredDate>1997-03-07T00:00:00+01:00</RequiredDate><ShippedDate>1997-02-10T00:00:00+01:00</ShippedDate><ShipVia>3</ShipVia><Freight>4.07</Freight><ShipName>Mère Paillarde</ShipName><ShipAddress>43 rue St. Laurent</ShipAddress><ShipCity>Montréal</ShipCity><ShipRegion>Québec</ShipRegion><ShipPostalCode>H1J 1C3</ShipPostalCode><ShipCountry>Canada</ShipCountry></Order>