<?xml version="1.0" encoding="UTF-8"?>
<Order rownum="2378"><OrderID>10313</OrderID><CustomerID>QUICK</CustomerID><EmployeeID>2</EmployeeID><OrderDate>1996-09-24T00:00:00+02:00</OrderDate><RequiredDate>1996-10-22T00:00:00+02:00</RequiredDate><ShippedDate>1996-10-04T00:00:00+02:00</ShippedDate><ShipVia>2</ShipVia><Freight>1.96</Freight><ShipName>QUICK-Stop</ShipName><ShipAddress>Taucherstraße 10</ShipAddress><ShipCity>Cunewalde</ShipCity><ShipPostalCode>01307</ShipPostalCode><ShipCountry>Germany</ShipCountry></Order>