<?xml version="1.0" encoding="UTF-8"?>
<Order rownum="2427"><OrderID>10362</OrderID><CustomerID>BONAP</CustomerID><EmployeeID>3</EmployeeID><OrderDate>1996-11-25T00:00:00+01:00</OrderDate><RequiredDate>1996-12-23T00:00:00+01:00</RequiredDate><ShippedDate>1996-11-28T00:00:00+01:00</ShippedDate><ShipVia>1</ShipVia><Freight>96.04</Freight><ShipName>Bon app'</ShipName><ShipAddress>12, rue des Bouchers</ShipAddress><ShipCity>Marseille</ShipCity><ShipPostalCode>13008</ShipPostalCode><ShipCountry>France</ShipCountry></Order>