<?xml version="1.0" encoding="UTF-8"?>
<Order rownum="2334"><OrderID>10269</OrderID><CustomerID>WHITC</CustomerID><EmployeeID>5</EmployeeID><OrderDate>1996-07-31T00:00:00+02:00</OrderDate><RequiredDate>1996-08-14T00:00:00+02:00</RequiredDate><ShippedDate>1996-08-09T00:00:00+02:00</ShippedDate><ShipVia>1</ShipVia><Freight>4.56</Freight><ShipName>White Clover Markets</ShipName><ShipAddress>1029 - 12th Ave. S.</ShipAddress><ShipCity>Seattle</ShipCity><ShipRegion>WA</ShipRegion><ShipPostalCode>98124</ShipPostalCode><ShipCountry>USA</ShipCountry></Order>