<?xml version="1.0" encoding="UTF-8"?>
<Order rownum="2595"><OrderID>10530</OrderID><CustomerID>PICCO</CustomerID><EmployeeID>3</EmployeeID><OrderDate>1997-05-08T00:00:00+02:00</OrderDate><RequiredDate>1997-06-05T00:00:00+02:00</RequiredDate><ShippedDate>1997-05-12T00:00:00+02:00</ShippedDate><ShipVia>2</ShipVia><Freight>339.22</Freight><ShipName>Piccolo und mehr</ShipName><ShipAddress>Geislweg 14</ShipAddress><ShipCity>Salzburg</ShipCity><ShipPostalCode>5020</ShipPostalCode><ShipCountry>Austria</ShipCountry></Order>