<?xml version="1.0" encoding="UTF-8"?>
<Order rownum="2314"><OrderID>10249</OrderID><CustomerID>TOMSP</CustomerID><EmployeeID>6</EmployeeID><OrderDate>1996-07-05T00:00:00+02:00</OrderDate><RequiredDate>1996-08-16T00:00:00+02:00</RequiredDate><ShippedDate>1996-07-10T00:00:00+02:00</ShippedDate><ShipVia>1</ShipVia><Freight>11.61</Freight><ShipName>Toms Spezialitäten</ShipName><ShipAddress>Luisenstr. 48</ShipAddress><ShipCity>Münster</ShipCity><ShipPostalCode>44087</ShipPostalCode><ShipCountry>Germany</ShipCountry></Order>