<?xml version="1.0" encoding="UTF-8"?>
<Order rownum="2636"><OrderID>10571</OrderID><CustomerID>ERNSH</CustomerID><EmployeeID>8</EmployeeID><OrderDate>1997-06-17T00:00:00+02:00</OrderDate><RequiredDate>1997-07-29T00:00:00+02:00</RequiredDate><ShippedDate>1997-07-04T00:00:00+02:00</ShippedDate><ShipVia>3</ShipVia><Freight>26.06</Freight><ShipName>Ernst Handel</ShipName><ShipAddress>Kirchgasse 6</ShipAddress><ShipCity>Graz</ShipCity><ShipPostalCode>8010</ShipPostalCode><ShipCountry>Austria</ShipCountry></Order>