<?xml version="1.0" encoding="UTF-8"?>
<Order rownum="2405"><OrderID>10340</OrderID><CustomerID>BONAP</CustomerID><EmployeeID>1</EmployeeID><OrderDate>1996-10-29T00:00:00+01:00</OrderDate><RequiredDate>1996-11-26T00:00:00+01:00</RequiredDate><ShippedDate>1996-11-08T00:00:00+01:00</ShippedDate><ShipVia>3</ShipVia><Freight>166.31</Freight><ShipName>Bon app'</ShipName><ShipAddress>12, rue des Bouchers</ShipAddress><ShipCity>Marseille</ShipCity><ShipPostalCode>13008</ShipPostalCode><ShipCountry>France</ShipCountry></Order>