<?xml version="1.0" encoding="UTF-8"?>
<Order rownum="2755"><OrderID>10690</OrderID><CustomerID>HANAR</CustomerID><EmployeeID>1</EmployeeID><OrderDate>1997-10-02T00:00:00+02:00</OrderDate><RequiredDate>1997-10-30T00:00:00+01:00</RequiredDate><ShippedDate>1997-10-03T00:00:00+02:00</ShippedDate><ShipVia>1</ShipVia><Freight>15.8</Freight><ShipName>Hanari Carnes</ShipName><ShipAddress>Rua do Paço, 67</ShipAddress><ShipCity>Rio de Janeiro</ShipCity><ShipRegion>RJ</ShipRegion><ShipPostalCode>05454-876</ShipPostalCode><ShipCountry>Brazil</ShipCountry></Order>