<?xml version="1.0" encoding="UTF-8"?>
<Order rownum="2610"><OrderID>10545</OrderID><CustomerID>LAZYK</CustomerID><EmployeeID>8</EmployeeID><OrderDate>1997-05-22T00:00:00+02:00</OrderDate><RequiredDate>1997-06-19T00:00:00+02:00</RequiredDate><ShippedDate>1997-06-26T00:00:00+02:00</ShippedDate><ShipVia>2</ShipVia><Freight>11.92</Freight><ShipName>Lazy K Kountry Store</ShipName><ShipAddress>12 Orchestra Terrace</ShipAddress><ShipCity>Walla Walla</ShipCity><ShipRegion>WA</ShipRegion><ShipPostalCode>99362</ShipPostalCode><ShipCountry>USA</ShipCountry></Order>