<?xml version="1.0" encoding="UTF-8"?>
<Order rownum="2794"><OrderID>10729</OrderID><CustomerID>LINOD</CustomerID><EmployeeID>8</EmployeeID><OrderDate>1997-11-04T00:00:00+01:00</OrderDate><RequiredDate>1997-12-16T00:00:00+01:00</RequiredDate><ShippedDate>1997-11-14T00:00:00+01:00</ShippedDate><ShipVia>3</ShipVia><Freight>141.06</Freight><ShipName>LINO-Delicateses</ShipName><ShipAddress>Ave. 5 de Mayo Porlamar</ShipAddress><ShipCity>I. de Margarita</ShipCity><ShipRegion>Nueva Esparta</ShipRegion><ShipPostalCode>4980</ShipPostalCode><ShipCountry>Venezuela</ShipCountry></Order>