<?xml version="1.0" encoding="UTF-8"?>
<Order rownum="2568"><OrderID>10503</OrderID><CustomerID>HUNGO</CustomerID><EmployeeID>6</EmployeeID><OrderDate>1997-04-11T00:00:00+02:00</OrderDate><RequiredDate>1997-05-09T00:00:00+02:00</RequiredDate><ShippedDate>1997-04-16T00:00:00+02:00</ShippedDate><ShipVia>2</ShipVia><Freight>16.74</Freight><ShipName>Hungry Owl All-Night Grocers</ShipName><ShipAddress>8 Johnstown Road</ShipAddress><ShipCity>Cork</ShipCity><ShipRegion>Co. Cork</ShipRegion><ShipCountry>Ireland</ShipCountry></Order>