<?xml version="1.0" encoding="UTF-8"?>
<Order rownum="2720"><OrderID>10655</OrderID><CustomerID>REGGC</CustomerID><EmployeeID>1</EmployeeID><OrderDate>1997-09-03T00:00:00+02:00</OrderDate><RequiredDate>1997-10-01T00:00:00+02:00</RequiredDate><ShippedDate>1997-09-11T00:00:00+02:00</ShippedDate><ShipVia>2</ShipVia><Freight>4.41</Freight><ShipName>Reggiani Caseifici</ShipName><ShipAddress>Strada Provinciale 124</ShipAddress><ShipCity>Reggio Emilia</ShipCity><ShipPostalCode>42100</ShipPostalCode><ShipCountry>Italy</ShipCountry></Order>