<?xml version="1.0" encoding="UTF-8"?>
<Order rownum="2501"><OrderID>10436</OrderID><CustomerID>BLONP</CustomerID><EmployeeID>3</EmployeeID><OrderDate>1997-02-05T00:00:00+01:00</OrderDate><RequiredDate>1997-03-05T00:00:00+01:00</RequiredDate><ShippedDate>1997-02-11T00:00:00+01:00</ShippedDate><ShipVia>2</ShipVia><Freight>156.66</Freight><ShipName>Blondel père et fils</ShipName><ShipAddress>24, place Kléber</ShipAddress><ShipCity>Strasbourg</ShipCity><ShipPostalCode>67000</ShipPostalCode><ShipCountry>France</ShipCountry></Order>