<?xml version="1.0" encoding="UTF-8"?>
<Order rownum="2418"><OrderID>10353</OrderID><CustomerID>PICCO</CustomerID><EmployeeID>7</EmployeeID><OrderDate>1996-11-13T00:00:00+01:00</OrderDate><RequiredDate>1996-12-11T00:00:00+01:00</RequiredDate><ShippedDate>1996-11-25T00:00:00+01:00</ShippedDate><ShipVia>3</ShipVia><Freight>360.63</Freight><ShipName>Piccolo und mehr</ShipName><ShipAddress>Geislweg 14</ShipAddress><ShipCity>Salzburg</ShipCity><ShipPostalCode>5020</ShipPostalCode><ShipCountry>Austria</ShipCountry></Order>