<?xml version="1.0" encoding="UTF-8"?>
<Order rownum="2749"><OrderID>10684</OrderID><CustomerID>OTTIK</CustomerID><EmployeeID>3</EmployeeID><OrderDate>1997-09-26T00:00:00+02:00</OrderDate><RequiredDate>1997-10-24T00:00:00+02:00</RequiredDate><ShippedDate>1997-09-30T00:00:00+02:00</ShippedDate><ShipVia>1</ShipVia><Freight>145.63</Freight><ShipName>Ottilies Käselade</ShipName><ShipAddress>Mehrheimerstr. 369</ShipAddress><ShipCity>Köl</ShipCity><ShipPostalCode>50739</ShipPostalCode><ShipCountry>Germany</ShipCountry></Order>