<?xml version="1.0" encoding="UTF-8"?>
<Order rownum="2734"><OrderID>10669</OrderID><CustomerID>SIMOB</CustomerID><EmployeeID>2</EmployeeID><OrderDate>1997-09-15T00:00:00+02:00</OrderDate><RequiredDate>1997-10-13T00:00:00+02:00</RequiredDate><ShippedDate>1997-09-22T00:00:00+02:00</ShippedDate><ShipVia>1</ShipVia><Freight>24.39</Freight><ShipName>Simons bistro</ShipName><ShipAddress>Vinbæltet 34</ShipAddress><ShipCity>Kobenhav</ShipCity><ShipPostalCode>1734</ShipPostalCode><ShipCountry>Denmark</ShipCountry></Order>