<?xml version="1.0" encoding="UTF-8"?>
<Order rownum="2700"><OrderID>10635</OrderID><CustomerID>MAGAA</CustomerID><EmployeeID>8</EmployeeID><OrderDate>1997-08-18T00:00:00+02:00</OrderDate><RequiredDate>1997-09-15T00:00:00+02:00</RequiredDate><ShippedDate>1997-08-21T00:00:00+02:00</ShippedDate><ShipVia>3</ShipVia><Freight>47.46</Freight><ShipName>Magazzini Alimentari Riuniti</ShipName><ShipAddress>Via Ludovico il Moro 22</ShipAddress><ShipCity>Bergamo</ShipCity><ShipPostalCode>24100</ShipPostalCode><ShipCountry>Italy</ShipCountry></Order>