<?xml version="1.0" encoding="UTF-8"?>
<Order rownum="2784"><OrderID>10719</OrderID><CustomerID>LETSS</CustomerID><EmployeeID>8</EmployeeID><OrderDate>1997-10-27T00:00:00+01:00</OrderDate><RequiredDate>1997-11-24T00:00:00+01:00</RequiredDate><ShippedDate>1997-11-05T00:00:00+01:00</ShippedDate><ShipVia>2</ShipVia><Freight>51.44</Freight><ShipName>Let's Stop N Shop</ShipName><ShipAddress>87 Polk St. Suite 5</ShipAddress><ShipCity>San Francisco</ShipCity><ShipRegion>CA</ShipRegion><ShipPostalCode>94117</ShipPostalCode><ShipCountry>USA</ShipCountry></Order>