<?xml version="1.0" encoding="UTF-8"?>
<Order rownum="2445"><OrderID>10380</OrderID><CustomerID>HUNGO</CustomerID><EmployeeID>8</EmployeeID><OrderDate>1996-12-12T00:00:00+01:00</OrderDate><RequiredDate>1997-01-09T00:00:00+01:00</RequiredDate><ShippedDate>1997-01-16T00:00:00+01:00</ShippedDate><ShipVia>3</ShipVia><Freight>35.03</Freight><ShipName>Hungry Owl All-Night Grocers</ShipName><ShipAddress>8 Johnstown Road</ShipAddress><ShipCity>Cork</ShipCity><ShipRegion>Co. Cork</ShipRegion><ShipCountry>Ireland</ShipCountry></Order>