<?xml version="1.0" encoding="UTF-8"?>
<Order rownum="2760"><OrderID>10695</OrderID><CustomerID>WILMK</CustomerID><EmployeeID>7</EmployeeID><OrderDate>1997-10-07T00:00:00+02:00</OrderDate><RequiredDate>1997-11-18T00:00:00+01:00</RequiredDate><ShippedDate>1997-10-14T00:00:00+02:00</ShippedDate><ShipVia>1</ShipVia><Freight>16.72</Freight><ShipName>Wilman Kala</ShipName><ShipAddress>Keskuskatu 45</ShipAddress><ShipCity>Helsinki</ShipCity><ShipPostalCode>21240</ShipPostalCode><ShipCountry>Finland</ShipCountry></Order>