<?xml version="1.0" encoding="UTF-8"?>
<Order rownum="2725"><OrderID>10660</OrderID><CustomerID>HUNGC</CustomerID><EmployeeID>8</EmployeeID><OrderDate>1997-09-08T00:00:00+02:00</OrderDate><RequiredDate>1997-10-06T00:00:00+02:00</RequiredDate><ShippedDate>1997-10-15T00:00:00+02:00</ShippedDate><ShipVia>1</ShipVia><Freight>111.29</Freight><ShipName>Hungry Coyote Import Store</ShipName><ShipAddress>City Center Plaza 516 Main St.</ShipAddress><ShipCity>Elgi</ShipCity><ShipRegion>OR</ShipRegion><ShipPostalCode>97827</ShipPostalCode><ShipCountry>USA</ShipCountry></Order>