<?xml version="1.0" encoding="UTF-8"?>
<Order rownum="2716"><OrderID>10651</OrderID><CustomerID>WANDK</CustomerID><EmployeeID>8</EmployeeID><OrderDate>1997-09-01T00:00:00+02:00</OrderDate><RequiredDate>1997-09-29T00:00:00+02:00</RequiredDate><ShippedDate>1997-09-11T00:00:00+02:00</ShippedDate><ShipVia>2</ShipVia><Freight>20.6</Freight><ShipName>Die Wandernde Kuh</ShipName><ShipAddress>Adenauerallee 900</ShipAddress><ShipCity>Stuttgart</ShipCity><ShipPostalCode>70563</ShipPostalCode><ShipCountry>Germany</ShipCountry></Order>