<?xml version="1.0" encoding="UTF-8"?>
<Order rownum="2763"><OrderID>10698</OrderID><CustomerID>ERNSH</CustomerID><EmployeeID>4</EmployeeID><OrderDate>1997-10-09T00:00:00+02:00</OrderDate><RequiredDate>1997-11-06T00:00:00+01:00</RequiredDate><ShippedDate>1997-10-17T00:00:00+02:00</ShippedDate><ShipVia>1</ShipVia><Freight>272.47</Freight><ShipName>Ernst Handel</ShipName><ShipAddress>Kirchgasse 6</ShipAddress><ShipCity>Graz</ShipCity><ShipPostalCode>8010</ShipPostalCode><ShipCountry>Austria</ShipCountry></Order>