<?xml version="1.0" encoding="UTF-8"?>
<Order rownum="2415"><OrderID>10350</OrderID><CustomerID>LAMAI</CustomerID><EmployeeID>6</EmployeeID><OrderDate>1996-11-11T00:00:00+01:00</OrderDate><RequiredDate>1996-12-09T00:00:00+01:00</RequiredDate><ShippedDate>1996-12-03T00:00:00+01:00</ShippedDate><ShipVia>2</ShipVia><Freight>64.19</Freight><ShipName>La maison d'Asie</ShipName><ShipAddress>1 rue Alsace-Lorraine</ShipAddress><ShipCity>Toulouse</ShipCity><ShipPostalCode>31000</ShipPostalCode><ShipCountry>France</ShipCountry></Order>