<?xml version="1.0" encoding="UTF-8"?>
<Order rownum="2457"><OrderID>10392</OrderID><CustomerID>PICCO</CustomerID><EmployeeID>2</EmployeeID><OrderDate>1996-12-24T00:00:00+01:00</OrderDate><RequiredDate>1997-01-21T00:00:00+01:00</RequiredDate><ShippedDate>1997-01-01T00:00:00+01:00</ShippedDate><ShipVia>3</ShipVia><Freight>122.46</Freight><ShipName>Piccolo und mehr</ShipName><ShipAddress>Geislweg 14</ShipAddress><ShipCity>Salzburg</ShipCity><ShipPostalCode>5020</ShipPostalCode><ShipCountry>Austria</ShipCountry></Order>