<?xml version="1.0" encoding="UTF-8"?>
<Order rownum="2351"><OrderID>10286</OrderID><CustomerID>QUICK</CustomerID><EmployeeID>8</EmployeeID><OrderDate>1996-08-21T00:00:00+02:00</OrderDate><RequiredDate>1996-09-18T00:00:00+02:00</RequiredDate><ShippedDate>1996-08-30T00:00:00+02:00</ShippedDate><ShipVia>3</ShipVia><Freight>229.24</Freight><ShipName>QUICK-Stop</ShipName><ShipAddress>Taucherstraße 10</ShipAddress><ShipCity>Cunewalde</ShipCity><ShipPostalCode>01307</ShipPostalCode><ShipCountry>Germany</ShipCountry></Order>