<?xml version="1.0" encoding="UTF-8"?>
<Order rownum="2455"><OrderID>10390</OrderID><CustomerID>ERNSH</CustomerID><EmployeeID>6</EmployeeID><OrderDate>1996-12-23T00:00:00+01:00</OrderDate><RequiredDate>1997-01-20T00:00:00+01:00</RequiredDate><ShippedDate>1996-12-26T00:00:00+01:00</ShippedDate><ShipVia>1</ShipVia><Freight>126.38</Freight><ShipName>Ernst Handel</ShipName><ShipAddress>Kirchgasse 6</ShipAddress><ShipCity>Graz</ShipCity><ShipPostalCode>8010</ShipPostalCode><ShipCountry>Austria</ShipCountry></Order>