<?xml version="1.0" encoding="UTF-8"?>
<Order rownum="2499"><OrderID>10434</OrderID><CustomerID>FOLKO</CustomerID><EmployeeID>3</EmployeeID><OrderDate>1997-02-03T00:00:00+01:00</OrderDate><RequiredDate>1997-03-03T00:00:00+01:00</RequiredDate><ShippedDate>1997-02-13T00:00:00+01:00</ShippedDate><ShipVia>2</ShipVia><Freight>17.92</Freight><ShipName>Folk och fä HB</ShipName><ShipAddress>Åkergatan 24</ShipAddress><ShipCity>Bräcke</ShipCity><ShipPostalCode>S-844 67</ShipPostalCode><ShipCountry>Swede</ShipCountry></Order>