<?xml version="1.0" encoding="UTF-8"?>
<Order rownum="2336"><OrderID>10271</OrderID><CustomerID>SPLIR</CustomerID><EmployeeID>6</EmployeeID><OrderDate>1996-08-01T00:00:00+02:00</OrderDate><RequiredDate>1996-08-29T00:00:00+02:00</RequiredDate><ShippedDate>1996-08-30T00:00:00+02:00</ShippedDate><ShipVia>2</ShipVia><Freight>4.54</Freight><ShipName>Split Rail Beer &amp; Ale</ShipName><ShipAddress>P.O. Box 555</ShipAddress><ShipCity>Lander</ShipCity><ShipRegion>WY</ShipRegion><ShipPostalCode>82520</ShipPostalCode><ShipCountry>USA</ShipCountry></Order>