<?xml version="1.0" encoding="UTF-8"?>
<Order rownum="2475"><OrderID>10410</OrderID><CustomerID>BOTTM</CustomerID><EmployeeID>3</EmployeeID><OrderDate>1997-01-10T00:00:00+01:00</OrderDate><RequiredDate>1997-02-07T00:00:00+01:00</RequiredDate><ShippedDate>1997-01-15T00:00:00+01:00</ShippedDate><ShipVia>3</ShipVia><Freight>2.4</Freight><ShipName>Bottom-Dollar Markets</ShipName><ShipAddress>23 Tsawassen Blvd.</ShipAddress><ShipCity>Tsawasse</ShipCity><ShipRegion>BC</ShipRegion><ShipPostalCode>T2F 8M4</ShipPostalCode><ShipCountry>Canada</ShipCountry></Order>