<?xml version="1.0" encoding="UTF-8"?>
<Order rownum="2547"><OrderID>10482</OrderID><CustomerID>LAZYK</CustomerID><EmployeeID>1</EmployeeID><OrderDate>1997-03-21T00:00:00+01:00</OrderDate><RequiredDate>1997-04-18T00:00:00+02:00</RequiredDate><ShippedDate>1997-04-10T00:00:00+02:00</ShippedDate><ShipVia>3</ShipVia><Freight>7.48</Freight><ShipName>Lazy K Kountry Store</ShipName><ShipAddress>12 Orchestra Terrace</ShipAddress><ShipCity>Walla Walla</ShipCity><ShipRegion>WA</ShipRegion><ShipPostalCode>99362</ShipPostalCode><ShipCountry>USA</ShipCountry></Order>