<?xml version="1.0" encoding="UTF-8"?>
<Order rownum="2687"><OrderID>10622</OrderID><CustomerID>RICAR</CustomerID><EmployeeID>4</EmployeeID><OrderDate>1997-08-06T00:00:00+02:00</OrderDate><RequiredDate>1997-09-03T00:00:00+02:00</RequiredDate><ShippedDate>1997-08-11T00:00:00+02:00</ShippedDate><ShipVia>3</ShipVia><Freight>50.97</Freight><ShipName>Ricardo Adocicados</ShipName><ShipAddress>Av. Copacabana, 267</ShipAddress><ShipCity>Rio de Janeiro</ShipCity><ShipRegion>RJ</ShipRegion><ShipPostalCode>02389-890</ShipPostalCode><ShipCountry>Brazil</ShipCountry></Order>