<?xml version="1.0" encoding="UTF-8"?>
<Order rownum="2739"><OrderID>10674</OrderID><CustomerID>ISLAT</CustomerID><EmployeeID>4</EmployeeID><OrderDate>1997-09-18T00:00:00+02:00</OrderDate><RequiredDate>1997-10-16T00:00:00+02:00</RequiredDate><ShippedDate>1997-09-30T00:00:00+02:00</ShippedDate><ShipVia>2</ShipVia><Freight>0.9</Freight><ShipName>Island Trading</ShipName><ShipAddress>Garden House Crowther Way</ShipAddress><ShipCity>Cowes</ShipCity><ShipRegion>Isle of Wight</ShipRegion><ShipPostalCode>PO31 7PJ</ShipPostalCode><ShipCountry>UK</ShipCountry></Order>