<?xml version="1.0" encoding="UTF-8"?>
<Order rownum="2331"><OrderID>10266</OrderID><CustomerID>WARTH</CustomerID><EmployeeID>3</EmployeeID><OrderDate>1996-07-26T00:00:00+02:00</OrderDate><RequiredDate>1996-09-06T00:00:00+02:00</RequiredDate><ShippedDate>1996-07-31T00:00:00+02:00</ShippedDate><ShipVia>3</ShipVia><Freight>25.73</Freight><ShipName>Wartian Herkku</ShipName><ShipAddress>Torikatu 38</ShipAddress><ShipCity>Oulu</ShipCity><ShipPostalCode>90110</ShipPostalCode><ShipCountry>Finland</ShipCountry></Order>