<?xml version="1.0" encoding="UTF-8"?>
<Order rownum="2374"><OrderID>10309</OrderID><CustomerID>HUNGO</CustomerID><EmployeeID>3</EmployeeID><OrderDate>1996-09-19T00:00:00+02:00</OrderDate><RequiredDate>1996-10-17T00:00:00+02:00</RequiredDate><ShippedDate>1996-10-23T00:00:00+02:00</ShippedDate><ShipVia>1</ShipVia><Freight>47.3</Freight><ShipName>Hungry Owl All-Night Grocers</ShipName><ShipAddress>8 Johnstown Road</ShipAddress><ShipCity>Cork</ShipCity><ShipRegion>Co. Cork</ShipRegion><ShipCountry>Ireland</ShipCountry></Order>