<?xml version="1.0" encoding="UTF-8"?>
<Order rownum="2352"><OrderID>10287</OrderID><CustomerID>RICAR</CustomerID><EmployeeID>8</EmployeeID><OrderDate>1996-08-22T00:00:00+02:00</OrderDate><RequiredDate>1996-09-19T00:00:00+02:00</RequiredDate><ShippedDate>1996-08-28T00:00:00+02:00</ShippedDate><ShipVia>3</ShipVia><Freight>12.76</Freight><ShipName>Ricardo Adocicados</ShipName><ShipAddress>Av. Copacabana, 267</ShipAddress><ShipCity>Rio de Janeiro</ShipCity><ShipRegion>RJ</ShipRegion><ShipPostalCode>02389-890</ShipPostalCode><ShipCountry>Brazil</ShipCountry></Order>