<?xml version="1.0" encoding="UTF-8"?>
<Order rownum="2337"><OrderID>10272</OrderID><CustomerID>RATTC</CustomerID><EmployeeID>6</EmployeeID><OrderDate>1996-08-02T00:00:00+02:00</OrderDate><RequiredDate>1996-08-30T00:00:00+02:00</RequiredDate><ShippedDate>1996-08-06T00:00:00+02:00</ShippedDate><ShipVia>2</ShipVia><Freight>98.03</Freight><ShipName>Rattlesnake Canyon Grocery</ShipName><ShipAddress>2817 Milton Dr.</ShipAddress><ShipCity>Albuquerque</ShipCity><ShipRegion>NM</ShipRegion><ShipPostalCode>87110</ShipPostalCode><ShipCountry>USA</ShipCountry></Order>