<?xml version="1.0" encoding="UTF-8"?>
<Order rownum="2695"><OrderID>10630</OrderID><CustomerID>KOENE</CustomerID><EmployeeID>1</EmployeeID><OrderDate>1997-08-13T00:00:00+02:00</OrderDate><RequiredDate>1997-09-10T00:00:00+02:00</RequiredDate><ShippedDate>1997-08-19T00:00:00+02:00</ShippedDate><ShipVia>2</ShipVia><Freight>32.35</Freight><ShipName>Königlich Esse</ShipName><ShipAddress>Maubelstr. 90</ShipAddress><ShipCity>Brandenburg</ShipCity><ShipPostalCode>14776</ShipPostalCode><ShipCountry>Germany</ShipCountry></Order>