<?xml version="1.0" encoding="UTF-8"?>
<Order rownum="2669"><OrderID>10604</OrderID><CustomerID>FURIB</CustomerID><EmployeeID>1</EmployeeID><OrderDate>1997-07-18T00:00:00+02:00</OrderDate><RequiredDate>1997-08-15T00:00:00+02:00</RequiredDate><ShippedDate>1997-07-29T00:00:00+02:00</ShippedDate><ShipVia>1</ShipVia><Freight>7.46</Freight><ShipName>Furia Bacalhau e Frutos do Mar</ShipName><ShipAddress>Jardim das rosas n. 32</ShipAddress><ShipCity>Lisboa</ShipCity><ShipPostalCode>1675</ShipPostalCode><ShipCountry>Portugal</ShipCountry></Order>