<?xml version="1.0" encoding="UTF-8"?>
<Order rownum="2771"><OrderID>10706</OrderID><CustomerID>OLDWO</CustomerID><EmployeeID>8</EmployeeID><OrderDate>1997-10-16T00:00:00+02:00</OrderDate><RequiredDate>1997-11-13T00:00:00+01:00</RequiredDate><ShippedDate>1997-10-21T00:00:00+02:00</ShippedDate><ShipVia>3</ShipVia><Freight>135.63</Freight><ShipName>Old World Delicatesse</ShipName><ShipAddress>2743 Bering St.</ShipAddress><ShipCity>Anchorage</ShipCity><ShipRegion>AK</ShipRegion><ShipPostalCode>99508</ShipPostalCode><ShipCountry>USA</ShipCountry></Order>