<?xml version="1.0" encoding="UTF-8"?>
<Order rownum="2699"><OrderID>10634</OrderID><CustomerID>FOLIG</CustomerID><EmployeeID>4</EmployeeID><OrderDate>1997-08-15T00:00:00+02:00</OrderDate><RequiredDate>1997-09-12T00:00:00+02:00</RequiredDate><ShippedDate>1997-08-21T00:00:00+02:00</ShippedDate><ShipVia>3</ShipVia><Freight>487.38</Freight><ShipName>Folies gourmandes</ShipName><ShipAddress>184, chaussée de Tournai</ShipAddress><ShipCity>Lille</ShipCity><ShipPostalCode>59000</ShipPostalCode><ShipCountry>France</ShipCountry></Order>