<?xml version="1.0" encoding="UTF-8"?>
<Order rownum="2318"><OrderID>10253</OrderID><CustomerID>HANAR</CustomerID><EmployeeID>3</EmployeeID><OrderDate>1996-07-10T00:00:00+02:00</OrderDate><RequiredDate>1996-07-24T00:00:00+02:00</RequiredDate><ShippedDate>1996-07-16T00:00:00+02:00</ShippedDate><ShipVia>2</ShipVia><Freight>58.17</Freight><ShipName>Hanari Carnes</ShipName><ShipAddress>Rua do Paço, 67</ShipAddress><ShipCity>Rio de Janeiro</ShipCity><ShipRegion>RJ</ShipRegion><ShipPostalCode>05454-876</ShipPostalCode><ShipCountry>Brazil</ShipCountry></Order>