<?xml version="1.0" encoding="UTF-8"?>
<Order rownum="2511"><OrderID>10446</OrderID><CustomerID>TOMSP</CustomerID><EmployeeID>6</EmployeeID><OrderDate>1997-02-14T00:00:00+01:00</OrderDate><RequiredDate>1997-03-14T00:00:00+01:00</RequiredDate><ShippedDate>1997-02-19T00:00:00+01:00</ShippedDate><ShipVia>1</ShipVia><Freight>14.68</Freight><ShipName>Toms Spezialitäte</ShipName><ShipAddress>Luisenstr. 48</ShipAddress><ShipCity>Münster</ShipCity><ShipPostalCode>44087</ShipPostalCode><ShipCountry>Germany</ShipCountry></Order>