<?xml version="1.0" encoding="UTF-8"?>
<Order rownum="2316"><OrderID>10251</OrderID><CustomerID>VICTE</CustomerID><EmployeeID>3</EmployeeID><OrderDate>1996-07-08T00:00:00+02:00</OrderDate><RequiredDate>1996-08-05T00:00:00+02:00</RequiredDate><ShippedDate>1996-07-15T00:00:00+02:00</ShippedDate><ShipVia>1</ShipVia><Freight>41.34</Freight><ShipName>Victuailles en stock</ShipName><ShipAddress>2, rue du Commerce</ShipAddress><ShipCity>Lyon</ShipCity><ShipPostalCode>69004</ShipPostalCode><ShipCountry>France</ShipCountry></Order>