<?xml version="1.0" encoding="UTF-8"?>
<Order rownum="2658"><OrderID>10593</OrderID><CustomerID>LEHMS</CustomerID><EmployeeID>7</EmployeeID><OrderDate>1997-07-09T00:00:00+02:00</OrderDate><RequiredDate>1997-08-06T00:00:00+02:00</RequiredDate><ShippedDate>1997-08-13T00:00:00+02:00</ShippedDate><ShipVia>2</ShipVia><Freight>174.2</Freight><ShipName>Lehmanns Marktstand</ShipName><ShipAddress>Magazinweg 7</ShipAddress><ShipCity>Frankfurt a.M.</ShipCity><ShipPostalCode>60528</ShipPostalCode><ShipCountry>Germany</ShipCountry></Order>