<?xml version="1.0" encoding="UTF-8"?>
<Order rownum="2439"><OrderID>10374</OrderID><CustomerID>WOLZA</CustomerID><EmployeeID>1</EmployeeID><OrderDate>1996-12-05T00:00:00+01:00</OrderDate><RequiredDate>1997-01-02T00:00:00+01:00</RequiredDate><ShippedDate>1996-12-09T00:00:00+01:00</ShippedDate><ShipVia>3</ShipVia><Freight>3.94</Freight><ShipName>Wolski Zajazd</ShipName><ShipAddress>ul. Filtrowa 68</ShipAddress><ShipCity>Warszawa</ShipCity><ShipPostalCode>01-012</ShipPostalCode><ShipCountry>Poland</ShipCountry></Order>