<?xml version="1.0" encoding="UTF-8"?>
<Order rownum="2673"><OrderID>10608</OrderID><CustomerID>TOMSP</CustomerID><EmployeeID>4</EmployeeID><OrderDate>1997-07-23T00:00:00+02:00</OrderDate><RequiredDate>1997-08-20T00:00:00+02:00</RequiredDate><ShippedDate>1997-08-01T00:00:00+02:00</ShippedDate><ShipVia>2</ShipVia><Freight>27.79</Freight><ShipName>Toms Spezialitäte</ShipName><ShipAddress>Luisenstr. 48</ShipAddress><ShipCity>Münster</ShipCity><ShipPostalCode>44087</ShipPostalCode><ShipCountry>Germany</ShipCountry></Order>