<?xml version="1.0" encoding="UTF-8"?>
<Order rownum="2424"><OrderID>10359</OrderID><CustomerID>SEVES</CustomerID><EmployeeID>5</EmployeeID><OrderDate>1996-11-21T00:00:00+01:00</OrderDate><RequiredDate>1996-12-19T00:00:00+01:00</RequiredDate><ShippedDate>1996-11-26T00:00:00+01:00</ShippedDate><ShipVia>3</ShipVia><Freight>288.43</Freight><ShipName>Seven Seas Imports</ShipName><ShipAddress>90 Wadhurst Rd.</ShipAddress><ShipCity>Londo</ShipCity><ShipPostalCode>OX15 4NB</ShipPostalCode><ShipCountry>UK</ShipCountry></Order>