<?xml version="1.0" encoding="UTF-8"?>
<Order rownum="2344"><OrderID>10279</OrderID><CustomerID>LEHMS</CustomerID><EmployeeID>8</EmployeeID><OrderDate>1996-08-13T00:00:00+02:00</OrderDate><RequiredDate>1996-09-10T00:00:00+02:00</RequiredDate><ShippedDate>1996-08-16T00:00:00+02:00</ShippedDate><ShipVia>2</ShipVia><Freight>25.83</Freight><ShipName>Lehmanns Marktstand</ShipName><ShipAddress>Magazinweg 7</ShipAddress><ShipCity>Frankfurt a.M.</ShipCity><ShipPostalCode>60528</ShipPostalCode><ShipCountry>Germany</ShipCountry></Order>