<?xml version="1.0" encoding="UTF-8"?>
<Order rownum="2538"><OrderID>10473</OrderID><CustomerID>ISLAT</CustomerID><EmployeeID>1</EmployeeID><OrderDate>1997-03-13T00:00:00+01:00</OrderDate><RequiredDate>1997-03-27T00:00:00+01:00</RequiredDate><ShippedDate>1997-03-21T00:00:00+01:00</ShippedDate><ShipVia>3</ShipVia><Freight>16.37</Freight><ShipName>Island Trading</ShipName><ShipAddress>Garden House Crowther Way</ShipAddress><ShipCity>Cowes</ShipCity><ShipRegion>Isle of Wight</ShipRegion><ShipPostalCode>PO31 7PJ</ShipPostalCode><ShipCountry>UK</ShipCountry></Order>