<?xml version="1.0" encoding="UTF-8"?>
<Order rownum="2611"><OrderID>10546</OrderID><CustomerID>VICTE</CustomerID><EmployeeID>1</EmployeeID><OrderDate>1997-05-23T00:00:00+02:00</OrderDate><RequiredDate>1997-06-20T00:00:00+02:00</RequiredDate><ShippedDate>1997-05-27T00:00:00+02:00</ShippedDate><ShipVia>3</ShipVia><Freight>194.72</Freight><ShipName>Victuailles en stock</ShipName><ShipAddress>2, rue du Commerce</ShipAddress><ShipCity>Lyo</ShipCity><ShipPostalCode>69004</ShipPostalCode><ShipCountry>France</ShipCountry></Order>