<?xml version="1.0" encoding="UTF-8"?>
<Order rownum="2651"><OrderID>10586</OrderID><CustomerID>REGGC</CustomerID><EmployeeID>9</EmployeeID><OrderDate>1997-07-02T00:00:00+02:00</OrderDate><RequiredDate>1997-07-30T00:00:00+02:00</RequiredDate><ShippedDate>1997-07-09T00:00:00+02:00</ShippedDate><ShipVia>1</ShipVia><Freight>0.48</Freight><ShipName>Reggiani Caseifici</ShipName><ShipAddress>Strada Provinciale 124</ShipAddress><ShipCity>Reggio Emilia</ShipCity><ShipPostalCode>42100</ShipPostalCode><ShipCountry>Italy</ShipCountry></Order>