<?xml version="1.0" encoding="UTF-8"?>
<Order rownum="2576"><OrderID>10511</OrderID><CustomerID>BONAP</CustomerID><EmployeeID>4</EmployeeID><OrderDate>1997-04-18T00:00:00+02:00</OrderDate><RequiredDate>1997-05-16T00:00:00+02:00</RequiredDate><ShippedDate>1997-04-21T00:00:00+02:00</ShippedDate><ShipVia>3</ShipVia><Freight>350.64</Freight><ShipName>Bon app'</ShipName><ShipAddress>12, rue des Bouchers</ShipAddress><ShipCity>Marseille</ShipCity><ShipPostalCode>13008</ShipPostalCode><ShipCountry>France</ShipCountry></Order>