<?xml version="1.0" encoding="UTF-8"?>
<Order rownum="2382"><OrderID>10317</OrderID><CustomerID>LONEP</CustomerID><EmployeeID>6</EmployeeID><OrderDate>1996-09-30T00:00:00+02:00</OrderDate><RequiredDate>1996-10-28T00:00:00+01:00</RequiredDate><ShippedDate>1996-10-10T00:00:00+02:00</ShippedDate><ShipVia>1</ShipVia><Freight>12.69</Freight><ShipName>Lonesome Pine Restaurant</ShipName><ShipAddress>89 Chiaroscuro Rd.</ShipAddress><ShipCity>Portland</ShipCity><ShipRegion>OR</ShipRegion><ShipPostalCode>97219</ShipPostalCode><ShipCountry>USA</ShipCountry></Order>