<?xml version="1.0" encoding="UTF-8"?>
<Order rownum="2596"><OrderID>10531</OrderID><CustomerID>OCEA</CustomerID><EmployeeID>7</EmployeeID><OrderDate>1997-05-08T00:00:00+02:00</OrderDate><RequiredDate>1997-06-05T00:00:00+02:00</RequiredDate><ShippedDate>1997-05-19T00:00:00+02:00</ShippedDate><ShipVia>1</ShipVia><Freight>8.12</Freight><ShipName>Océano Atlántico Ltda.</ShipName><ShipAddress>Ing. Gustavo Moncada 8585 Piso 20-A</ShipAddress><ShipCity>Buenos Aires</ShipCity><ShipPostalCode>1010</ShipPostalCode><ShipCountry>Argentina</ShipCountry></Order>