<?xml version="1.0" encoding="UTF-8"?>
<Order rownum="2433"><OrderID>10368</OrderID><CustomerID>ERNSH</CustomerID><EmployeeID>2</EmployeeID><OrderDate>1996-11-29T00:00:00+01:00</OrderDate><RequiredDate>1996-12-27T00:00:00+01:00</RequiredDate><ShippedDate>1996-12-02T00:00:00+01:00</ShippedDate><ShipVia>2</ShipVia><Freight>101.95</Freight><ShipName>Ernst Handel</ShipName><ShipAddress>Kirchgasse 6</ShipAddress><ShipCity>Graz</ShipCity><ShipPostalCode>8010</ShipPostalCode><ShipCountry>Austria</ShipCountry></Order>