<?xml version="1.0" encoding="UTF-8"?>
<Order rownum="2495"><OrderID>10430</OrderID><CustomerID>ERNSH</CustomerID><EmployeeID>4</EmployeeID><OrderDate>1997-01-30T00:00:00+01:00</OrderDate><RequiredDate>1997-02-13T00:00:00+01:00</RequiredDate><ShippedDate>1997-02-03T00:00:00+01:00</ShippedDate><ShipVia>1</ShipVia><Freight>458.78</Freight><ShipName>Ernst Handel</ShipName><ShipAddress>Kirchgasse 6</ShipAddress><ShipCity>Graz</ShipCity><ShipPostalCode>8010</ShipPostalCode><ShipCountry>Austria</ShipCountry></Order>