<?xml version="1.0" encoding="UTF-8"?>
<Order rownum="2381"><OrderID>10316</OrderID><CustomerID>RATTC</CustomerID><EmployeeID>1</EmployeeID><OrderDate>1996-09-27T00:00:00+02:00</OrderDate><RequiredDate>1996-10-25T00:00:00+02:00</RequiredDate><ShippedDate>1996-10-08T00:00:00+02:00</ShippedDate><ShipVia>3</ShipVia><Freight>150.15</Freight><ShipName>Rattlesnake Canyon Grocery</ShipName><ShipAddress>2817 Milton Dr.</ShipAddress><ShipCity>Albuquerque</ShipCity><ShipRegion>NM</ShipRegion><ShipPostalCode>87110</ShipPostalCode><ShipCountry>USA</ShipCountry></Order>