<?xml version="1.0" encoding="UTF-8"?>
<Order rownum="2599"><OrderID>10534</OrderID><CustomerID>LEHMS</CustomerID><EmployeeID>8</EmployeeID><OrderDate>1997-05-12T00:00:00+02:00</OrderDate><RequiredDate>1997-06-09T00:00:00+02:00</RequiredDate><ShippedDate>1997-05-14T00:00:00+02:00</ShippedDate><ShipVia>2</ShipVia><Freight>27.94</Freight><ShipName>Lehmanns Marktstand</ShipName><ShipAddress>Magazinweg 7</ShipAddress><ShipCity>Frankfurt a.M.</ShipCity><ShipPostalCode>60528</ShipPostalCode><ShipCountry>Germany</ShipCountry></Order>