<?xml version="1.0" encoding="UTF-8"?>
<Order rownum="2329"><OrderID>10264</OrderID><CustomerID>FOLKO</CustomerID><EmployeeID>6</EmployeeID><OrderDate>1996-07-24T00:00:00+02:00</OrderDate><RequiredDate>1996-08-21T00:00:00+02:00</RequiredDate><ShippedDate>1996-08-23T00:00:00+02:00</ShippedDate><ShipVia>3</ShipVia><Freight>3.67</Freight><ShipName>Folk och fä HB</ShipName><ShipAddress>Åkergatan 24</ShipAddress><ShipCity>Bräcke</ShipCity><ShipPostalCode>S-844 67</ShipPostalCode><ShipCountry>Swede</ShipCountry></Order>