<?xml version="1.0" encoding="UTF-8"?>
<Order rownum="2613"><OrderID>10548</OrderID><CustomerID>TOMSP</CustomerID><EmployeeID>3</EmployeeID><OrderDate>1997-05-26T00:00:00+02:00</OrderDate><RequiredDate>1997-06-23T00:00:00+02:00</RequiredDate><ShippedDate>1997-06-02T00:00:00+02:00</ShippedDate><ShipVia>2</ShipVia><Freight>1.43</Freight><ShipName>Toms Spezialitäte</ShipName><ShipAddress>Luisenstr. 48</ShipAddress><ShipCity>Münster</ShipCity><ShipPostalCode>44087</ShipPostalCode><ShipCountry>Germany</ShipCountry></Order>