<?xml version="1.0" encoding="UTF-8"?>
<Order rownum="2530"><OrderID>10465</OrderID><CustomerID>VAFFE</CustomerID><EmployeeID>1</EmployeeID><OrderDate>1997-03-05T00:00:00+01:00</OrderDate><RequiredDate>1997-04-02T00:00:00+02:00</RequiredDate><ShippedDate>1997-03-14T00:00:00+01:00</ShippedDate><ShipVia>3</ShipVia><Freight>145.04</Freight><ShipName>Vaffeljernet</ShipName><ShipAddress>Smagsloget 45</ShipAddress><ShipCity>Århus</ShipCity><ShipPostalCode>8200</ShipPostalCode><ShipCountry>Denmark</ShipCountry></Order>