<?xml version="1.0" encoding="UTF-8"?>
<Order rownum="2566"><OrderID>10501</OrderID><CustomerID>BLAUS</CustomerID><EmployeeID>9</EmployeeID><OrderDate>1997-04-09T00:00:00+02:00</OrderDate><RequiredDate>1997-05-07T00:00:00+02:00</RequiredDate><ShippedDate>1997-04-16T00:00:00+02:00</ShippedDate><ShipVia>3</ShipVia><Freight>8.85</Freight><ShipName>Blauer See Delikatesse</ShipName><ShipAddress>Forsterstr. 57</ShipAddress><ShipCity>Mannheim</ShipCity><ShipPostalCode>68306</ShipPostalCode><ShipCountry>Germany</ShipCountry></Order>