<?xml version="1.0" encoding="UTF-8"?>
<Order rownum="2744"><OrderID>10679</OrderID><CustomerID>BLONP</CustomerID><EmployeeID>8</EmployeeID><OrderDate>1997-09-23T00:00:00+02:00</OrderDate><RequiredDate>1997-10-21T00:00:00+02:00</RequiredDate><ShippedDate>1997-09-30T00:00:00+02:00</ShippedDate><ShipVia>3</ShipVia><Freight>27.94</Freight><ShipName>Blondel père et fils</ShipName><ShipAddress>24, place Kléber</ShipAddress><ShipCity>Strasbourg</ShipCity><ShipPostalCode>67000</ShipPostalCode><ShipCountry>France</ShipCountry></Order>