<?xml version="1.0" encoding="UTF-8"?>
<Order rownum="2654"><OrderID>10589</OrderID><CustomerID>GREAL</CustomerID><EmployeeID>8</EmployeeID><OrderDate>1997-07-04T00:00:00+02:00</OrderDate><RequiredDate>1997-08-01T00:00:00+02:00</RequiredDate><ShippedDate>1997-07-14T00:00:00+02:00</ShippedDate><ShipVia>2</ShipVia><Freight>4.42</Freight><ShipName>Great Lakes Food Market</ShipName><ShipAddress>2732 Baker Blvd.</ShipAddress><ShipCity>Eugene</ShipCity><ShipRegion>OR</ShipRegion><ShipPostalCode>97403</ShipPostalCode><ShipCountry>USA</ShipCountry></Order>