<?xml version="1.0" encoding="UTF-8"?>
<Order rownum="2338"><OrderID>10273</OrderID><CustomerID>QUICK</CustomerID><EmployeeID>3</EmployeeID><OrderDate>1996-08-05T00:00:00+02:00</OrderDate><RequiredDate>1996-09-02T00:00:00+02:00</RequiredDate><ShippedDate>1996-08-12T00:00:00+02:00</ShippedDate><ShipVia>3</ShipVia><Freight>76.07</Freight><ShipName>QUICK-Stop</ShipName><ShipAddress>Taucherstraße 10</ShipAddress><ShipCity>Cunewalde</ShipCity><ShipPostalCode>01307</ShipPostalCode><ShipCountry>Germany</ShipCountry></Order>