<?xml version="1.0" encoding="UTF-8"?>
<Order rownum="2632"><OrderID>10567</OrderID><CustomerID>HUNGO</CustomerID><EmployeeID>1</EmployeeID><OrderDate>1997-06-12T00:00:00+02:00</OrderDate><RequiredDate>1997-07-10T00:00:00+02:00</RequiredDate><ShippedDate>1997-06-17T00:00:00+02:00</ShippedDate><ShipVia>1</ShipVia><Freight>33.97</Freight><ShipName>Hungry Owl All-Night Grocers</ShipName><ShipAddress>8 Johnstown Road</ShipAddress><ShipCity>Cork</ShipCity><ShipRegion>Co. Cork</ShipRegion><ShipCountry>Ireland</ShipCountry></Order>