<?xml version="1.0" encoding="UTF-8"?>
<Order rownum="2626"><OrderID>10561</OrderID><CustomerID>FOLKO</CustomerID><EmployeeID>2</EmployeeID><OrderDate>1997-06-06T00:00:00+02:00</OrderDate><RequiredDate>1997-07-04T00:00:00+02:00</RequiredDate><ShippedDate>1997-06-09T00:00:00+02:00</ShippedDate><ShipVia>2</ShipVia><Freight>242.21</Freight><ShipName>Folk och fä HB</ShipName><ShipAddress>Åkergatan 24</ShipAddress><ShipCity>Bräcke</ShipCity><ShipPostalCode>S-844 67</ShipPostalCode><ShipCountry>Swede</ShipCountry></Order>