<?xml version="1.0" encoding="UTF-8"?>
<Order rownum="2701"><OrderID>10636</OrderID><CustomerID>WARTH</CustomerID><EmployeeID>4</EmployeeID><OrderDate>1997-08-19T00:00:00+02:00</OrderDate><RequiredDate>1997-09-16T00:00:00+02:00</RequiredDate><ShippedDate>1997-08-26T00:00:00+02:00</ShippedDate><ShipVia>1</ShipVia><Freight>1.15</Freight><ShipName>Wartian Herkku</ShipName><ShipAddress>Torikatu 38</ShipAddress><ShipCity>Oulu</ShipCity><ShipPostalCode>90110</ShipPostalCode><ShipCountry>Finland</ShipCountry></Order>