<?xml version="1.0" encoding="UTF-8"?>
<Order rownum="2546"><OrderID>10481</OrderID><CustomerID>RICAR</CustomerID><EmployeeID>8</EmployeeID><OrderDate>1997-03-20T00:00:00+01:00</OrderDate><RequiredDate>1997-04-17T00:00:00+02:00</RequiredDate><ShippedDate>1997-03-25T00:00:00+01:00</ShippedDate><ShipVia>2</ShipVia><Freight>64.33</Freight><ShipName>Ricardo Adocicados</ShipName><ShipAddress>Av. Copacabana, 267</ShipAddress><ShipCity>Rio de Janeiro</ShipCity><ShipRegion>RJ</ShipRegion><ShipPostalCode>02389-890</ShipPostalCode><ShipCountry>Brazil</ShipCountry></Order>