<?xml version="1.0" encoding="UTF-8"?>
<Order rownum="2524"><OrderID>10459</OrderID><CustomerID>VICTE</CustomerID><EmployeeID>4</EmployeeID><OrderDate>1997-02-27T00:00:00+01:00</OrderDate><RequiredDate>1997-03-27T00:00:00+01:00</RequiredDate><ShippedDate>1997-02-28T00:00:00+01:00</ShippedDate><ShipVia>2</ShipVia><Freight>25.09</Freight><ShipName>Victuailles en stock</ShipName><ShipAddress>2, rue du Commerce</ShipAddress><ShipCity>Lyo</ShipCity><ShipPostalCode>69004</ShipPostalCode><ShipCountry>France</ShipCountry></Order>