<?xml version="1.0" encoding="UTF-8"?>
<Order rownum="2677"><OrderID>10612</OrderID><CustomerID>SAVEA</CustomerID><EmployeeID>1</EmployeeID><OrderDate>1997-07-28T00:00:00+02:00</OrderDate><RequiredDate>1997-08-25T00:00:00+02:00</RequiredDate><ShippedDate>1997-08-01T00:00:00+02:00</ShippedDate><ShipVia>2</ShipVia><Freight>544.08</Freight><ShipName>Save-a-lot Markets</ShipName><ShipAddress>187 Suffolk Ln.</ShipAddress><ShipCity>Boise</ShipCity><ShipRegion>ID</ShipRegion><ShipPostalCode>83720</ShipPostalCode><ShipCountry>USA</ShipCountry></Order>