<?xml version="1.0" encoding="UTF-8"?>
<Order rownum="2667"><OrderID>10602</OrderID><CustomerID>VAFFE</CustomerID><EmployeeID>8</EmployeeID><OrderDate>1997-07-17T00:00:00+02:00</OrderDate><RequiredDate>1997-08-14T00:00:00+02:00</RequiredDate><ShippedDate>1997-07-22T00:00:00+02:00</ShippedDate><ShipVia>2</ShipVia><Freight>2.92</Freight><ShipName>Vaffeljernet</ShipName><ShipAddress>Smagsloget 45</ShipAddress><ShipCity>Århus</ShipCity><ShipPostalCode>8200</ShipPostalCode><ShipCountry>Denmark</ShipCountry></Order>