<?xml version="1.0" encoding="UTF-8"?>
<Order rownum="2577"><OrderID>10512</OrderID><CustomerID>FAMIA</CustomerID><EmployeeID>7</EmployeeID><OrderDate>1997-04-21T00:00:00+02:00</OrderDate><RequiredDate>1997-05-19T00:00:00+02:00</RequiredDate><ShippedDate>1997-04-24T00:00:00+02:00</ShippedDate><ShipVia>2</ShipVia><Freight>3.53</Freight><ShipName>Familia Arquibaldo</ShipName><ShipAddress>Rua Orós, 92</ShipAddress><ShipCity>Sao Paulo</ShipCity><ShipRegion>SP</ShipRegion><ShipPostalCode>05442-030</ShipPostalCode><ShipCountry>Brazil</ShipCountry></Order>