<?xml version="1.0" encoding="UTF-8"?>
<Order rownum="2508"><OrderID>10443</OrderID><CustomerID>REGGC</CustomerID><EmployeeID>8</EmployeeID><OrderDate>1997-02-12T00:00:00+01:00</OrderDate><RequiredDate>1997-03-12T00:00:00+01:00</RequiredDate><ShippedDate>1997-02-14T00:00:00+01:00</ShippedDate><ShipVia>1</ShipVia><Freight>13.95</Freight><ShipName>Reggiani Caseifici</ShipName><ShipAddress>Strada Provinciale 124</ShipAddress><ShipCity>Reggio Emilia</ShipCity><ShipPostalCode>42100</ShipPostalCode><ShipCountry>Italy</ShipCountry></Order>