<?xml version="1.0" encoding="UTF-8"?>
<Order rownum="2539"><OrderID>10474</OrderID><CustomerID>PERIC</CustomerID><EmployeeID>5</EmployeeID><OrderDate>1997-03-13T00:00:00+01:00</OrderDate><RequiredDate>1997-04-10T00:00:00+02:00</RequiredDate><ShippedDate>1997-03-21T00:00:00+01:00</ShippedDate><ShipVia>2</ShipVia><Freight>83.49</Freight><ShipName>Pericles Comidas clásicas</ShipName><ShipAddress>Calle Dr. Jorge Cash 321</ShipAddress><ShipCity>México D.F.</ShipCity><ShipPostalCode>05033</ShipPostalCode><ShipCountry>Mexico</ShipCountry></Order>