<?xml version="1.0" encoding="UTF-8"?>
<Order rownum="2391"><OrderID>10326</OrderID><CustomerID>BOLID</CustomerID><EmployeeID>4</EmployeeID><OrderDate>1996-10-10T00:00:00+02:00</OrderDate><RequiredDate>1996-11-07T00:00:00+01:00</RequiredDate><ShippedDate>1996-10-14T00:00:00+02:00</ShippedDate><ShipVia>2</ShipVia><Freight>77.92</Freight><ShipName>Bólido Comidas preparadas</ShipName><ShipAddress>C/ Araquil, 67</ShipAddress><ShipCity>Madrid</ShipCity><ShipPostalCode>28023</ShipPostalCode><ShipCountry>Spai</ShipCountry></Order>