<?xml version="1.0" encoding="UTF-8"?>
<Order rownum="2471"><OrderID>10406</OrderID><CustomerID>QUEE</CustomerID><EmployeeID>7</EmployeeID><OrderDate>1997-01-07T00:00:00+01:00</OrderDate><RequiredDate>1997-02-18T00:00:00+01:00</RequiredDate><ShippedDate>1997-01-13T00:00:00+01:00</ShippedDate><ShipVia>1</ShipVia><Freight>108.04</Freight><ShipName>Queen Cozinha</ShipName><ShipAddress>Alameda dos Canàrios, 891</ShipAddress><ShipCity>Sao Paulo</ShipCity><ShipRegion>SP</ShipRegion><ShipPostalCode>05487-020</ShipPostalCode><ShipCountry>Brazil</ShipCountry></Order>