<?xml version="1.0" encoding="UTF-8"?>
<Order rownum="2756"><OrderID>10691</OrderID><CustomerID>QUICK</CustomerID><EmployeeID>2</EmployeeID><OrderDate>1997-10-03T00:00:00+02:00</OrderDate><RequiredDate>1997-11-14T00:00:00+01:00</RequiredDate><ShippedDate>1997-10-22T00:00:00+02:00</ShippedDate><ShipVia>2</ShipVia><Freight>810.05</Freight><ShipName>QUICK-Stop</ShipName><ShipAddress>Taucherstraße 10</ShipAddress><ShipCity>Cunewalde</ShipCity><ShipPostalCode>01307</ShipPostalCode><ShipCountry>Germany</ShipCountry></Order>