<?xml version="1.0" encoding="UTF-8"?>
<Order rownum="2375"><OrderID>10310</OrderID><CustomerID>THEBI</CustomerID><EmployeeID>8</EmployeeID><OrderDate>1996-09-20T00:00:00+02:00</OrderDate><RequiredDate>1996-10-18T00:00:00+02:00</RequiredDate><ShippedDate>1996-09-27T00:00:00+02:00</ShippedDate><ShipVia>2</ShipVia><Freight>17.52</Freight><ShipName>The Big Cheese</ShipName><ShipAddress>89 Jefferson Way Suite 2</ShipAddress><ShipCity>Portland</ShipCity><ShipRegion>OR</ShipRegion><ShipPostalCode>97201</ShipPostalCode><ShipCountry>USA</ShipCountry></Order>