<?xml version="1.0" encoding="UTF-8"?>
<Order rownum="2392"><OrderID>10327</OrderID><CustomerID>FOLKO</CustomerID><EmployeeID>2</EmployeeID><OrderDate>1996-10-11T00:00:00+02:00</OrderDate><RequiredDate>1996-11-08T00:00:00+01:00</RequiredDate><ShippedDate>1996-10-14T00:00:00+02:00</ShippedDate><ShipVia>1</ShipVia><Freight>63.36</Freight><ShipName>Folk och fä HB</ShipName><ShipAddress>Åkergatan 24</ShipAddress><ShipCity>Bräcke</ShipCity><ShipPostalCode>S-844 67</ShipPostalCode><ShipCountry>Swede</ShipCountry></Order>