<?xml version="1.0" encoding="UTF-8"?>
<Order rownum="2712"><OrderID>10647</OrderID><CustomerID>QUEDE</CustomerID><EmployeeID>4</EmployeeID><OrderDate>1997-08-27T00:00:00+02:00</OrderDate><RequiredDate>1997-09-10T00:00:00+02:00</RequiredDate><ShippedDate>1997-09-03T00:00:00+02:00</ShippedDate><ShipVia>2</ShipVia><Freight>45.54</Freight><ShipName>Que Delícia</ShipName><ShipAddress>Rua da Panificadora, 12</ShipAddress><ShipCity>Rio de Janeiro</ShipCity><ShipRegion>RJ</ShipRegion><ShipPostalCode>02389-673</ShipPostalCode><ShipCountry>Brazil</ShipCountry></Order>