<?xml version="1.0" encoding="UTF-8"?>
<Order rownum="2358"><OrderID>10293</OrderID><CustomerID>TORTU</CustomerID><EmployeeID>1</EmployeeID><OrderDate>1996-08-29T00:00:00+02:00</OrderDate><RequiredDate>1996-09-26T00:00:00+02:00</RequiredDate><ShippedDate>1996-09-11T00:00:00+02:00</ShippedDate><ShipVia>3</ShipVia><Freight>21.18</Freight><ShipName>Tortuga Restaurante</ShipName><ShipAddress>Avda. Azteca 123</ShipAddress><ShipCity>México D.F.</ShipCity><ShipPostalCode>05033</ShipPostalCode><ShipCountry>Mexico</ShipCountry></Order>