<?xml version="1.0" encoding="UTF-8"?>
<Order rownum="2697"><OrderID>10632</OrderID><CustomerID>WANDK</CustomerID><EmployeeID>8</EmployeeID><OrderDate>1997-08-14T00:00:00+02:00</OrderDate><RequiredDate>1997-09-11T00:00:00+02:00</RequiredDate><ShippedDate>1997-08-19T00:00:00+02:00</ShippedDate><ShipVia>1</ShipVia><Freight>41.38</Freight><ShipName>Die Wandernde Kuh</ShipName><ShipAddress>Adenauerallee 900</ShipAddress><ShipCity>Stuttgart</ShipCity><ShipPostalCode>70563</ShipPostalCode><ShipCountry>Germany</ShipCountry></Order>