<?xml version="1.0" encoding="UTF-8"?>
<Order rownum="2434"><OrderID>10369</OrderID><CustomerID>SPLIR</CustomerID><EmployeeID>8</EmployeeID><OrderDate>1996-12-02T00:00:00+01:00</OrderDate><RequiredDate>1996-12-30T00:00:00+01:00</RequiredDate><ShippedDate>1996-12-09T00:00:00+01:00</ShippedDate><ShipVia>2</ShipVia><Freight>195.68</Freight><ShipName>Split Rail Beer &amp; Ale</ShipName><ShipAddress>P.O. Box 555</ShipAddress><ShipCity>Lander</ShipCity><ShipRegion>WY</ShipRegion><ShipPostalCode>82520</ShipPostalCode><ShipCountry>USA</ShipCountry></Order>