<?xml version="1.0" encoding="UTF-8"?>
<Order rownum="2564"><OrderID>10499</OrderID><CustomerID>LILAS</CustomerID><EmployeeID>4</EmployeeID><OrderDate>1997-04-08T00:00:00+02:00</OrderDate><RequiredDate>1997-05-06T00:00:00+02:00</RequiredDate><ShippedDate>1997-04-16T00:00:00+02:00</ShippedDate><ShipVia>2</ShipVia><Freight>102.02</Freight><ShipName>LILA-Supermercado</ShipName><ShipAddress>Carrera 52 con Ave. Bolívar #65-98 Llano Largo</ShipAddress><ShipCity>Barquisimeto</ShipCity><ShipRegion>Lara</ShipRegion><ShipPostalCode>3508</ShipPostalCode><ShipCountry>Venezuela</ShipCountry></Order>