<?xml version="1.0" encoding="UTF-8"?>
<Order rownum="2799"><OrderID>10734</OrderID><CustomerID>GOURL</CustomerID><EmployeeID>2</EmployeeID><OrderDate>1997-11-07T00:00:00+01:00</OrderDate><RequiredDate>1997-12-05T00:00:00+01:00</RequiredDate><ShippedDate>1997-11-12T00:00:00+01:00</ShippedDate><ShipVia>3</ShipVia><Freight>1.63</Freight><ShipName>Gourmet Lanchonetes</ShipName><ShipAddress>Av. Brasil, 442</ShipAddress><ShipCity>Campinas</ShipCity><ShipRegion>SP</ShipRegion><ShipPostalCode>04876-786</ShipPostalCode><ShipCountry>Brazil</ShipCountry></Order>