<?xml version="1.0" encoding="UTF-8"?>
<Order rownum="2618"><OrderID>10553</OrderID><CustomerID>WARTH</CustomerID><EmployeeID>2</EmployeeID><OrderDate>1997-05-30T00:00:00+02:00</OrderDate><RequiredDate>1997-06-27T00:00:00+02:00</RequiredDate><ShippedDate>1997-06-03T00:00:00+02:00</ShippedDate><ShipVia>2</ShipVia><Freight>149.49</Freight><ShipName>Wartian Herkku</ShipName><ShipAddress>Torikatu 38</ShipAddress><ShipCity>Oulu</ShipCity><ShipPostalCode>90110</ShipPostalCode><ShipCountry>Finland</ShipCountry></Order>