<?xml version="1.0" encoding="UTF-8"?>
<Order rownum="2905"><OrderID>10840</OrderID><CustomerID>LINOD</CustomerID><EmployeeID>4</EmployeeID><OrderDate>1998-01-19T00:00:00+01:00</OrderDate><RequiredDate>1998-03-02T00:00:00+01:00</RequiredDate><ShippedDate>1998-02-16T00:00:00+01:00</ShippedDate><ShipVia>2</ShipVia><Freight>2.71</Freight><ShipName>LINO-Delicateses</ShipName><ShipAddress>Ave. 5 de Mayo Porlamar</ShipAddress><ShipCity>I. de Margarita</ShipCity><ShipRegion>Nueva Esparta</ShipRegion><ShipPostalCode>4980</ShipPostalCode><ShipCountry>Venezuela</ShipCountry></Order>