<?xml version="1.0" encoding="UTF-8"?>
<Order rownum="2809"><OrderID>10744</OrderID><CustomerID>VAFFE</CustomerID><EmployeeID>6</EmployeeID><OrderDate>1997-11-17T00:00:00+01:00</OrderDate><RequiredDate>1997-12-15T00:00:00+01:00</RequiredDate><ShippedDate>1997-11-24T00:00:00+01:00</ShippedDate><ShipVia>1</ShipVia><Freight>69.19</Freight><ShipName>Vaffeljernet</ShipName><ShipAddress>Smagsloget 45</ShipAddress><ShipCity>Århus</ShipCity><ShipPostalCode>8200</ShipPostalCode><ShipCountry>Denmark</ShipCountry></Order>