<?xml version="1.0" encoding="UTF-8"?>
<Order rownum="2946"><OrderID>10881</OrderID><CustomerID>CACTU</CustomerID><EmployeeID>4</EmployeeID><OrderDate>1998-02-11T00:00:00+01:00</OrderDate><RequiredDate>1998-03-11T00:00:00+01:00</RequiredDate><ShippedDate>1998-02-18T00:00:00+01:00</ShippedDate><ShipVia>1</ShipVia><Freight>2.84</Freight><ShipName>Cactus Comidas para llevar</ShipName><ShipAddress>Cerrito 333</ShipAddress><ShipCity>Buenos Aires</ShipCity><ShipPostalCode>1010</ShipPostalCode><ShipCountry>Argentina</ShipCountry></Order>