<?xml version="1.0" encoding="UTF-8"?>
<Order rownum="2969"><OrderID>10904</OrderID><CustomerID>WHITC</CustomerID><EmployeeID>3</EmployeeID><OrderDate>1998-02-24T00:00:00+01:00</OrderDate><RequiredDate>1998-03-24T00:00:00+01:00</RequiredDate><ShippedDate>1998-02-27T00:00:00+01:00</ShippedDate><ShipVia>3</ShipVia><Freight>162.95</Freight><ShipName>White Clover Markets</ShipName><ShipAddress>1029 - 12th Ave. S.</ShipAddress><ShipCity>Seattle</ShipCity><ShipRegion>WA</ShipRegion><ShipPostalCode>98124</ShipPostalCode><ShipCountry>USA</ShipCountry></Order>