<?xml version="1.0" encoding="UTF-8"?>
<Order rownum="2507"><OrderID>10442</OrderID><CustomerID>ERNSH</CustomerID><EmployeeID>3</EmployeeID><OrderDate>1997-02-11T00:00:00+01:00</OrderDate><RequiredDate>1997-03-11T00:00:00+01:00</RequiredDate><ShippedDate>1997-02-18T00:00:00+01:00</ShippedDate><ShipVia>2</ShipVia><Freight>47.94</Freight><ShipName>Ernst Handel</ShipName><ShipAddress>Kirchgasse 6</ShipAddress><ShipCity>Graz</ShipCity><ShipPostalCode>8010</ShipPostalCode><ShipCountry>Austria</ShipCountry></Order>