<?xml version="1.0" encoding="UTF-8"?>
<Order rownum="2960"><OrderID>10895</OrderID><CustomerID>ERNSH</CustomerID><EmployeeID>3</EmployeeID><OrderDate>1998-02-18T00:00:00+01:00</OrderDate><RequiredDate>1998-03-18T00:00:00+01:00</RequiredDate><ShippedDate>1998-02-23T00:00:00+01:00</ShippedDate><ShipVia>1</ShipVia><Freight>162.75</Freight><ShipName>Ernst Handel</ShipName><ShipAddress>Kirchgasse 6</ShipAddress><ShipCity>Graz</ShipCity><ShipPostalCode>8010</ShipPostalCode><ShipCountry>Austria</ShipCountry></Order>