<?xml version="1.0" encoding="UTF-8"?>
<Order rownum="2754"><OrderID>10689</OrderID><CustomerID>BERGS</CustomerID><EmployeeID>1</EmployeeID><OrderDate>1997-10-01T00:00:00+02:00</OrderDate><RequiredDate>1997-10-29T00:00:00+01:00</RequiredDate><ShippedDate>1997-10-07T00:00:00+02:00</ShippedDate><ShipVia>2</ShipVia><Freight>13.42</Freight><ShipName>Berglunds snabbköp</ShipName><ShipAddress>Berguvsvägen  8</ShipAddress><ShipCity>Luleå</ShipCity><ShipPostalCode>S-958 22</ShipPostalCode><ShipCountry>Swede</ShipCountry></Order>