<?xml version="1.0" encoding="UTF-8"?>
<Order rownum="2753"><OrderID>10688</OrderID><CustomerID>VAFFE</CustomerID><EmployeeID>4</EmployeeID><OrderDate>1997-10-01T00:00:00+02:00</OrderDate><RequiredDate>1997-10-15T00:00:00+02:00</RequiredDate><ShippedDate>1997-10-07T00:00:00+02:00</ShippedDate><ShipVia>2</ShipVia><Freight>299.09</Freight><ShipName>Vaffeljernet</ShipName><ShipAddress>Smagsloget 45</ShipAddress><ShipCity>Århus</ShipCity><ShipPostalCode>8200</ShipPostalCode><ShipCountry>Denmark</ShipCountry></Order>