<?xml version="1.0" encoding="UTF-8"?>
<Order rownum="2493"><OrderID>10428</OrderID><CustomerID>REGGC</CustomerID><EmployeeID>7</EmployeeID><OrderDate>1997-01-28T00:00:00+01:00</OrderDate><RequiredDate>1997-02-25T00:00:00+01:00</RequiredDate><ShippedDate>1997-02-04T00:00:00+01:00</ShippedDate><ShipVia>1</ShipVia><Freight>11.09</Freight><ShipName>Reggiani Caseifici</ShipName><ShipAddress>Strada Provinciale 124</ShipAddress><ShipCity>Reggio Emilia</ShipCity><ShipPostalCode>42100</ShipPostalCode><ShipCountry>Italy</ShipCountry></Order>