<?xml version="1.0" encoding="UTF-8"?>
<Order rownum="2912"><OrderID>10847</OrderID><CustomerID>SAVEA</CustomerID><EmployeeID>4</EmployeeID><OrderDate>1998-01-22T00:00:00+01:00</OrderDate><RequiredDate>1998-02-05T00:00:00+01:00</RequiredDate><ShippedDate>1998-02-10T00:00:00+01:00</ShippedDate><ShipVia>3</ShipVia><Freight>487.57</Freight><ShipName>Save-a-lot Markets</ShipName><ShipAddress>187 Suffolk Ln.</ShipAddress><ShipCity>Boise</ShipCity><ShipRegion>ID</ShipRegion><ShipPostalCode>83720</ShipPostalCode><ShipCountry>USA</ShipCountry></Order>