<?xml version="1.0" encoding="UTF-8"?>
<Order rownum="2649"><OrderID>10584</OrderID><CustomerID>BLONP</CustomerID><EmployeeID>4</EmployeeID><OrderDate>1997-06-30T00:00:00+02:00</OrderDate><RequiredDate>1997-07-28T00:00:00+02:00</RequiredDate><ShippedDate>1997-07-04T00:00:00+02:00</ShippedDate><ShipVia>1</ShipVia><Freight>59.14</Freight><ShipName>Blondel père et fils</ShipName><ShipAddress>24, place Kléber</ShipAddress><ShipCity>Strasbourg</ShipCity><ShipPostalCode>67000</ShipPostalCode><ShipCountry>France</ShipCountry></Order>