<?xml version="1.0" encoding="UTF-8"?>
<Order rownum="2758"><OrderID>10693</OrderID><CustomerID>WHITC</CustomerID><EmployeeID>3</EmployeeID><OrderDate>1997-10-06T00:00:00+02:00</OrderDate><RequiredDate>1997-10-20T00:00:00+02:00</RequiredDate><ShippedDate>1997-10-10T00:00:00+02:00</ShippedDate><ShipVia>3</ShipVia><Freight>139.34</Freight><ShipName>White Clover Markets</ShipName><ShipAddress>1029 - 12th Ave. S.</ShipAddress><ShipCity>Seattle</ShipCity><ShipRegion>WA</ShipRegion><ShipPostalCode>98124</ShipPostalCode><ShipCountry>USA</ShipCountry></Order>