<?xml version="1.0" encoding="UTF-8"?>
<Order rownum="2987"><OrderID>10922</OrderID><CustomerID>HANAR</CustomerID><EmployeeID>5</EmployeeID><OrderDate>1998-03-03T00:00:00+01:00</OrderDate><RequiredDate>1998-03-31T00:00:00+02:00</RequiredDate><ShippedDate>1998-03-05T00:00:00+01:00</ShippedDate><ShipVia>3</ShipVia><Freight>62.74</Freight><ShipName>Hanari Carnes</ShipName><ShipAddress>Rua do Paço, 67</ShipAddress><ShipCity>Rio de Janeiro</ShipCity><ShipRegion>RJ</ShipRegion><ShipPostalCode>05454-876</ShipPostalCode><ShipCountry>Brazil</ShipCountry></Order>