<?xml version="1.0" encoding="UTF-8"?>
<Order rownum="2675"><OrderID>10610</OrderID><CustomerID>LAMAI</CustomerID><EmployeeID>8</EmployeeID><OrderDate>1997-07-25T00:00:00+02:00</OrderDate><RequiredDate>1997-08-22T00:00:00+02:00</RequiredDate><ShippedDate>1997-08-06T00:00:00+02:00</ShippedDate><ShipVia>1</ShipVia><Freight>26.78</Freight><ShipName>La maison d'Asie</ShipName><ShipAddress>1 rue Alsace-Lorraine</ShipAddress><ShipCity>Toulouse</ShipCity><ShipPostalCode>31000</ShipPostalCode><ShipCountry>France</ShipCountry></Order>