<?xml version="1.0" encoding="UTF-8"?>
<Order rownum="2426"><OrderID>10361</OrderID><CustomerID>QUICK</CustomerID><EmployeeID>1</EmployeeID><OrderDate>1996-11-22T00:00:00+01:00</OrderDate><RequiredDate>1996-12-20T00:00:00+01:00</RequiredDate><ShippedDate>1996-12-03T00:00:00+01:00</ShippedDate><ShipVia>2</ShipVia><Freight>183.17</Freight><ShipName>QUICK-Stop</ShipName><ShipAddress>Taucherstraße 10</ShipAddress><ShipCity>Cunewalde</ShipCity><ShipPostalCode>01307</ShipPostalCode><ShipCountry>Germany</ShipCountry></Order>