<?xml version="1.0" encoding="UTF-8"?>
<Order rownum="2748"><OrderID>10683</OrderID><CustomerID>DUMO</CustomerID><EmployeeID>2</EmployeeID><OrderDate>1997-09-26T00:00:00+02:00</OrderDate><RequiredDate>1997-10-24T00:00:00+02:00</RequiredDate><ShippedDate>1997-10-01T00:00:00+02:00</ShippedDate><ShipVia>1</ShipVia><Freight>4.4</Freight><ShipName>Du monde entier</ShipName><ShipAddress>67, rue des Cinquante Otages</ShipAddress><ShipCity>Nantes</ShipCity><ShipPostalCode>44000</ShipPostalCode><ShipCountry>France</ShipCountry></Order>