<?xml version="1.0" encoding="UTF-8"?>
<Order rownum="2841"><OrderID>10776</OrderID><CustomerID>ERNSH</CustomerID><EmployeeID>1</EmployeeID><OrderDate>1997-12-15T00:00:00+01:00</OrderDate><RequiredDate>1998-01-12T00:00:00+01:00</RequiredDate><ShippedDate>1997-12-18T00:00:00+01:00</ShippedDate><ShipVia>3</ShipVia><Freight>351.53</Freight><ShipName>Ernst Handel</ShipName><ShipAddress>Kirchgasse 6</ShipAddress><ShipCity>Graz</ShipCity><ShipPostalCode>8010</ShipPostalCode><ShipCountry>Austria</ShipCountry></Order>