<?xml version="1.0" encoding="UTF-8"?>
<Order rownum="2942"><OrderID>10877</OrderID><CustomerID>RICAR</CustomerID><EmployeeID>1</EmployeeID><OrderDate>1998-02-09T00:00:00+01:00</OrderDate><RequiredDate>1998-03-09T00:00:00+01:00</RequiredDate><ShippedDate>1998-02-19T00:00:00+01:00</ShippedDate><ShipVia>1</ShipVia><Freight>38.06</Freight><ShipName>Ricardo Adocicados</ShipName><ShipAddress>Av. Copacabana, 267</ShipAddress><ShipCity>Rio de Janeiro</ShipCity><ShipRegion>RJ</ShipRegion><ShipPostalCode>02389-890</ShipPostalCode><ShipCountry>Brazil</ShipCountry></Order>