<?xml version="1.0" encoding="UTF-8"?>
<Order rownum="2837"><OrderID>10772</OrderID><CustomerID>LEHMS</CustomerID><EmployeeID>3</EmployeeID><OrderDate>1997-12-10T00:00:00+01:00</OrderDate><RequiredDate>1998-01-07T00:00:00+01:00</RequiredDate><ShippedDate>1997-12-19T00:00:00+01:00</ShippedDate><ShipVia>2</ShipVia><Freight>91.28</Freight><ShipName>Lehmanns Marktstand</ShipName><ShipAddress>Magazinweg 7</ShipAddress><ShipCity>Frankfurt a.M.</ShipCity><ShipPostalCode>60528</ShipPostalCode><ShipCountry>Germany</ShipCountry></Order>