<?xml version="1.0" encoding="UTF-8"?>
<Order rownum="2859"><OrderID>10794</OrderID><CustomerID>QUEDE</CustomerID><EmployeeID>6</EmployeeID><OrderDate>1997-12-24T00:00:00+01:00</OrderDate><RequiredDate>1998-01-21T00:00:00+01:00</RequiredDate><ShippedDate>1998-01-02T00:00:00+01:00</ShippedDate><ShipVia>1</ShipVia><Freight>21.49</Freight><ShipName>Que Delícia</ShipName><ShipAddress>Rua da Panificadora, 12</ShipAddress><ShipCity>Rio de Janeiro</ShipCity><ShipRegion>RJ</ShipRegion><ShipPostalCode>02389-673</ShipPostalCode><ShipCountry>Brazil</ShipCountry></Order>