<?xml version="1.0" encoding="UTF-8"?>
<Order rownum="2791"><OrderID>10726</OrderID><CustomerID>EASTC</CustomerID><EmployeeID>4</EmployeeID><OrderDate>1997-11-03T00:00:00+01:00</OrderDate><RequiredDate>1997-11-17T00:00:00+01:00</RequiredDate><ShippedDate>1997-12-05T00:00:00+01:00</ShippedDate><ShipVia>1</ShipVia><Freight>16.56</Freight><ShipName>Eastern Connectio</ShipName><ShipAddress>35 King George</ShipAddress><ShipCity>Londo</ShipCity><ShipPostalCode>WX3 6FW</ShipPostalCode><ShipCountry>UK</ShipCountry></Order>