<?xml version="1.0" encoding="UTF-8"?>
<Order rownum="2357"><OrderID>10292</OrderID><CustomerID>TRADH</CustomerID><EmployeeID>1</EmployeeID><OrderDate>1996-08-28T00:00:00+02:00</OrderDate><RequiredDate>1996-09-25T00:00:00+02:00</RequiredDate><ShippedDate>1996-09-02T00:00:00+02:00</ShippedDate><ShipVia>2</ShipVia><Freight>1.35</Freight><ShipName>Tradiçao Hipermercados</ShipName><ShipAddress>Av. Inês de Castro, 414</ShipAddress><ShipCity>Sao Paulo</ShipCity><ShipRegion>SP</ShipRegion><ShipPostalCode>05634-030</ShipPostalCode><ShipCountry>Brazil</ShipCountry></Order>