<?xml version="1.0" encoding="UTF-8"?>
<Order rownum="2399"><OrderID>10334</OrderID><CustomerID>VICTE</CustomerID><EmployeeID>8</EmployeeID><OrderDate>1996-10-21T00:00:00+02:00</OrderDate><RequiredDate>1996-11-18T00:00:00+01:00</RequiredDate><ShippedDate>1996-10-28T00:00:00+01:00</ShippedDate><ShipVia>2</ShipVia><Freight>8.56</Freight><ShipName>Victuailles en stock</ShipName><ShipAddress>2, rue du Commerce</ShipAddress><ShipCity>Lyo</ShipCity><ShipPostalCode>69004</ShipPostalCode><ShipCountry>France</ShipCountry></Order>