<?xml version="1.0" encoding="UTF-8"?>
<Order rownum="2693"><OrderID>10628</OrderID><CustomerID>BLONP</CustomerID><EmployeeID>4</EmployeeID><OrderDate>1997-08-12T00:00:00+02:00</OrderDate><RequiredDate>1997-09-09T00:00:00+02:00</RequiredDate><ShippedDate>1997-08-20T00:00:00+02:00</ShippedDate><ShipVia>3</ShipVia><Freight>30.36</Freight><ShipName>Blondel père et fils</ShipName><ShipAddress>24, place Kléber</ShipAddress><ShipCity>Strasbourg</ShipCity><ShipPostalCode>67000</ShipPostalCode><ShipCountry>France</ShipCountry></Order>