<?xml version="1.0" encoding="UTF-8"?>
<Order rownum="2679"><OrderID>10614</OrderID><CustomerID>BLAUS</CustomerID><EmployeeID>8</EmployeeID><OrderDate>1997-07-29T00:00:00+02:00</OrderDate><RequiredDate>1997-08-26T00:00:00+02:00</RequiredDate><ShippedDate>1997-08-01T00:00:00+02:00</ShippedDate><ShipVia>3</ShipVia><Freight>1.93</Freight><ShipName>Blauer See Delikatesse</ShipName><ShipAddress>Forsterstr. 57</ShipAddress><ShipCity>Mannheim</ShipCity><ShipPostalCode>68306</ShipPostalCode><ShipCountry>Germany</ShipCountry></Order>