<?xml version="1.0" encoding="UTF-8"?>
<Order rownum="2819"><OrderID>10754</OrderID><CustomerID>MAGAA</CustomerID><EmployeeID>6</EmployeeID><OrderDate>1997-11-25T00:00:00+01:00</OrderDate><RequiredDate>1997-12-23T00:00:00+01:00</RequiredDate><ShippedDate>1997-11-27T00:00:00+01:00</ShippedDate><ShipVia>3</ShipVia><Freight>2.38</Freight><ShipName>Magazzini Alimentari Riuniti</ShipName><ShipAddress>Via Ludovico il Moro 22</ShipAddress><ShipCity>Bergamo</ShipCity><ShipPostalCode>24100</ShipPostalCode><ShipCountry>Italy</ShipCountry></Order>