<?xml version="1.0" encoding="UTF-8"?>
<Order rownum="2674"><OrderID>10609</OrderID><CustomerID>DUMO</CustomerID><EmployeeID>7</EmployeeID><OrderDate>1997-07-24T00:00:00+02:00</OrderDate><RequiredDate>1997-08-21T00:00:00+02:00</RequiredDate><ShippedDate>1997-07-30T00:00:00+02:00</ShippedDate><ShipVia>2</ShipVia><Freight>1.85</Freight><ShipName>Du monde entier</ShipName><ShipAddress>67, rue des Cinquante Otages</ShipAddress><ShipCity>Nantes</ShipCity><ShipPostalCode>44000</ShipPostalCode><ShipCountry>France</ShipCountry></Order>