<?xml version="1.0" encoding="UTF-8"?>
<Order rownum="2761"><OrderID>10696</OrderID><CustomerID>WHITC</CustomerID><EmployeeID>8</EmployeeID><OrderDate>1997-10-08T00:00:00+02:00</OrderDate><RequiredDate>1997-11-19T00:00:00+01:00</RequiredDate><ShippedDate>1997-10-14T00:00:00+02:00</ShippedDate><ShipVia>3</ShipVia><Freight>102.55</Freight><ShipName>White Clover Markets</ShipName><ShipAddress>1029 - 12th Ave. S.</ShipAddress><ShipCity>Seattle</ShipCity><ShipRegion>WA</ShipRegion><ShipPostalCode>98124</ShipPostalCode><ShipCountry>USA</ShipCountry></Order>