<?xml version="1.0" encoding="UTF-8"?>
<Order rownum="2936"><OrderID>10871</OrderID><CustomerID>BONAP</CustomerID><EmployeeID>9</EmployeeID><OrderDate>1998-02-05T00:00:00+01:00</OrderDate><RequiredDate>1998-03-05T00:00:00+01:00</RequiredDate><ShippedDate>1998-02-10T00:00:00+01:00</ShippedDate><ShipVia>2</ShipVia><Freight>112.27</Freight><ShipName>Bon app'</ShipName><ShipAddress>12, rue des Bouchers</ShipAddress><ShipCity>Marseille</ShipCity><ShipPostalCode>13008</ShipPostalCode><ShipCountry>France</ShipCountry></Order>