<?xml version="1.0" encoding="UTF-8"?>
<Order rownum="2870"><OrderID>10805</OrderID><CustomerID>THEBI</CustomerID><EmployeeID>2</EmployeeID><OrderDate>1997-12-30T00:00:00+01:00</OrderDate><RequiredDate>1998-01-27T00:00:00+01:00</RequiredDate><ShippedDate>1998-01-09T00:00:00+01:00</ShippedDate><ShipVia>3</ShipVia><Freight>237.34</Freight><ShipName>The Big Cheese</ShipName><ShipAddress>89 Jefferson Way Suite 2</ShipAddress><ShipCity>Portland</ShipCity><ShipRegion>OR</ShipRegion><ShipPostalCode>97201</ShipPostalCode><ShipCountry>USA</ShipCountry></Order>