<?xml version="1.0" encoding="UTF-8"?>
<Order rownum="2624"><OrderID>10559</OrderID><CustomerID>BLONP</CustomerID><EmployeeID>6</EmployeeID><OrderDate>1997-06-05T00:00:00+02:00</OrderDate><RequiredDate>1997-07-03T00:00:00+02:00</RequiredDate><ShippedDate>1997-06-13T00:00:00+02:00</ShippedDate><ShipVia>1</ShipVia><Freight>8.05</Freight><ShipName>Blondel père et fils</ShipName><ShipAddress>24, place Kléber</ShipAddress><ShipCity>Strasbourg</ShipCity><ShipPostalCode>67000</ShipPostalCode><ShipCountry>France</ShipCountry></Order>