<?xml version="1.0" encoding="UTF-8"?>
<Order rownum="2999"><OrderID>10934</OrderID><CustomerID>LEHMS</CustomerID><EmployeeID>3</EmployeeID><OrderDate>1998-03-09T00:00:00+01:00</OrderDate><RequiredDate>1998-04-06T00:00:00+02:00</RequiredDate><ShippedDate>1998-03-12T00:00:00+01:00</ShippedDate><ShipVia>3</ShipVia><Freight>32.01</Freight><ShipName>Lehmanns Marktstand</ShipName><ShipAddress>Magazinweg 7</ShipAddress><ShipCity>Frankfurt a.M.</ShipCity><ShipPostalCode>60528</ShipPostalCode><ShipCountry>Germany</ShipCountry></Order>