<?xml version="1.0" encoding="UTF-8"?>
<Order rownum="2683"><OrderID>10618</OrderID><CustomerID>MEREP</CustomerID><EmployeeID>1</EmployeeID><OrderDate>1997-08-01T00:00:00+02:00</OrderDate><RequiredDate>1997-09-12T00:00:00+02:00</RequiredDate><ShippedDate>1997-08-08T00:00:00+02:00</ShippedDate><ShipVia>1</ShipVia><Freight>154.68</Freight><ShipName>Mère Paillarde</ShipName><ShipAddress>43 rue St. Laurent</ShipAddress><ShipCity>Montréal</ShipCity><ShipRegion>Québec</ShipRegion><ShipPostalCode>H1J 1C3</ShipPostalCode><ShipCountry>Canada</ShipCountry></Order>