<?xml version="1.0" encoding="UTF-8"?>
<Order rownum="2927"><OrderID>10862</OrderID><CustomerID>LEHMS</CustomerID><EmployeeID>8</EmployeeID><OrderDate>1998-01-30T00:00:00+01:00</OrderDate><RequiredDate>1998-03-13T00:00:00+01:00</RequiredDate><ShippedDate>1998-02-02T00:00:00+01:00</ShippedDate><ShipVia>2</ShipVia><Freight>53.23</Freight><ShipName>Lehmanns Marktstand</ShipName><ShipAddress>Magazinweg 7</ShipAddress><ShipCity>Frankfurt a.M.</ShipCity><ShipPostalCode>60528</ShipPostalCode><ShipCountry>Germany</ShipCountry></Order>