<?xml version="1.0" encoding="UTF-8"?>
<Order rownum="2914"><OrderID>10849</OrderID><CustomerID>KOENE</CustomerID><EmployeeID>9</EmployeeID><OrderDate>1998-01-23T00:00:00+01:00</OrderDate><RequiredDate>1998-02-20T00:00:00+01:00</RequiredDate><ShippedDate>1998-01-30T00:00:00+01:00</ShippedDate><ShipVia>2</ShipVia><Freight>0.56</Freight><ShipName>Königlich Esse</ShipName><ShipAddress>Maubelstr. 90</ShipAddress><ShipCity>Brandenburg</ShipCity><ShipPostalCode>14776</ShipPostalCode><ShipCountry>Germany</ShipCountry></Order>