<?xml version="1.0" encoding="UTF-8"?>
<Order rownum="2787"><OrderID>10722</OrderID><CustomerID>SAVEA</CustomerID><EmployeeID>8</EmployeeID><OrderDate>1997-10-29T00:00:00+01:00</OrderDate><RequiredDate>1997-12-10T00:00:00+01:00</RequiredDate><ShippedDate>1997-11-04T00:00:00+01:00</ShippedDate><ShipVia>1</ShipVia><Freight>74.58</Freight><ShipName>Save-a-lot Markets</ShipName><ShipAddress>187 Suffolk Ln.</ShipAddress><ShipCity>Boise</ShipCity><ShipRegion>ID</ShipRegion><ShipPostalCode>83720</ShipPostalCode><ShipCountry>USA</ShipCountry></Order>