<?xml version="1.0" encoding="UTF-8"?>
<Order rownum="2752"><OrderID>10687</OrderID><CustomerID>HUNGO</CustomerID><EmployeeID>9</EmployeeID><OrderDate>1997-09-30T00:00:00+02:00</OrderDate><RequiredDate>1997-10-28T00:00:00+01:00</RequiredDate><ShippedDate>1997-10-30T00:00:00+01:00</ShippedDate><ShipVia>2</ShipVia><Freight>296.43</Freight><ShipName>Hungry Owl All-Night Grocers</ShipName><ShipAddress>8 Johnstown Road</ShipAddress><ShipCity>Cork</ShipCity><ShipRegion>Co. Cork</ShipRegion><ShipCountry>Ireland</ShipCountry></Order>