<?xml version="1.0" encoding="UTF-8"?>
<Order rownum="2385"><OrderID>10320</OrderID><CustomerID>WARTH</CustomerID><EmployeeID>5</EmployeeID><OrderDate>1996-10-03T00:00:00+02:00</OrderDate><RequiredDate>1996-10-17T00:00:00+02:00</RequiredDate><ShippedDate>1996-10-18T00:00:00+02:00</ShippedDate><ShipVia>3</ShipVia><Freight>34.57</Freight><ShipName>Wartian Herkku</ShipName><ShipAddress>Torikatu 38</ShipAddress><ShipCity>Oulu</ShipCity><ShipPostalCode>90110</ShipPostalCode><ShipCountry>Finland</ShipCountry></Order>