<?xml version="1.0" encoding="UTF-8"?>
<Order rownum="2461"><OrderID>10396</OrderID><CustomerID>FRANK</CustomerID><EmployeeID>1</EmployeeID><OrderDate>1996-12-27T00:00:00+01:00</OrderDate><RequiredDate>1997-01-10T00:00:00+01:00</RequiredDate><ShippedDate>1997-01-06T00:00:00+01:00</ShippedDate><ShipVia>3</ShipVia><Freight>135.35</Freight><ShipName>Frankenversand</ShipName><ShipAddress>Berliner Platz 43</ShipAddress><ShipCity>Münche</ShipCity><ShipPostalCode>80805</ShipPostalCode><ShipCountry>Germany</ShipCountry></Order>