<?xml version="1.0" encoding="UTF-8"?>
<Order rownum="2882"><OrderID>10817</OrderID><CustomerID>KOENE</CustomerID><EmployeeID>3</EmployeeID><OrderDate>1998-01-06T00:00:00+01:00</OrderDate><RequiredDate>1998-01-20T00:00:00+01:00</RequiredDate><ShippedDate>1998-01-13T00:00:00+01:00</ShippedDate><ShipVia>2</ShipVia><Freight>306.07</Freight><ShipName>Königlich Esse</ShipName><ShipAddress>Maubelstr. 90</ShipAddress><ShipCity>Brandenburg</ShipCity><ShipPostalCode>14776</ShipPostalCode><ShipCountry>Germany</ShipCountry></Order>