<?xml version="1.0" encoding="UTF-8"?>
<Order rownum="2601"><OrderID>10536</OrderID><CustomerID>LEHMS</CustomerID><EmployeeID>3</EmployeeID><OrderDate>1997-05-14T00:00:00+02:00</OrderDate><RequiredDate>1997-06-11T00:00:00+02:00</RequiredDate><ShippedDate>1997-06-06T00:00:00+02:00</ShippedDate><ShipVia>2</ShipVia><Freight>58.88</Freight><ShipName>Lehmanns Marktstand</ShipName><ShipAddress>Magazinweg 7</ShipAddress><ShipCity>Frankfurt a.M.</ShipCity><ShipPostalCode>60528</ShipPostalCode><ShipCountry>Germany</ShipCountry></Order>