<?xml version="1.0" encoding="UTF-8"?>
<Order rownum="2444"><OrderID>10379</OrderID><CustomerID>QUEDE</CustomerID><EmployeeID>2</EmployeeID><OrderDate>1996-12-11T00:00:00+01:00</OrderDate><RequiredDate>1997-01-08T00:00:00+01:00</RequiredDate><ShippedDate>1996-12-13T00:00:00+01:00</ShippedDate><ShipVia>1</ShipVia><Freight>45.03</Freight><ShipName>Que Delícia</ShipName><ShipAddress>Rua da Panificadora, 12</ShipAddress><ShipCity>Rio de Janeiro</ShipCity><ShipRegion>RJ</ShipRegion><ShipPostalCode>02389-673</ShipPostalCode><ShipCountry>Brazil</ShipCountry></Order>