<?xml version="1.0" encoding="UTF-8"?>
<Order rownum="2600"><OrderID>10535</OrderID><CustomerID>ANTO</CustomerID><EmployeeID>4</EmployeeID><OrderDate>1997-05-13T00:00:00+02:00</OrderDate><RequiredDate>1997-06-10T00:00:00+02:00</RequiredDate><ShippedDate>1997-05-21T00:00:00+02:00</ShippedDate><ShipVia>1</ShipVia><Freight>15.64</Freight><ShipName>Antonio Moreno Taquería</ShipName><ShipAddress>Mataderos  2312</ShipAddress><ShipCity>México D.F.</ShipCity><ShipPostalCode>05023</ShipPostalCode><ShipCountry>Mexico</ShipCountry></Order>