<?xml version="1.0" encoding="UTF-8"?>
<Order rownum="2552"><OrderID>10487</OrderID><CustomerID>QUEE</CustomerID><EmployeeID>2</EmployeeID><OrderDate>1997-03-26T00:00:00+01:00</OrderDate><RequiredDate>1997-04-23T00:00:00+02:00</RequiredDate><ShippedDate>1997-03-28T00:00:00+01:00</ShippedDate><ShipVia>2</ShipVia><Freight>71.07</Freight><ShipName>Queen Cozinha</ShipName><ShipAddress>Alameda dos Canàrios, 891</ShipAddress><ShipCity>Sao Paulo</ShipCity><ShipRegion>SP</ShipRegion><ShipPostalCode>05487-020</ShipPostalCode><ShipCountry>Brazil</ShipCountry></Order>