<?xml version="1.0" encoding="UTF-8"?>
<Order rownum="2888"><OrderID>10823</OrderID><CustomerID>LILAS</CustomerID><EmployeeID>5</EmployeeID><OrderDate>1998-01-09T00:00:00+01:00</OrderDate><RequiredDate>1998-02-06T00:00:00+01:00</RequiredDate><ShippedDate>1998-01-13T00:00:00+01:00</ShippedDate><ShipVia>2</ShipVia><Freight>163.97</Freight><ShipName>LILA-Supermercado</ShipName><ShipAddress>Carrera 52 con Ave. Bolívar #65-98 Llano Largo</ShipAddress><ShipCity>Barquisimeto</ShipCity><ShipRegion>Lara</ShipRegion><ShipPostalCode>3508</ShipPostalCode><ShipCountry>Venezuela</ShipCountry></Order>