<?xml version="1.0" encoding="UTF-8"?>
<Order rownum="2991"><OrderID>10926</OrderID><CustomerID>ANATR</CustomerID><EmployeeID>4</EmployeeID><OrderDate>1998-03-04T00:00:00+01:00</OrderDate><RequiredDate>1998-04-01T00:00:00+02:00</RequiredDate><ShippedDate>1998-03-11T00:00:00+01:00</ShippedDate><ShipVia>3</ShipVia><Freight>39.92</Freight><ShipName>Ana Trujillo Emparedados y helados</ShipName><ShipAddress>Avda. de la Constitución 2222</ShipAddress><ShipCity>México D.F.</ShipCity><ShipPostalCode>05021</ShipPostalCode><ShipCountry>Mexico</ShipCountry></Order>