<?xml version="1.0" encoding="UTF-8"?>
<Order rownum="2829"><OrderID>10764</OrderID><CustomerID>ERNSH</CustomerID><EmployeeID>6</EmployeeID><OrderDate>1997-12-03T00:00:00+01:00</OrderDate><RequiredDate>1997-12-31T00:00:00+01:00</RequiredDate><ShippedDate>1997-12-08T00:00:00+01:00</ShippedDate><ShipVia>3</ShipVia><Freight>145.45</Freight><ShipName>Ernst Handel</ShipName><ShipAddress>Kirchgasse 6</ShipAddress><ShipCity>Graz</ShipCity><ShipPostalCode>8010</ShipPostalCode><ShipCountry>Austria</ShipCountry></Order>