<?xml version="1.0" encoding="UTF-8"?>
<Order rownum="2315"><OrderID>10250</OrderID><CustomerID>HANAR</CustomerID><EmployeeID>4</EmployeeID><OrderDate>1996-07-08T00:00:00+02:00</OrderDate><RequiredDate>1996-08-05T00:00:00+02:00</RequiredDate><ShippedDate>1996-07-12T00:00:00+02:00</ShippedDate><ShipVia>2</ShipVia><Freight>65.83</Freight><ShipName>Hanari Carnes</ShipName><ShipAddress>Rua do Paço, 67</ShipAddress><ShipCity>Rio de Janeiro</ShipCity><ShipRegion>RJ</ShipRegion><ShipPostalCode>05454-876</ShipPostalCode><ShipCountry>Brazil</ShipCountry></Order>