<?xml version="1.0" encoding="UTF-8"?>
<Order rownum="2884"><OrderID>10819</OrderID><CustomerID>CACTU</CustomerID><EmployeeID>2</EmployeeID><OrderDate>1998-01-07T00:00:00+01:00</OrderDate><RequiredDate>1998-02-04T00:00:00+01:00</RequiredDate><ShippedDate>1998-01-16T00:00:00+01:00</ShippedDate><ShipVia>3</ShipVia><Freight>19.76</Freight><ShipName>Cactus Comidas para llevar</ShipName><ShipAddress>Cerrito 333</ShipAddress><ShipCity>Buenos Aires</ShipCity><ShipPostalCode>1010</ShipPostalCode><ShipCountry>Argentina</ShipCountry></Order>