<?xml version="1.0" encoding="UTF-8"?>
<Order rownum="2670"><OrderID>10605</OrderID><CustomerID>MEREP</CustomerID><EmployeeID>1</EmployeeID><OrderDate>1997-07-21T00:00:00+02:00</OrderDate><RequiredDate>1997-08-18T00:00:00+02:00</RequiredDate><ShippedDate>1997-07-29T00:00:00+02:00</ShippedDate><ShipVia>2</ShipVia><Freight>379.13</Freight><ShipName>Mère Paillarde</ShipName><ShipAddress>43 rue St. Laurent</ShipAddress><ShipCity>Montréal</ShipCity><ShipRegion>Québec</ShipRegion><ShipPostalCode>H1J 1C3</ShipPostalCode><ShipCountry>Canada</ShipCountry></Order>