<?xml version="1.0" encoding="UTF-8"?>
<Order rownum="2588"><OrderID>10523</OrderID><CustomerID>SEVES</CustomerID><EmployeeID>7</EmployeeID><OrderDate>1997-05-01T00:00:00+02:00</OrderDate><RequiredDate>1997-05-29T00:00:00+02:00</RequiredDate><ShippedDate>1997-05-30T00:00:00+02:00</ShippedDate><ShipVia>2</ShipVia><Freight>77.63</Freight><ShipName>Seven Seas Imports</ShipName><ShipAddress>90 Wadhurst Rd.</ShipAddress><ShipCity>Londo</ShipCity><ShipPostalCode>OX15 4NB</ShipPostalCode><ShipCountry>UK</ShipCountry></Order>