<?xml version="1.0" encoding="UTF-8"?>
<Order rownum="2607"><OrderID>10542</OrderID><CustomerID>KOENE</CustomerID><EmployeeID>1</EmployeeID><OrderDate>1997-05-20T00:00:00+02:00</OrderDate><RequiredDate>1997-06-17T00:00:00+02:00</RequiredDate><ShippedDate>1997-05-26T00:00:00+02:00</ShippedDate><ShipVia>3</ShipVia><Freight>10.95</Freight><ShipName>Königlich Esse</ShipName><ShipAddress>Maubelstr. 90</ShipAddress><ShipCity>Brandenburg</ShipCity><ShipPostalCode>14776</ShipPostalCode><ShipCountry>Germany</ShipCountry></Order>