<?xml version="1.0" encoding="UTF-8"?>
<Order rownum="2561"><OrderID>10496</OrderID><CustomerID>TRADH</CustomerID><EmployeeID>7</EmployeeID><OrderDate>1997-04-04T00:00:00+02:00</OrderDate><RequiredDate>1997-05-02T00:00:00+02:00</RequiredDate><ShippedDate>1997-04-07T00:00:00+02:00</ShippedDate><ShipVia>2</ShipVia><Freight>46.77</Freight><ShipName>Tradiçao Hipermercados</ShipName><ShipAddress>Av. Inês de Castro, 414</ShipAddress><ShipCity>Sao Paulo</ShipCity><ShipRegion>SP</ShipRegion><ShipPostalCode>05634-030</ShipPostalCode><ShipCountry>Brazil</ShipCountry></Order>