<?xml version="1.0" encoding="UTF-8"?>
<Order rownum="2826"><OrderID>10761</OrderID><CustomerID>RATTC</CustomerID><EmployeeID>5</EmployeeID><OrderDate>1997-12-02T00:00:00+01:00</OrderDate><RequiredDate>1997-12-30T00:00:00+01:00</RequiredDate><ShippedDate>1997-12-08T00:00:00+01:00</ShippedDate><ShipVia>2</ShipVia><Freight>18.66</Freight><ShipName>Rattlesnake Canyon Grocery</ShipName><ShipAddress>2817 Milton Dr.</ShipAddress><ShipCity>Albuquerque</ShipCity><ShipRegion>NM</ShipRegion><ShipPostalCode>87110</ShipPostalCode><ShipCountry>USA</ShipCountry></Order>