<?xml version="1.0" encoding="UTF-8"?>
<Order rownum="2724"><OrderID>10659</OrderID><CustomerID>QUEE</CustomerID><EmployeeID>7</EmployeeID><OrderDate>1997-09-05T00:00:00+02:00</OrderDate><RequiredDate>1997-10-03T00:00:00+02:00</RequiredDate><ShippedDate>1997-09-10T00:00:00+02:00</ShippedDate><ShipVia>2</ShipVia><Freight>105.81</Freight><ShipName>Queen Cozinha</ShipName><ShipAddress>Alameda dos Canàrios, 891</ShipAddress><ShipCity>Sao Paulo</ShipCity><ShipRegion>SP</ShipRegion><ShipPostalCode>05487-020</ShipPostalCode><ShipCountry>Brazil</ShipCountry></Order>