<?xml version="1.0" encoding="UTF-8"?>
<Order rownum="2930"><OrderID>10865</OrderID><CustomerID>QUICK</CustomerID><EmployeeID>2</EmployeeID><OrderDate>1998-02-02T00:00:00+01:00</OrderDate><RequiredDate>1998-02-16T00:00:00+01:00</RequiredDate><ShippedDate>1998-02-12T00:00:00+01:00</ShippedDate><ShipVia>1</ShipVia><Freight>348.14</Freight><ShipName>QUICK-Stop</ShipName><ShipAddress>Taucherstraße 10</ShipAddress><ShipCity>Cunewalde</ShipCity><ShipPostalCode>01307</ShipPostalCode><ShipCountry>Germany</ShipCountry></Order>