<?xml version="1.0" encoding="UTF-8"?>
<Order rownum="2616"><OrderID>10551</OrderID><CustomerID>FURIB</CustomerID><EmployeeID>4</EmployeeID><OrderDate>1997-05-28T00:00:00+02:00</OrderDate><RequiredDate>1997-07-09T00:00:00+02:00</RequiredDate><ShippedDate>1997-06-06T00:00:00+02:00</ShippedDate><ShipVia>3</ShipVia><Freight>72.95</Freight><ShipName>Furia Bacalhau e Frutos do Mar</ShipName><ShipAddress>Jardim das rosas n. 32</ShipAddress><ShipCity>Lisboa</ShipCity><ShipPostalCode>1675</ShipPostalCode><ShipCountry>Portugal</ShipCountry></Order>