<?xml version="1.0" encoding="UTF-8"?>
<Order rownum="2875"><OrderID>10810</OrderID><CustomerID>LAUGB</CustomerID><EmployeeID>2</EmployeeID><OrderDate>1998-01-01T00:00:00+01:00</OrderDate><RequiredDate>1998-01-29T00:00:00+01:00</RequiredDate><ShippedDate>1998-01-07T00:00:00+01:00</ShippedDate><ShipVia>3</ShipVia><Freight>4.33</Freight><ShipName>Laughing Bacchus Wine Cellars</ShipName><ShipAddress>2319 Elm St.</ShipAddress><ShipCity>Vancouver</ShipCity><ShipRegion>BC</ShipRegion><ShipPostalCode>V3F 2K1</ShipPostalCode><ShipCountry>Canada</ShipCountry></Order>