<?xml version="1.0" encoding="UTF-8"?>
<Order rownum="2373"><OrderID>10308</OrderID><CustomerID>ANATR</CustomerID><EmployeeID>7</EmployeeID><OrderDate>1996-09-18T00:00:00+02:00</OrderDate><RequiredDate>1996-10-16T00:00:00+02:00</RequiredDate><ShippedDate>1996-09-24T00:00:00+02:00</ShippedDate><ShipVia>3</ShipVia><Freight>1.61</Freight><ShipName>Ana Trujillo Emparedados y helados</ShipName><ShipAddress>Avda. de la Constitución 2222</ShipAddress><ShipCity>México D.F.</ShipCity><ShipPostalCode>05021</ShipPostalCode><ShipCountry>Mexico</ShipCountry></Order>