<?xml version="1.0" encoding="UTF-8"?>
<Order rownum="2747"><OrderID>10682</OrderID><CustomerID>ANTO</CustomerID><EmployeeID>3</EmployeeID><OrderDate>1997-09-25T00:00:00+02:00</OrderDate><RequiredDate>1997-10-23T00:00:00+02:00</RequiredDate><ShippedDate>1997-10-01T00:00:00+02:00</ShippedDate><ShipVia>2</ShipVia><Freight>36.13</Freight><ShipName>Antonio Moreno Taquería</ShipName><ShipAddress>Mataderos  2312</ShipAddress><ShipCity>México D.F.</ShipCity><ShipPostalCode>05023</ShipPostalCode><ShipCountry>Mexico</ShipCountry></Order>