<?xml version="1.0" encoding="UTF-8"?>
<Order rownum="2556"><OrderID>10491</OrderID><CustomerID>FURIB</CustomerID><EmployeeID>8</EmployeeID><OrderDate>1997-03-31T00:00:00+02:00</OrderDate><RequiredDate>1997-04-28T00:00:00+02:00</RequiredDate><ShippedDate>1997-04-08T00:00:00+02:00</ShippedDate><ShipVia>3</ShipVia><Freight>16.96</Freight><ShipName>Furia Bacalhau e Frutos do Mar</ShipName><ShipAddress>Jardim das rosas n. 32</ShipAddress><ShipCity>Lisboa</ShipCity><ShipPostalCode>1675</ShipPostalCode><ShipCountry>Portugal</ShipCountry></Order>