<?xml version="1.0" encoding="UTF-8"?>
<Order rownum="2678"><OrderID>10613</OrderID><CustomerID>HILAA</CustomerID><EmployeeID>4</EmployeeID><OrderDate>1997-07-29T00:00:00+02:00</OrderDate><RequiredDate>1997-08-26T00:00:00+02:00</RequiredDate><ShippedDate>1997-08-01T00:00:00+02:00</ShippedDate><ShipVia>2</ShipVia><Freight>8.11</Freight><ShipName>HILARION-Abastos</ShipName><ShipAddress>Carrera 22 con Ave. Carlos Soublette #8-35</ShipAddress><ShipCity>San Cristóbal</ShipCity><ShipRegion>Táchira</ShipRegion><ShipPostalCode>5022</ShipPostalCode><ShipCountry>Venezuela</ShipCountry></Order>