<?xml version="1.0" encoding="UTF-8"?>
<Order rownum="2529"><OrderID>10464</OrderID><CustomerID>FURIB</CustomerID><EmployeeID>4</EmployeeID><OrderDate>1997-03-04T00:00:00+01:00</OrderDate><RequiredDate>1997-04-01T00:00:00+02:00</RequiredDate><ShippedDate>1997-03-14T00:00:00+01:00</ShippedDate><ShipVia>2</ShipVia><Freight>89</Freight><ShipName>Furia Bacalhau e Frutos do Mar</ShipName><ShipAddress>Jardim das rosas n. 32</ShipAddress><ShipCity>Lisboa</ShipCity><ShipPostalCode>1675</ShipPostalCode><ShipCountry>Portugal</ShipCountry></Order>