<?xml version="1.0" encoding="UTF-8"?>
<Order rownum="2992"><OrderID>10927</OrderID><CustomerID>LACOR</CustomerID><EmployeeID>4</EmployeeID><OrderDate>1998-03-05T00:00:00+01:00</OrderDate><RequiredDate>1998-04-02T00:00:00+02:00</RequiredDate><ShippedDate>1998-04-08T00:00:00+02:00</ShippedDate><ShipVia>1</ShipVia><Freight>19.79</Freight><ShipName>La corne d'abondance</ShipName><ShipAddress>67, avenue de l'Europe</ShipAddress><ShipCity>Versailles</ShipCity><ShipPostalCode>78000</ShipPostalCode><ShipCountry>France</ShipCountry></Order>