<?xml version="1.0" encoding="UTF-8"?>
<Order rownum="2448"><OrderID>10383</OrderID><CustomerID>AROUT</CustomerID><EmployeeID>8</EmployeeID><OrderDate>1996-12-16T00:00:00+01:00</OrderDate><RequiredDate>1997-01-13T00:00:00+01:00</RequiredDate><ShippedDate>1996-12-18T00:00:00+01:00</ShippedDate><ShipVia>3</ShipVia><Freight>34.24</Freight><ShipName>Around the Hor</ShipName><ShipAddress>Brook Farm Stratford St. Mary</ShipAddress><ShipCity>Colchester</ShipCity><ShipRegion>Essex</ShipRegion><ShipPostalCode>CO7 6JX</ShipPostalCode><ShipCountry>UK</ShipCountry></Order>