<?xml version="1.0" encoding="UTF-8"?>
<Order rownum="2368"><OrderID>10303</OrderID><CustomerID>GODOS</CustomerID><EmployeeID>7</EmployeeID><OrderDate>1996-09-11T00:00:00+02:00</OrderDate><RequiredDate>1996-10-09T00:00:00+02:00</RequiredDate><ShippedDate>1996-09-18T00:00:00+02:00</ShippedDate><ShipVia>2</ShipVia><Freight>107.83</Freight><ShipName>Godos Cocina Típica</ShipName><ShipAddress>C/ Romero, 33</ShipAddress><ShipCity>Sevilla</ShipCity><ShipPostalCode>41101</ShipPostalCode><ShipCountry>Spai</ShipCountry></Order>