<?xml version="1.0" encoding="UTF-8"?>
<Order rownum="2797"><OrderID>10732</OrderID><CustomerID>BONAP</CustomerID><EmployeeID>3</EmployeeID><OrderDate>1997-11-06T00:00:00+01:00</OrderDate><RequiredDate>1997-12-04T00:00:00+01:00</RequiredDate><ShippedDate>1997-11-07T00:00:00+01:00</ShippedDate><ShipVia>1</ShipVia><Freight>16.97</Freight><ShipName>Bon app'</ShipName><ShipAddress>12, rue des Bouchers</ShipAddress><ShipCity>Marseille</ShipCity><ShipPostalCode>13008</ShipPostalCode><ShipCountry>France</ShipCountry></Order>