<?xml version="1.0" encoding="UTF-8"?>
<Order rownum="2713"><OrderID>10648</OrderID><CustomerID>RICAR</CustomerID><EmployeeID>5</EmployeeID><OrderDate>1997-08-28T00:00:00+02:00</OrderDate><RequiredDate>1997-10-09T00:00:00+02:00</RequiredDate><ShippedDate>1997-09-09T00:00:00+02:00</ShippedDate><ShipVia>2</ShipVia><Freight>14.25</Freight><ShipName>Ricardo Adocicados</ShipName><ShipAddress>Av. Copacabana, 267</ShipAddress><ShipCity>Rio de Janeiro</ShipCity><ShipRegion>RJ</ShipRegion><ShipPostalCode>02389-890</ShipPostalCode><ShipCountry>Brazil</ShipCountry></Order>