<?xml version="1.0" encoding="UTF-8"?>
<Order rownum="2848"><OrderID>10783</OrderID><CustomerID>HANAR</CustomerID><EmployeeID>4</EmployeeID><OrderDate>1997-12-18T00:00:00+01:00</OrderDate><RequiredDate>1998-01-15T00:00:00+01:00</RequiredDate><ShippedDate>1997-12-19T00:00:00+01:00</ShippedDate><ShipVia>2</ShipVia><Freight>124.98</Freight><ShipName>Hanari Carnes</ShipName><ShipAddress>Rua do Paço, 67</ShipAddress><ShipCity>Rio de Janeiro</ShipCity><ShipRegion>RJ</ShipRegion><ShipPostalCode>05454-876</ShipPostalCode><ShipCountry>Brazil</ShipCountry></Order>