<?xml version="1.0" encoding="UTF-8"?>
<Order rownum="2473"><OrderID>10408</OrderID><CustomerID>FOLIG</CustomerID><EmployeeID>8</EmployeeID><OrderDate>1997-01-08T00:00:00+01:00</OrderDate><RequiredDate>1997-02-05T00:00:00+01:00</RequiredDate><ShippedDate>1997-01-14T00:00:00+01:00</ShippedDate><ShipVia>1</ShipVia><Freight>11.26</Freight><ShipName>Folies gourmandes</ShipName><ShipAddress>184, chaussée de Tournai</ShipAddress><ShipCity>Lille</ShipCity><ShipPostalCode>59000</ShipPostalCode><ShipCountry>France</ShipCountry></Order>