<?xml version="1.0" encoding="UTF-8"?>
<Order rownum="2387"><OrderID>10322</OrderID><CustomerID>PERIC</CustomerID><EmployeeID>7</EmployeeID><OrderDate>1996-10-04T00:00:00+02:00</OrderDate><RequiredDate>1996-11-01T00:00:00+01:00</RequiredDate><ShippedDate>1996-10-23T00:00:00+02:00</ShippedDate><ShipVia>3</ShipVia><Freight>0.4</Freight><ShipName>Pericles Comidas clásicas</ShipName><ShipAddress>Calle Dr. Jorge Cash 321</ShipAddress><ShipCity>México D.F.</ShipCity><ShipPostalCode>05033</ShipPostalCode><ShipCountry>Mexico</ShipCountry></Order>