<?xml version="1.0" encoding="UTF-8"?>
<Order rownum="2975"><OrderID>10910</OrderID><CustomerID>WILMK</CustomerID><EmployeeID>1</EmployeeID><OrderDate>1998-02-26T00:00:00+01:00</OrderDate><RequiredDate>1998-03-26T00:00:00+01:00</RequiredDate><ShippedDate>1998-03-04T00:00:00+01:00</ShippedDate><ShipVia>3</ShipVia><Freight>38.11</Freight><ShipName>Wilman Kala</ShipName><ShipAddress>Keskuskatu 45</ShipAddress><ShipCity>Helsinki</ShipCity><ShipPostalCode>21240</ShipPostalCode><ShipCountry>Finland</ShipCountry></Order>