<?xml version="1.0" encoding="UTF-8"?>
<Order rownum="2911"><OrderID>10846</OrderID><CustomerID>SUPRD</CustomerID><EmployeeID>2</EmployeeID><OrderDate>1998-01-22T00:00:00+01:00</OrderDate><RequiredDate>1998-03-05T00:00:00+01:00</RequiredDate><ShippedDate>1998-01-23T00:00:00+01:00</ShippedDate><ShipVia>3</ShipVia><Freight>56.46</Freight><ShipName>Suprêmes délices</ShipName><ShipAddress>Boulevard Tirou, 255</ShipAddress><ShipCity>Charleroi</ShipCity><ShipPostalCode>B-6000</ShipPostalCode><ShipCountry>Belgium</ShipCountry></Order>