<?xml version="1.0" encoding="UTF-8"?>
<Order rownum="2718"><OrderID>10653</OrderID><CustomerID>FRANK</CustomerID><EmployeeID>1</EmployeeID><OrderDate>1997-09-02T00:00:00+02:00</OrderDate><RequiredDate>1997-09-30T00:00:00+02:00</RequiredDate><ShippedDate>1997-09-19T00:00:00+02:00</ShippedDate><ShipVia>1</ShipVia><Freight>93.25</Freight><ShipName>Frankenversand</ShipName><ShipAddress>Berliner Platz 43</ShipAddress><ShipCity>Münche</ShipCity><ShipPostalCode>80805</ShipPostalCode><ShipCountry>Germany</ShipCountry></Order>