<?xml version="1.0" encoding="UTF-8"?>
<Order rownum="2506"><OrderID>10441</OrderID><CustomerID>OLDWO</CustomerID><EmployeeID>3</EmployeeID><OrderDate>1997-02-10T00:00:00+01:00</OrderDate><RequiredDate>1997-03-24T00:00:00+01:00</RequiredDate><ShippedDate>1997-03-14T00:00:00+01:00</ShippedDate><ShipVia>2</ShipVia><Freight>73.02</Freight><ShipName>Old World Delicatesse</ShipName><ShipAddress>2743 Bering St.</ShipAddress><ShipCity>Anchorage</ShipCity><ShipRegion>AK</ShipRegion><ShipPostalCode>99508</ShipPostalCode><ShipCountry>USA</ShipCountry></Order>