<?xml version="1.0" encoding="UTF-8"?>
<Order rownum="2544"><OrderID>10479</OrderID><CustomerID>RATTC</CustomerID><EmployeeID>3</EmployeeID><OrderDate>1997-03-19T00:00:00+01:00</OrderDate><RequiredDate>1997-04-16T00:00:00+02:00</RequiredDate><ShippedDate>1997-03-21T00:00:00+01:00</ShippedDate><ShipVia>3</ShipVia><Freight>708.95</Freight><ShipName>Rattlesnake Canyon Grocery</ShipName><ShipAddress>2817 Milton Dr.</ShipAddress><ShipCity>Albuquerque</ShipCity><ShipRegion>NM</ShipRegion><ShipPostalCode>87110</ShipPostalCode><ShipCountry>USA</ShipCountry></Order>