<?xml version="1.0" encoding="UTF-8"?>
<Order rownum="2735"><OrderID>10670</OrderID><CustomerID>FRANK</CustomerID><EmployeeID>4</EmployeeID><OrderDate>1997-09-16T00:00:00+02:00</OrderDate><RequiredDate>1997-10-14T00:00:00+02:00</RequiredDate><ShippedDate>1997-09-18T00:00:00+02:00</ShippedDate><ShipVia>1</ShipVia><Freight>203.48</Freight><ShipName>Frankenversand</ShipName><ShipAddress>Berliner Platz 43</ShipAddress><ShipCity>Münche</ShipCity><ShipPostalCode>80805</ShipPostalCode><ShipCountry>Germany</ShipCountry></Order>