<?xml version="1.0" encoding="UTF-8"?>
<Order rownum="2567"><OrderID>10502</OrderID><CustomerID>PERIC</CustomerID><EmployeeID>2</EmployeeID><OrderDate>1997-04-10T00:00:00+02:00</OrderDate><RequiredDate>1997-05-08T00:00:00+02:00</RequiredDate><ShippedDate>1997-04-29T00:00:00+02:00</ShippedDate><ShipVia>1</ShipVia><Freight>69.32</Freight><ShipName>Pericles Comidas clásicas</ShipName><ShipAddress>Calle Dr. Jorge Cash 321</ShipAddress><ShipCity>México D.F.</ShipCity><ShipPostalCode>05033</ShipPostalCode><ShipCountry>Mexico</ShipCountry></Order>