<?xml version="1.0" encoding="UTF-8"?>
<Order rownum="2834"><OrderID>10769</OrderID><CustomerID>VAFFE</CustomerID><EmployeeID>3</EmployeeID><OrderDate>1997-12-08T00:00:00+01:00</OrderDate><RequiredDate>1998-01-05T00:00:00+01:00</RequiredDate><ShippedDate>1997-12-12T00:00:00+01:00</ShippedDate><ShipVia>1</ShipVia><Freight>65.06</Freight><ShipName>Vaffeljernet</ShipName><ShipAddress>Smagsloget 45</ShipAddress><ShipCity>Århus</ShipCity><ShipPostalCode>8200</ShipPostalCode><ShipCountry>Denmark</ShipCountry></Order>