<?xml version="1.0" encoding="UTF-8"?>
<Order rownum="2431"><OrderID>10366</OrderID><CustomerID>GALED</CustomerID><EmployeeID>8</EmployeeID><OrderDate>1996-11-28T00:00:00+01:00</OrderDate><RequiredDate>1997-01-09T00:00:00+01:00</RequiredDate><ShippedDate>1996-12-30T00:00:00+01:00</ShippedDate><ShipVia>2</ShipVia><Freight>10.14</Freight><ShipName>Galería del gastronómo</ShipName><ShipAddress>Rambla de Cataluña, 23</ShipAddress><ShipCity>Barcelona</ShipCity><ShipPostalCode>8022</ShipPostalCode><ShipCountry>Spai</ShipCountry></Order>