<?xml version="1.0" encoding="UTF-8"?>
<Order rownum="2892"><OrderID>10827</OrderID><CustomerID>BONAP</CustomerID><EmployeeID>1</EmployeeID><OrderDate>1998-01-12T00:00:00+01:00</OrderDate><RequiredDate>1998-01-26T00:00:00+01:00</RequiredDate><ShippedDate>1998-02-06T00:00:00+01:00</ShippedDate><ShipVia>2</ShipVia><Freight>63.54</Freight><ShipName>Bon app'</ShipName><ShipAddress>12, rue des Bouchers</ShipAddress><ShipCity>Marseille</ShipCity><ShipPostalCode>13008</ShipPostalCode><ShipCountry>France</ShipCountry></Order>