<?xml version="1.0" encoding="UTF-8"?>
<Order rownum="2915"><OrderID>10850</OrderID><CustomerID>VICTE</CustomerID><EmployeeID>1</EmployeeID><OrderDate>1998-01-23T00:00:00+01:00</OrderDate><RequiredDate>1998-03-06T00:00:00+01:00</RequiredDate><ShippedDate>1998-01-30T00:00:00+01:00</ShippedDate><ShipVia>1</ShipVia><Freight>49.19</Freight><ShipName>Victuailles en stock</ShipName><ShipAddress>2, rue du Commerce</ShipAddress><ShipCity>Lyo</ShipCity><ShipPostalCode>69004</ShipPostalCode><ShipCountry>France</ShipCountry></Order>