<?xml version="1.0" encoding="UTF-8"?>
<Order rownum="2705"><OrderID>10640</OrderID><CustomerID>WANDK</CustomerID><EmployeeID>4</EmployeeID><OrderDate>1997-08-21T00:00:00+02:00</OrderDate><RequiredDate>1997-09-18T00:00:00+02:00</RequiredDate><ShippedDate>1997-08-28T00:00:00+02:00</ShippedDate><ShipVia>1</ShipVia><Freight>23.55</Freight><ShipName>Die Wandernde Kuh</ShipName><ShipAddress>Adenauerallee 900</ShipAddress><ShipCity>Stuttgart</ShipCity><ShipPostalCode>70563</ShipPostalCode><ShipCountry>Germany</ShipCountry></Order>