<?xml version="1.0" encoding="UTF-8"?>
<Order rownum="2980"><OrderID>10915</OrderID><CustomerID>TORTU</CustomerID><EmployeeID>2</EmployeeID><OrderDate>1998-02-27T00:00:00+01:00</OrderDate><RequiredDate>1998-03-27T00:00:00+01:00</RequiredDate><ShippedDate>1998-03-02T00:00:00+01:00</ShippedDate><ShipVia>2</ShipVia><Freight>3.51</Freight><ShipName>Tortuga Restaurante</ShipName><ShipAddress>Avda. Azteca 123</ShipAddress><ShipCity>México D.F.</ShipCity><ShipPostalCode>05033</ShipPostalCode><ShipCountry>Mexico</ShipCountry></Order>