<?xml version="1.0" encoding="UTF-8"?>
<Order rownum="2350"><OrderID>10285</OrderID><CustomerID>QUICK</CustomerID><EmployeeID>1</EmployeeID><OrderDate>1996-08-20T00:00:00+02:00</OrderDate><RequiredDate>1996-09-17T00:00:00+02:00</RequiredDate><ShippedDate>1996-08-26T00:00:00+02:00</ShippedDate><ShipVia>2</ShipVia><Freight>76.83</Freight><ShipName>QUICK-Stop</ShipName><ShipAddress>Taucherstraße 10</ShipAddress><ShipCity>Cunewalde</ShipCity><ShipPostalCode>01307</ShipPostalCode><ShipCountry>Germany</ShipCountry></Order>