<?xml version="1.0" encoding="UTF-8"?>
<Order rownum="2637"><OrderID>10572</OrderID><CustomerID>BERGS</CustomerID><EmployeeID>3</EmployeeID><OrderDate>1997-06-18T00:00:00+02:00</OrderDate><RequiredDate>1997-07-16T00:00:00+02:00</RequiredDate><ShippedDate>1997-06-25T00:00:00+02:00</ShippedDate><ShipVia>2</ShipVia><Freight>116.43</Freight><ShipName>Berglunds snabbköp</ShipName><ShipAddress>Berguvsvägen  8</ShipAddress><ShipCity>Luleå</ShipCity><ShipPostalCode>S-958 22</ShipPostalCode><ShipCountry>Swede</ShipCountry></Order>