<?xml version="1.0" encoding="UTF-8"?>
<Order rownum="2840"><OrderID>10775</OrderID><CustomerID>THECR</CustomerID><EmployeeID>7</EmployeeID><OrderDate>1997-12-12T00:00:00+01:00</OrderDate><RequiredDate>1998-01-09T00:00:00+01:00</RequiredDate><ShippedDate>1997-12-26T00:00:00+01:00</ShippedDate><ShipVia>1</ShipVia><Freight>20.25</Freight><ShipName>The Cracker Box</ShipName><ShipAddress>55 Grizzly Peak Rd.</ShipAddress><ShipCity>Butte</ShipCity><ShipRegion>MT</ShipRegion><ShipPostalCode>59801</ShipPostalCode><ShipCountry>USA</ShipCountry></Order>