<?xml version="1.0" encoding="UTF-8"?>
<Order rownum="2825"><OrderID>10760</OrderID><CustomerID>MAISD</CustomerID><EmployeeID>4</EmployeeID><OrderDate>1997-12-01T00:00:00+01:00</OrderDate><RequiredDate>1997-12-29T00:00:00+01:00</RequiredDate><ShippedDate>1997-12-10T00:00:00+01:00</ShippedDate><ShipVia>1</ShipVia><Freight>155.64</Freight><ShipName>Maison Dewey</ShipName><ShipAddress>Rue Joseph-Bens 532</ShipAddress><ShipCity>Bruxelles</ShipCity><ShipPostalCode>B-1180</ShipPostalCode><ShipCountry>Belgium</ShipCountry></Order>