<?xml version="1.0" encoding="UTF-8"?>
<Order rownum="2948"><OrderID>10883</OrderID><CustomerID>LONEP</CustomerID><EmployeeID>8</EmployeeID><OrderDate>1998-02-12T00:00:00+01:00</OrderDate><RequiredDate>1998-03-12T00:00:00+01:00</RequiredDate><ShippedDate>1998-02-20T00:00:00+01:00</ShippedDate><ShipVia>3</ShipVia><Freight>0.53</Freight><ShipName>Lonesome Pine Restaurant</ShipName><ShipAddress>89 Chiaroscuro Rd.</ShipAddress><ShipCity>Portland</ShipCity><ShipRegion>OR</ShipRegion><ShipPostalCode>97219</ShipPostalCode><ShipCountry>USA</ShipCountry></Order>