<?xml version="1.0" encoding="UTF-8"?>
<Order rownum="2806"><OrderID>10741</OrderID><CustomerID>AROUT</CustomerID><EmployeeID>4</EmployeeID><OrderDate>1997-11-14T00:00:00+01:00</OrderDate><RequiredDate>1997-11-28T00:00:00+01:00</RequiredDate><ShippedDate>1997-11-18T00:00:00+01:00</ShippedDate><ShipVia>3</ShipVia><Freight>10.96</Freight><ShipName>Around the Hor</ShipName><ShipAddress>Brook Farm Stratford St. Mary</ShipAddress><ShipCity>Colchester</ShipCity><ShipRegion>Essex</ShipRegion><ShipPostalCode>CO7 6JX</ShipPostalCode><ShipCountry>UK</ShipCountry></Order>