<?xml version="1.0" encoding="UTF-8"?>
<Order rownum="2823"><OrderID>10758</OrderID><CustomerID>RICSU</CustomerID><EmployeeID>3</EmployeeID><OrderDate>1997-11-28T00:00:00+01:00</OrderDate><RequiredDate>1997-12-26T00:00:00+01:00</RequiredDate><ShippedDate>1997-12-04T00:00:00+01:00</ShippedDate><ShipVia>3</ShipVia><Freight>138.17</Freight><ShipName>Richter Supermarkt</ShipName><ShipAddress>Starenweg 5</ShipAddress><ShipCity>Genève</ShipCity><ShipPostalCode>1204</ShipPostalCode><ShipCountry>Switzerland</ShipCountry></Order>