<?xml version="1.0" encoding="UTF-8"?>
<Order rownum="2844"><OrderID>10779</OrderID><CustomerID>MORGK</CustomerID><EmployeeID>3</EmployeeID><OrderDate>1997-12-16T00:00:00+01:00</OrderDate><RequiredDate>1998-01-13T00:00:00+01:00</RequiredDate><ShippedDate>1998-01-14T00:00:00+01:00</ShippedDate><ShipVia>2</ShipVia><Freight>58.13</Freight><ShipName>Morgenstern Gesundkost</ShipName><ShipAddress>Heerstr. 22</ShipAddress><ShipCity>Leipzig</ShipCity><ShipPostalCode>04179</ShipPostalCode><ShipCountry>Germany</ShipCountry></Order>