<?xml version="1.0" encoding="UTF-8"?>
<Order rownum="2497"><OrderID>10432</OrderID><CustomerID>SPLIR</CustomerID><EmployeeID>3</EmployeeID><OrderDate>1997-01-31T00:00:00+01:00</OrderDate><RequiredDate>1997-02-14T00:00:00+01:00</RequiredDate><ShippedDate>1997-02-07T00:00:00+01:00</ShippedDate><ShipVia>2</ShipVia><Freight>4.34</Freight><ShipName>Split Rail Beer &amp; Ale</ShipName><ShipAddress>P.O. Box 555</ShipAddress><ShipCity>Lander</ShipCity><ShipRegion>WY</ShipRegion><ShipPostalCode>82520</ShipPostalCode><ShipCountry>USA</ShipCountry></Order>