<?xml version="1.0" encoding="UTF-8"?>
<Order rownum="2967"><OrderID>10902</OrderID><CustomerID>FOLKO</CustomerID><EmployeeID>1</EmployeeID><OrderDate>1998-02-23T00:00:00+01:00</OrderDate><RequiredDate>1998-03-23T00:00:00+01:00</RequiredDate><ShippedDate>1998-03-03T00:00:00+01:00</ShippedDate><ShipVia>1</ShipVia><Freight>44.15</Freight><ShipName>Folk och fä HB</ShipName><ShipAddress>Åkergatan 24</ShipAddress><ShipCity>Bräcke</ShipCity><ShipPostalCode>S-844 67</ShipPostalCode><ShipCountry>Swede</ShipCountry></Order>