<?xml version="1.0" encoding="UTF-8"?>
<Order rownum="2425"><OrderID>10360</OrderID><CustomerID>BLONP</CustomerID><EmployeeID>4</EmployeeID><OrderDate>1996-11-22T00:00:00+01:00</OrderDate><RequiredDate>1996-12-20T00:00:00+01:00</RequiredDate><ShippedDate>1996-12-02T00:00:00+01:00</ShippedDate><ShipVia>3</ShipVia><Freight>131.7</Freight><ShipName>Blondel père et fils</ShipName><ShipAddress>24, place Kléber</ShipAddress><ShipCity>Strasbourg</ShipCity><ShipPostalCode>67000</ShipPostalCode><ShipCountry>France</ShipCountry></Order>