<?xml version="1.0" encoding="UTF-8"?>
<Order rownum="2554"><OrderID>10489</OrderID><CustomerID>PICCO</CustomerID><EmployeeID>6</EmployeeID><OrderDate>1997-03-28T00:00:00+01:00</OrderDate><RequiredDate>1997-04-25T00:00:00+02:00</RequiredDate><ShippedDate>1997-04-09T00:00:00+02:00</ShippedDate><ShipVia>2</ShipVia><Freight>5.29</Freight><ShipName>Piccolo und mehr</ShipName><ShipAddress>Geislweg 14</ShipAddress><ShipCity>Salzburg</ShipCity><ShipPostalCode>5020</ShipPostalCode><ShipCountry>Austria</ShipCountry></Order>