<?xml version="1.0" encoding="UTF-8"?>
<Order rownum="2858"><OrderID>10793</OrderID><CustomerID>AROUT</CustomerID><EmployeeID>3</EmployeeID><OrderDate>1997-12-24T00:00:00+01:00</OrderDate><RequiredDate>1998-01-21T00:00:00+01:00</RequiredDate><ShippedDate>1998-01-08T00:00:00+01:00</ShippedDate><ShipVia>3</ShipVia><Freight>4.52</Freight><ShipName>Around the Hor</ShipName><ShipAddress>Brook Farm Stratford St. Mary</ShipAddress><ShipCity>Colchester</ShipCity><ShipRegion>Essex</ShipRegion><ShipPostalCode>CO7 6JX</ShipPostalCode><ShipCountry>UK</ShipCountry></Order>