<?xml version="1.0" encoding="UTF-8"?>
<Order rownum="2842"><OrderID>10777</OrderID><CustomerID>GOURL</CustomerID><EmployeeID>7</EmployeeID><OrderDate>1997-12-15T00:00:00+01:00</OrderDate><RequiredDate>1997-12-29T00:00:00+01:00</RequiredDate><ShippedDate>1998-01-21T00:00:00+01:00</ShippedDate><ShipVia>2</ShipVia><Freight>3.01</Freight><ShipName>Gourmet Lanchonetes</ShipName><ShipAddress>Av. Brasil, 442</ShipAddress><ShipCity>Campinas</ShipCity><ShipRegion>SP</ShipRegion><ShipPostalCode>04876-786</ShipPostalCode><ShipCountry>Brazil</ShipCountry></Order>