<?xml version="1.0" encoding="UTF-8"?>
<Order rownum="2527"><OrderID>10462</OrderID><CustomerID>CONSH</CustomerID><EmployeeID>2</EmployeeID><OrderDate>1997-03-03T00:00:00+01:00</OrderDate><RequiredDate>1997-03-31T00:00:00+02:00</RequiredDate><ShippedDate>1997-03-18T00:00:00+01:00</ShippedDate><ShipVia>1</ShipVia><Freight>6.17</Freight><ShipName>Consolidated Holdings</ShipName><ShipAddress>Berkeley Gardens 12  Brewery</ShipAddress><ShipCity>Londo</ShipCity><ShipPostalCode>WX1 6LT</ShipPostalCode><ShipCountry>UK</ShipCountry></Order>