<?xml version="1.0" encoding="UTF-8"?>
<Order rownum="2872"><OrderID>10807</OrderID><CustomerID>FRANS</CustomerID><EmployeeID>4</EmployeeID><OrderDate>1997-12-31T00:00:00+01:00</OrderDate><RequiredDate>1998-01-28T00:00:00+01:00</RequiredDate><ShippedDate>1998-01-30T00:00:00+01:00</ShippedDate><ShipVia>1</ShipVia><Freight>1.36</Freight><ShipName>Franchi S.p.A.</ShipName><ShipAddress>Via Monte Bianco 34</ShipAddress><ShipCity>Torino</ShipCity><ShipPostalCode>10100</ShipPostalCode><ShipCountry>Italy</ShipCountry></Order>