<?xml version="1.0" encoding="UTF-8"?>
<Order rownum="2401"><OrderID>10336</OrderID><CustomerID>PRINI</CustomerID><EmployeeID>7</EmployeeID><OrderDate>1996-10-23T00:00:00+02:00</OrderDate><RequiredDate>1996-11-20T00:00:00+01:00</RequiredDate><ShippedDate>1996-10-25T00:00:00+02:00</ShippedDate><ShipVia>2</ShipVia><Freight>15.51</Freight><ShipName>Princesa Isabel Vinhos</ShipName><ShipAddress>Estrada da saúde n. 58</ShipAddress><ShipCity>Lisboa</ShipCity><ShipPostalCode>1756</ShipPostalCode><ShipCountry>Portugal</ShipCountry></Order>