<?xml version="1.0" encoding="UTF-8"?>
<Order rownum="2955"><OrderID>10890</OrderID><CustomerID>DUMO</CustomerID><EmployeeID>7</EmployeeID><OrderDate>1998-02-16T00:00:00+01:00</OrderDate><RequiredDate>1998-03-16T00:00:00+01:00</RequiredDate><ShippedDate>1998-02-18T00:00:00+01:00</ShippedDate><ShipVia>1</ShipVia><Freight>32.76</Freight><ShipName>Du monde entier</ShipName><ShipAddress>67, rue des Cinquante Otages</ShipAddress><ShipCity>Nantes</ShipCity><ShipPostalCode>44000</ShipPostalCode><ShipCountry>France</ShipCountry></Order>