<?xml version="1.0" encoding="UTF-8"?>
<Order rownum="2559"><OrderID>10494</OrderID><CustomerID>COMMI</CustomerID><EmployeeID>4</EmployeeID><OrderDate>1997-04-02T00:00:00+02:00</OrderDate><RequiredDate>1997-04-30T00:00:00+02:00</RequiredDate><ShippedDate>1997-04-09T00:00:00+02:00</ShippedDate><ShipVia>2</ShipVia><Freight>65.99</Freight><ShipName>Comércio Mineiro</ShipName><ShipAddress>Av. dos Lusíadas, 23</ShipAddress><ShipCity>Sao Paulo</ShipCity><ShipRegion>SP</ShipRegion><ShipPostalCode>05432-043</ShipPostalCode><ShipCountry>Brazil</ShipCountry></Order>