<?xml version="1.0" encoding="UTF-8"?>
<Order rownum="2867"><OrderID>10802</OrderID><CustomerID>SIMOB</CustomerID><EmployeeID>4</EmployeeID><OrderDate>1997-12-29T00:00:00+01:00</OrderDate><RequiredDate>1998-01-26T00:00:00+01:00</RequiredDate><ShippedDate>1998-01-02T00:00:00+01:00</ShippedDate><ShipVia>2</ShipVia><Freight>257.26</Freight><ShipName>Simons bistro</ShipName><ShipAddress>Vinbæltet 34</ShipAddress><ShipCity>Kobenhav</ShipCity><ShipPostalCode>1734</ShipPostalCode><ShipCountry>Denmark</ShipCountry></Order>