<?xml version="1.0" encoding="UTF-8"?>
<Order rownum="2502"><OrderID>10437</OrderID><CustomerID>WARTH</CustomerID><EmployeeID>8</EmployeeID><OrderDate>1997-02-05T00:00:00+01:00</OrderDate><RequiredDate>1997-03-05T00:00:00+01:00</RequiredDate><ShippedDate>1997-02-12T00:00:00+01:00</ShippedDate><ShipVia>1</ShipVia><Freight>19.97</Freight><ShipName>Wartian Herkku</ShipName><ShipAddress>Torikatu 38</ShipAddress><ShipCity>Oulu</ShipCity><ShipPostalCode>90110</ShipPostalCode><ShipCountry>Finland</ShipCountry></Order>