<?xml version="1.0" encoding="UTF-8"?>
<Order rownum="2558"><OrderID>10493</OrderID><CustomerID>LAMAI</CustomerID><EmployeeID>4</EmployeeID><OrderDate>1997-04-02T00:00:00+02:00</OrderDate><RequiredDate>1997-04-30T00:00:00+02:00</RequiredDate><ShippedDate>1997-04-10T00:00:00+02:00</ShippedDate><ShipVia>3</ShipVia><Freight>10.64</Freight><ShipName>La maison d'Asie</ShipName><ShipAddress>1 rue Alsace-Lorraine</ShipAddress><ShipCity>Toulouse</ShipCity><ShipPostalCode>31000</ShipPostalCode><ShipCountry>France</ShipCountry></Order>