<?xml version="1.0" encoding="UTF-8"?>
<Order rownum="2933"><OrderID>10868</OrderID><CustomerID>QUEE</CustomerID><EmployeeID>7</EmployeeID><OrderDate>1998-02-04T00:00:00+01:00</OrderDate><RequiredDate>1998-03-04T00:00:00+01:00</RequiredDate><ShippedDate>1998-02-23T00:00:00+01:00</ShippedDate><ShipVia>2</ShipVia><Freight>191.27</Freight><ShipName>Queen Cozinha</ShipName><ShipAddress>Alameda dos Canàrios, 891</ShipAddress><ShipCity>Sao Paulo</ShipCity><ShipRegion>SP</ShipRegion><ShipPostalCode>05487-020</ShipPostalCode><ShipCountry>Brazil</ShipCountry></Order>