<?xml version="1.0" encoding="UTF-8"?>
<Order rownum="2785"><OrderID>10720</OrderID><CustomerID>QUEDE</CustomerID><EmployeeID>8</EmployeeID><OrderDate>1997-10-28T00:00:00+01:00</OrderDate><RequiredDate>1997-11-11T00:00:00+01:00</RequiredDate><ShippedDate>1997-11-05T00:00:00+01:00</ShippedDate><ShipVia>2</ShipVia><Freight>9.53</Freight><ShipName>Que Delícia</ShipName><ShipAddress>Rua da Panificadora, 12</ShipAddress><ShipCity>Rio de Janeiro</ShipCity><ShipRegion>RJ</ShipRegion><ShipPostalCode>02389-673</ShipPostalCode><ShipCountry>Brazil</ShipCountry></Order>