<?xml version="1.0" encoding="UTF-8"?>
<Order rownum="2751"><OrderID>10686</OrderID><CustomerID>PICCO</CustomerID><EmployeeID>2</EmployeeID><OrderDate>1997-09-30T00:00:00+02:00</OrderDate><RequiredDate>1997-10-28T00:00:00+01:00</RequiredDate><ShippedDate>1997-10-08T00:00:00+02:00</ShippedDate><ShipVia>1</ShipVia><Freight>96.5</Freight><ShipName>Piccolo und mehr</ShipName><ShipAddress>Geislweg 14</ShipAddress><ShipCity>Salzburg</ShipCity><ShipPostalCode>5020</ShipPostalCode><ShipCountry>Austria</ShipCountry></Order>