<?xml version="1.0" encoding="UTF-8"?>
<Order rownum="2581"><OrderID>10516</OrderID><CustomerID>HUNGO</CustomerID><EmployeeID>2</EmployeeID><OrderDate>1997-04-24T00:00:00+02:00</OrderDate><RequiredDate>1997-05-22T00:00:00+02:00</RequiredDate><ShippedDate>1997-05-01T00:00:00+02:00</ShippedDate><ShipVia>3</ShipVia><Freight>62.78</Freight><ShipName>Hungry Owl All-Night Grocers</ShipName><ShipAddress>8 Johnstown Road</ShipAddress><ShipCity>Cork</ShipCity><ShipRegion>Co. Cork</ShipRegion><ShipCountry>Ireland</ShipCountry></Order>