<?xml version="1.0" encoding="UTF-8"?>
<Order rownum="2932"><OrderID>10867</OrderID><CustomerID>LONEP</CustomerID><EmployeeID>6</EmployeeID><OrderDate>1998-02-03T00:00:00+01:00</OrderDate><RequiredDate>1998-03-17T00:00:00+01:00</RequiredDate><ShippedDate>1998-02-11T00:00:00+01:00</ShippedDate><ShipVia>1</ShipVia><Freight>1.93</Freight><ShipName>Lonesome Pine Restaurant</ShipName><ShipAddress>89 Chiaroscuro Rd.</ShipAddress><ShipCity>Portland</ShipCity><ShipRegion>OR</ShipRegion><ShipPostalCode>97219</ShipPostalCode><ShipCountry>USA</ShipCountry></Order>