<?xml version="1.0" encoding="UTF-8"?>
<Order rownum="2409"><OrderID>10344</OrderID><CustomerID>WHITC</CustomerID><EmployeeID>4</EmployeeID><OrderDate>1996-11-01T00:00:00+01:00</OrderDate><RequiredDate>1996-11-29T00:00:00+01:00</RequiredDate><ShippedDate>1996-11-05T00:00:00+01:00</ShippedDate><ShipVia>2</ShipVia><Freight>23.29</Freight><ShipName>White Clover Markets</ShipName><ShipAddress>1029 - 12th Ave. S.</ShipAddress><ShipCity>Seattle</ShipCity><ShipRegion>WA</ShipRegion><ShipPostalCode>98124</ShipPostalCode><ShipCountry>USA</ShipCountry></Order>