<?xml version="1.0" encoding="UTF-8"?>
<Order rownum="2890"><OrderID>10825</OrderID><CustomerID>DRACD</CustomerID><EmployeeID>1</EmployeeID><OrderDate>1998-01-09T00:00:00+01:00</OrderDate><RequiredDate>1998-02-06T00:00:00+01:00</RequiredDate><ShippedDate>1998-01-14T00:00:00+01:00</ShippedDate><ShipVia>1</ShipVia><Freight>79.25</Freight><ShipName>Drachenblut Delikatesse</ShipName><ShipAddress>Walserweg 21</ShipAddress><ShipCity>Aache</ShipCity><ShipPostalCode>52066</ShipPostalCode><ShipCountry>Germany</ShipCountry></Order>