<?xml version="1.0" encoding="UTF-8"?>
<Order rownum="2460"><OrderID>10395</OrderID><CustomerID>HILAA</CustomerID><EmployeeID>6</EmployeeID><OrderDate>1996-12-26T00:00:00+01:00</OrderDate><RequiredDate>1997-01-23T00:00:00+01:00</RequiredDate><ShippedDate>1997-01-03T00:00:00+01:00</ShippedDate><ShipVia>1</ShipVia><Freight>184.41</Freight><ShipName>HILARION-Abastos</ShipName><ShipAddress>Carrera 22 con Ave. Carlos Soublette #8-35</ShipAddress><ShipCity>San Cristóbal</ShipCity><ShipRegion>Táchira</ShipRegion><ShipPostalCode>5022</ShipPostalCode><ShipCountry>Venezuela</ShipCountry></Order>