<?xml version="1.0" encoding="UTF-8"?>
<Order rownum="2645"><OrderID>10580</OrderID><CustomerID>OTTIK</CustomerID><EmployeeID>4</EmployeeID><OrderDate>1997-06-26T00:00:00+02:00</OrderDate><RequiredDate>1997-07-24T00:00:00+02:00</RequiredDate><ShippedDate>1997-07-01T00:00:00+02:00</ShippedDate><ShipVia>3</ShipVia><Freight>75.89</Freight><ShipName>Ottilies Käselade</ShipName><ShipAddress>Mehrheimerstr. 369</ShipAddress><ShipCity>Köl</ShipCity><ShipPostalCode>50739</ShipPostalCode><ShipCountry>Germany</ShipCountry></Order>