<?xml version="1.0" encoding="UTF-8"?>
<Order rownum="2652"><OrderID>10587</OrderID><CustomerID>QUEDE</CustomerID><EmployeeID>1</EmployeeID><OrderDate>1997-07-02T00:00:00+02:00</OrderDate><RequiredDate>1997-07-30T00:00:00+02:00</RequiredDate><ShippedDate>1997-07-09T00:00:00+02:00</ShippedDate><ShipVia>1</ShipVia><Freight>62.52</Freight><ShipName>Que Delícia</ShipName><ShipAddress>Rua da Panificadora, 12</ShipAddress><ShipCity>Rio de Janeiro</ShipCity><ShipRegion>RJ</ShipRegion><ShipPostalCode>02389-673</ShipPostalCode><ShipCountry>Brazil</ShipCountry></Order>