<?xml version="1.0" encoding="UTF-8"?>
<Order rownum="2609"><OrderID>10544</OrderID><CustomerID>LONEP</CustomerID><EmployeeID>4</EmployeeID><OrderDate>1997-05-21T00:00:00+02:00</OrderDate><RequiredDate>1997-06-18T00:00:00+02:00</RequiredDate><ShippedDate>1997-05-30T00:00:00+02:00</ShippedDate><ShipVia>1</ShipVia><Freight>24.91</Freight><ShipName>Lonesome Pine Restaurant</ShipName><ShipAddress>89 Chiaroscuro Rd.</ShipAddress><ShipCity>Portland</ShipCity><ShipRegion>OR</ShipRegion><ShipPostalCode>97219</ShipPostalCode><ShipCountry>USA</ShipCountry></Order>