<?xml version="1.0" encoding="UTF-8"?>
<Order rownum="2919"><OrderID>10854</OrderID><CustomerID>ERNSH</CustomerID><EmployeeID>3</EmployeeID><OrderDate>1998-01-27T00:00:00+01:00</OrderDate><RequiredDate>1998-02-24T00:00:00+01:00</RequiredDate><ShippedDate>1998-02-05T00:00:00+01:00</ShippedDate><ShipVia>2</ShipVia><Freight>100.22</Freight><ShipName>Ernst Handel</ShipName><ShipAddress>Kirchgasse 6</ShipAddress><ShipCity>Graz</ShipCity><ShipPostalCode>8010</ShipPostalCode><ShipCountry>Austria</ShipCountry></Order>