<?xml version="1.0" encoding="UTF-8"?>
<Order rownum="2393"><OrderID>10328</OrderID><CustomerID>FURIB</CustomerID><EmployeeID>4</EmployeeID><OrderDate>1996-10-14T00:00:00+02:00</OrderDate><RequiredDate>1996-11-11T00:00:00+01:00</RequiredDate><ShippedDate>1996-10-17T00:00:00+02:00</ShippedDate><ShipVia>3</ShipVia><Freight>87.03</Freight><ShipName>Furia Bacalhau e Frutos do Mar</ShipName><ShipAddress>Jardim das rosas n. 32</ShipAddress><ShipCity>Lisboa</ShipCity><ShipPostalCode>1675</ShipPostalCode><ShipCountry>Portugal</ShipCountry></Order>