<?xml version="1.0" encoding="UTF-8"?>
<Order rownum="2496"><OrderID>10431</OrderID><CustomerID>BOTTM</CustomerID><EmployeeID>4</EmployeeID><OrderDate>1997-01-30T00:00:00+01:00</OrderDate><RequiredDate>1997-02-13T00:00:00+01:00</RequiredDate><ShippedDate>1997-02-07T00:00:00+01:00</ShippedDate><ShipVia>2</ShipVia><Freight>44.17</Freight><ShipName>Bottom-Dollar Markets</ShipName><ShipAddress>23 Tsawassen Blvd.</ShipAddress><ShipCity>Tsawasse</ShipCity><ShipRegion>BC</ShipRegion><ShipPostalCode>T2F 8M4</ShipPostalCode><ShipCountry>Canada</ShipCountry></Order>