<?xml version="1.0" encoding="UTF-8"?>
<Order rownum="2902"><OrderID>10837</OrderID><CustomerID>BERGS</CustomerID><EmployeeID>9</EmployeeID><OrderDate>1998-01-16T00:00:00+01:00</OrderDate><RequiredDate>1998-02-13T00:00:00+01:00</RequiredDate><ShippedDate>1998-01-23T00:00:00+01:00</ShippedDate><ShipVia>3</ShipVia><Freight>13.32</Freight><ShipName>Berglunds snabbköp</ShipName><ShipAddress>Berguvsvägen  8</ShipAddress><ShipCity>Luleå</ShipCity><ShipPostalCode>S-958 22</ShipPostalCode><ShipCountry>Swede</ShipCountry></Order>