<?xml version="1.0" encoding="UTF-8"?>
<Order rownum="2984"><OrderID>10919</OrderID><CustomerID>LINOD</CustomerID><EmployeeID>2</EmployeeID><OrderDate>1998-03-02T00:00:00+01:00</OrderDate><RequiredDate>1998-03-30T00:00:00+02:00</RequiredDate><ShippedDate>1998-03-04T00:00:00+01:00</ShippedDate><ShipVia>2</ShipVia><Freight>19.8</Freight><ShipName>LINO-Delicateses</ShipName><ShipAddress>Ave. 5 de Mayo Porlamar</ShipAddress><ShipCity>I. de Margarita</ShipCity><ShipRegion>Nueva Esparta</ShipRegion><ShipPostalCode>4980</ShipPostalCode><ShipCountry>Venezuela</ShipCountry></Order>