<?xml version="1.0" encoding="UTF-8"?>
<Order rownum="2464"><OrderID>10399</OrderID><CustomerID>VAFFE</CustomerID><EmployeeID>8</EmployeeID><OrderDate>1996-12-31T00:00:00+01:00</OrderDate><RequiredDate>1997-01-14T00:00:00+01:00</RequiredDate><ShippedDate>1997-01-08T00:00:00+01:00</ShippedDate><ShipVia>3</ShipVia><Freight>27.36</Freight><ShipName>Vaffeljernet</ShipName><ShipAddress>Smagsloget 45</ShipAddress><ShipCity>Århus</ShipCity><ShipPostalCode>8200</ShipPostalCode><ShipCountry>Denmark</ShipCountry></Order>