<?xml version="1.0" encoding="UTF-8"?>
<Order rownum="2534"><OrderID>10469</OrderID><CustomerID>WHITC</CustomerID><EmployeeID>1</EmployeeID><OrderDate>1997-03-10T00:00:00+01:00</OrderDate><RequiredDate>1997-04-07T00:00:00+02:00</RequiredDate><ShippedDate>1997-03-14T00:00:00+01:00</ShippedDate><ShipVia>1</ShipVia><Freight>60.18</Freight><ShipName>White Clover Markets</ShipName><ShipAddress>1029 - 12th Ave. S.</ShipAddress><ShipCity>Seattle</ShipCity><ShipRegion>WA</ShipRegion><ShipPostalCode>98124</ShipPostalCode><ShipCountry>USA</ShipCountry></Order>