<?xml version="1.0" encoding="UTF-8"?>
<Order rownum="2846"><OrderID>10781</OrderID><CustomerID>WARTH</CustomerID><EmployeeID>2</EmployeeID><OrderDate>1997-12-17T00:00:00+01:00</OrderDate><RequiredDate>1998-01-14T00:00:00+01:00</RequiredDate><ShippedDate>1997-12-19T00:00:00+01:00</ShippedDate><ShipVia>3</ShipVia><Freight>73.16</Freight><ShipName>Wartian Herkku</ShipName><ShipAddress>Torikatu 38</ShipAddress><ShipCity>Oulu</ShipCity><ShipPostalCode>90110</ShipPostalCode><ShipCountry>Finland</ShipCountry></Order>