<?xml version="1.0" encoding="UTF-8"?>
<Order rownum="2509"><OrderID>10444</OrderID><CustomerID>BERGS</CustomerID><EmployeeID>3</EmployeeID><OrderDate>1997-02-12T00:00:00+01:00</OrderDate><RequiredDate>1997-03-12T00:00:00+01:00</RequiredDate><ShippedDate>1997-02-21T00:00:00+01:00</ShippedDate><ShipVia>3</ShipVia><Freight>3.5</Freight><ShipName>Berglunds snabbköp</ShipName><ShipAddress>Berguvsvägen  8</ShipAddress><ShipCity>Luleå</ShipCity><ShipPostalCode>S-958 22</ShipPostalCode><ShipCountry>Swede</ShipCountry></Order>