<?xml version="1.0" encoding="UTF-8"?>
<Order rownum="2839"><OrderID>10774</OrderID><CustomerID>FOLKO</CustomerID><EmployeeID>4</EmployeeID><OrderDate>1997-12-11T00:00:00+01:00</OrderDate><RequiredDate>1997-12-25T00:00:00+01:00</RequiredDate><ShippedDate>1997-12-12T00:00:00+01:00</ShippedDate><ShipVia>1</ShipVia><Freight>48.2</Freight><ShipName>Folk och fä HB</ShipName><ShipAddress>Åkergatan 24</ShipAddress><ShipCity>Bräcke</ShipCity><ShipPostalCode>S-844 67</ShipPostalCode><ShipCountry>Swede</ShipCountry></Order>