<?xml version="1.0" encoding="UTF-8"?>
<Order rownum="2533"><OrderID>10468</OrderID><CustomerID>KOENE</CustomerID><EmployeeID>3</EmployeeID><OrderDate>1997-03-07T00:00:00+01:00</OrderDate><RequiredDate>1997-04-04T00:00:00+02:00</RequiredDate><ShippedDate>1997-03-12T00:00:00+01:00</ShippedDate><ShipVia>3</ShipVia><Freight>44.12</Freight><ShipName>Königlich Esse</ShipName><ShipAddress>Maubelstr. 90</ShipAddress><ShipCity>Brandenburg</ShipCity><ShipPostalCode>14776</ShipPostalCode><ShipCountry>Germany</ShipCountry></Order>