<?xml version="1.0" encoding="UTF-8"?>
<Order rownum="2745"><OrderID>10680</OrderID><CustomerID>OLDWO</CustomerID><EmployeeID>1</EmployeeID><OrderDate>1997-09-24T00:00:00+02:00</OrderDate><RequiredDate>1997-10-22T00:00:00+02:00</RequiredDate><ShippedDate>1997-09-26T00:00:00+02:00</ShippedDate><ShipVia>1</ShipVia><Freight>26.61</Freight><ShipName>Old World Delicatesse</ShipName><ShipAddress>2743 Bering St.</ShipAddress><ShipCity>Anchorage</ShipCity><ShipRegion>AK</ShipRegion><ShipPostalCode>99508</ShipPostalCode><ShipCountry>USA</ShipCountry></Order>