<?xml version="1.0" encoding="UTF-8"?>
<Order rownum="2917"><OrderID>10852</OrderID><CustomerID>RATTC</CustomerID><EmployeeID>8</EmployeeID><OrderDate>1998-01-26T00:00:00+01:00</OrderDate><RequiredDate>1998-02-09T00:00:00+01:00</RequiredDate><ShippedDate>1998-01-30T00:00:00+01:00</ShippedDate><ShipVia>1</ShipVia><Freight>174.05</Freight><ShipName>Rattlesnake Canyon Grocery</ShipName><ShipAddress>2817 Milton Dr.</ShipAddress><ShipCity>Albuquerque</ShipCity><ShipRegion>NM</ShipRegion><ShipPostalCode>87110</ShipPostalCode><ShipCountry>USA</ShipCountry></Order>