<?xml version="1.0" encoding="UTF-8"?>
<Order rownum="2925"><OrderID>10860</OrderID><CustomerID>FRANR</CustomerID><EmployeeID>3</EmployeeID><OrderDate>1998-01-29T00:00:00+01:00</OrderDate><RequiredDate>1998-02-26T00:00:00+01:00</RequiredDate><ShippedDate>1998-02-04T00:00:00+01:00</ShippedDate><ShipVia>3</ShipVia><Freight>19.26</Freight><ShipName>France restauratio</ShipName><ShipAddress>54, rue Royale</ShipAddress><ShipCity>Nantes</ShipCity><ShipPostalCode>44000</ShipPostalCode><ShipCountry>France</ShipCountry></Order>