<?xml version="1.0" encoding="UTF-8"?>
<Order rownum="2485"><OrderID>10420</OrderID><CustomerID>WELLI</CustomerID><EmployeeID>3</EmployeeID><OrderDate>1997-01-21T00:00:00+01:00</OrderDate><RequiredDate>1997-02-18T00:00:00+01:00</RequiredDate><ShippedDate>1997-01-27T00:00:00+01:00</ShippedDate><ShipVia>1</ShipVia><Freight>44.12</Freight><ShipName>Wellington Importadora</ShipName><ShipAddress>Rua do Mercado, 12</ShipAddress><ShipCity>Resende</ShipCity><ShipRegion>SP</ShipRegion><ShipPostalCode>08737-363</ShipPostalCode><ShipCountry>Brazil</ShipCountry></Order>