<?xml version="1.0" encoding="UTF-8"?>
<Order rownum="2766"><OrderID>10701</OrderID><CustomerID>HUNGO</CustomerID><EmployeeID>6</EmployeeID><OrderDate>1997-10-13T00:00:00+02:00</OrderDate><RequiredDate>1997-10-27T00:00:00+01:00</RequiredDate><ShippedDate>1997-10-15T00:00:00+02:00</ShippedDate><ShipVia>3</ShipVia><Freight>220.31</Freight><ShipName>Hungry Owl All-Night Grocers</ShipName><ShipAddress>8 Johnstown Road</ShipAddress><ShipCity>Cork</ShipCity><ShipRegion>Co. Cork</ShipRegion><ShipCountry>Ireland</ShipCountry></Order>