<?xml version="1.0" encoding="UTF-8"?>
<Order rownum="2548"><OrderID>10483</OrderID><CustomerID>WHITC</CustomerID><EmployeeID>7</EmployeeID><OrderDate>1997-03-24T00:00:00+01:00</OrderDate><RequiredDate>1997-04-21T00:00:00+02:00</RequiredDate><ShippedDate>1997-04-25T00:00:00+02:00</ShippedDate><ShipVia>2</ShipVia><Freight>15.28</Freight><ShipName>White Clover Markets</ShipName><ShipAddress>1029 - 12th Ave. S.</ShipAddress><ShipCity>Seattle</ShipCity><ShipRegion>WA</ShipRegion><ShipPostalCode>98124</ShipPostalCode><ShipCountry>USA</ShipCountry></Order>