<?xml version="1.0" encoding="UTF-8"?>
<Order rownum="2974"><OrderID>10909</OrderID><CustomerID>SANTG</CustomerID><EmployeeID>1</EmployeeID><OrderDate>1998-02-26T00:00:00+01:00</OrderDate><RequiredDate>1998-03-26T00:00:00+01:00</RequiredDate><ShippedDate>1998-03-10T00:00:00+01:00</ShippedDate><ShipVia>2</ShipVia><Freight>53.05</Freight><ShipName>Santé Gourmet</ShipName><ShipAddress>Erling Skakkes gate 78</ShipAddress><ShipCity>Staver</ShipCity><ShipPostalCode>4110</ShipPostalCode><ShipCountry>Norway</ShipCountry></Order>