<?xml version="1.0" encoding="UTF-8"?>
<Order rownum="2498"><OrderID>10433</OrderID><CustomerID>PRINI</CustomerID><EmployeeID>3</EmployeeID><OrderDate>1997-02-03T00:00:00+01:00</OrderDate><RequiredDate>1997-03-03T00:00:00+01:00</RequiredDate><ShippedDate>1997-03-04T00:00:00+01:00</ShippedDate><ShipVia>3</ShipVia><Freight>73.83</Freight><ShipName>Princesa Isabel Vinhos</ShipName><ShipAddress>Estrada da saúde n. 58</ShipAddress><ShipCity>Lisboa</ShipCity><ShipPostalCode>1756</ShipPostalCode><ShipCountry>Portugal</ShipCountry></Order>