<?xml version="1.0" encoding="UTF-8"?>
<Order rownum="2928"><OrderID>10863</OrderID><CustomerID>HILAA</CustomerID><EmployeeID>4</EmployeeID><OrderDate>1998-02-02T00:00:00+01:00</OrderDate><RequiredDate>1998-03-02T00:00:00+01:00</RequiredDate><ShippedDate>1998-02-17T00:00:00+01:00</ShippedDate><ShipVia>2</ShipVia><Freight>30.26</Freight><ShipName>HILARION-Abastos</ShipName><ShipAddress>Carrera 22 con Ave. Carlos Soublette #8-35</ShipAddress><ShipCity>San Cristóbal</ShipCity><ShipRegion>Táchira</ShipRegion><ShipPostalCode>5022</ShipPostalCode><ShipCountry>Venezuela</ShipCountry></Order>