<?xml version="1.0" encoding="UTF-8"?>
<Order rownum="2924"><OrderID>10859</OrderID><CustomerID>FRANK</CustomerID><EmployeeID>1</EmployeeID><OrderDate>1998-01-29T00:00:00+01:00</OrderDate><RequiredDate>1998-02-26T00:00:00+01:00</RequiredDate><ShippedDate>1998-02-02T00:00:00+01:00</ShippedDate><ShipVia>2</ShipVia><Freight>76.1</Freight><ShipName>Frankenversand</ShipName><ShipAddress>Berliner Platz 43</ShipAddress><ShipCity>Münche</ShipCity><ShipPostalCode>80805</ShipPostalCode><ShipCountry>Germany</ShipCountry></Order>