<?xml version="1.0" encoding="UTF-8"?>
<Order rownum="2813"><OrderID>10748</OrderID><CustomerID>SAVEA</CustomerID><EmployeeID>3</EmployeeID><OrderDate>1997-11-20T00:00:00+01:00</OrderDate><RequiredDate>1997-12-18T00:00:00+01:00</RequiredDate><ShippedDate>1997-11-28T00:00:00+01:00</ShippedDate><ShipVia>1</ShipVia><Freight>232.55</Freight><ShipName>Save-a-lot Markets</ShipName><ShipAddress>187 Suffolk Ln.</ShipAddress><ShipCity>Boise</ShipCity><ShipRegion>ID</ShipRegion><ShipPostalCode>83720</ShipPostalCode><ShipCountry>USA</ShipCountry></Order>