<?xml version="1.0" encoding="UTF-8"?>
<Order rownum="2453"><OrderID>10388</OrderID><CustomerID>SEVES</CustomerID><EmployeeID>2</EmployeeID><OrderDate>1996-12-19T00:00:00+01:00</OrderDate><RequiredDate>1997-01-16T00:00:00+01:00</RequiredDate><ShippedDate>1996-12-20T00:00:00+01:00</ShippedDate><ShipVia>1</ShipVia><Freight>34.86</Freight><ShipName>Seven Seas Imports</ShipName><ShipAddress>90 Wadhurst Rd.</ShipAddress><ShipCity>Londo</ShipCity><ShipPostalCode>OX15 4NB</ShipPostalCode><ShipCountry>UK</ShipCountry></Order>