<?xml version="1.0" encoding="UTF-8"?>
<Order rownum="2896"><OrderID>10831</OrderID><CustomerID>SANTG</CustomerID><EmployeeID>3</EmployeeID><OrderDate>1998-01-14T00:00:00+01:00</OrderDate><RequiredDate>1998-02-11T00:00:00+01:00</RequiredDate><ShippedDate>1998-01-23T00:00:00+01:00</ShippedDate><ShipVia>2</ShipVia><Freight>72.19</Freight><ShipName>Santé Gourmet</ShipName><ShipAddress>Erling Skakkes gate 78</ShipAddress><ShipCity>Staver</ShipCity><ShipPostalCode>4110</ShipPostalCode><ShipCountry>Norway</ShipCountry></Order>