<?xml version="1.0" encoding="UTF-8"?>
<Order rownum="2505"><OrderID>10440</OrderID><CustomerID>SAVEA</CustomerID><EmployeeID>4</EmployeeID><OrderDate>1997-02-10T00:00:00+01:00</OrderDate><RequiredDate>1997-03-10T00:00:00+01:00</RequiredDate><ShippedDate>1997-02-28T00:00:00+01:00</ShippedDate><ShipVia>2</ShipVia><Freight>86.53</Freight><ShipName>Save-a-lot Markets</ShipName><ShipAddress>187 Suffolk Ln.</ShipAddress><ShipCity>Boise</ShipCity><ShipRegion>ID</ShipRegion><ShipPostalCode>83720</ShipPostalCode><ShipCountry>USA</ShipCountry></Order>