<?xml version="1.0" encoding="UTF-8"?>
<Order rownum="2663"><OrderID>10598</OrderID><CustomerID>RATTC</CustomerID><EmployeeID>1</EmployeeID><OrderDate>1997-07-14T00:00:00+02:00</OrderDate><RequiredDate>1997-08-11T00:00:00+02:00</RequiredDate><ShippedDate>1997-07-18T00:00:00+02:00</ShippedDate><ShipVia>3</ShipVia><Freight>44.42</Freight><ShipName>Rattlesnake Canyon Grocery</ShipName><ShipAddress>2817 Milton Dr.</ShipAddress><ShipCity>Albuquerque</ShipCity><ShipRegion>NM</ShipRegion><ShipPostalCode>87110</ShipPostalCode><ShipCountry>USA</ShipCountry></Order>