<?xml version="1.0" encoding="UTF-8"?>
<Order rownum="2711"><OrderID>10646</OrderID><CustomerID>HUNGO</CustomerID><EmployeeID>9</EmployeeID><OrderDate>1997-08-27T00:00:00+02:00</OrderDate><RequiredDate>1997-10-08T00:00:00+02:00</RequiredDate><ShippedDate>1997-09-03T00:00:00+02:00</ShippedDate><ShipVia>3</ShipVia><Freight>142.33</Freight><ShipName>Hungry Owl All-Night Grocers</ShipName><ShipAddress>8 Johnstown Road</ShipAddress><ShipCity>Cork</ShipCity><ShipRegion>Co. Cork</ShipRegion><ShipCountry>Ireland</ShipCountry></Order>