<?xml version="1.0" encoding="UTF-8"?>
<Order rownum="2849"><OrderID>10784</OrderID><CustomerID>MAGAA</CustomerID><EmployeeID>4</EmployeeID><OrderDate>1997-12-18T00:00:00+01:00</OrderDate><RequiredDate>1998-01-15T00:00:00+01:00</RequiredDate><ShippedDate>1997-12-22T00:00:00+01:00</ShippedDate><ShipVia>3</ShipVia><Freight>70.09</Freight><ShipName>Magazzini Alimentari Riuniti</ShipName><ShipAddress>Via Ludovico il Moro 22</ShipAddress><ShipCity>Bergamo</ShipCity><ShipPostalCode>24100</ShipPostalCode><ShipCountry>Italy</ShipCountry></Order>