<?xml version="1.0" encoding="UTF-8"?>
<Order rownum="2913"><OrderID>10848</OrderID><CustomerID>CONSH</CustomerID><EmployeeID>7</EmployeeID><OrderDate>1998-01-23T00:00:00+01:00</OrderDate><RequiredDate>1998-02-20T00:00:00+01:00</RequiredDate><ShippedDate>1998-01-29T00:00:00+01:00</ShippedDate><ShipVia>2</ShipVia><Freight>38.24</Freight><ShipName>Consolidated Holdings</ShipName><ShipAddress>Berkeley Gardens 12  Brewery</ShipAddress><ShipCity>Londo</ShipCity><ShipPostalCode>WX1 6LT</ShipPostalCode><ShipCountry>UK</ShipCountry></Order>