<?xml version="1.0" encoding="UTF-8"?>
<Order rownum="2410"><OrderID>10345</OrderID><CustomerID>QUICK</CustomerID><EmployeeID>2</EmployeeID><OrderDate>1996-11-04T00:00:00+01:00</OrderDate><RequiredDate>1996-12-02T00:00:00+01:00</RequiredDate><ShippedDate>1996-11-11T00:00:00+01:00</ShippedDate><ShipVia>2</ShipVia><Freight>249.06</Freight><ShipName>QUICK-Stop</ShipName><ShipAddress>Taucherstraße 10</ShipAddress><ShipCity>Cunewalde</ShipCity><ShipPostalCode>01307</ShipPostalCode><ShipCountry>Germany</ShipCountry></Order>