<?xml version="1.0" encoding="UTF-8"?>
<Order rownum="2709"><OrderID>10644</OrderID><CustomerID>WELLI</CustomerID><EmployeeID>3</EmployeeID><OrderDate>1997-08-25T00:00:00+02:00</OrderDate><RequiredDate>1997-09-22T00:00:00+02:00</RequiredDate><ShippedDate>1997-09-01T00:00:00+02:00</ShippedDate><ShipVia>2</ShipVia><Freight>0.14</Freight><ShipName>Wellington Importadora</ShipName><ShipAddress>Rua do Mercado, 12</ShipAddress><ShipCity>Resende</ShipCity><ShipRegion>SP</ShipRegion><ShipPostalCode>08737-363</ShipPostalCode><ShipCountry>Brazil</ShipCountry></Order>