<?xml version="1.0" encoding="UTF-8"?>
<Order rownum="2803"><OrderID>10738</OrderID><CustomerID>SPECD</CustomerID><EmployeeID>2</EmployeeID><OrderDate>1997-11-12T00:00:00+01:00</OrderDate><RequiredDate>1997-12-10T00:00:00+01:00</RequiredDate><ShippedDate>1997-11-18T00:00:00+01:00</ShippedDate><ShipVia>1</ShipVia><Freight>2.91</Freight><ShipName>Spécialités du monde</ShipName><ShipAddress>25, rue Lauristo</ShipAddress><ShipCity>Paris</ShipCity><ShipPostalCode>75016</ShipPostalCode><ShipCountry>France</ShipCountry></Order>