<?xml version="1.0" encoding="UTF-8"?>
<Order rownum="2976"><OrderID>10911</OrderID><CustomerID>GODOS</CustomerID><EmployeeID>3</EmployeeID><OrderDate>1998-02-26T00:00:00+01:00</OrderDate><RequiredDate>1998-03-26T00:00:00+01:00</RequiredDate><ShippedDate>1998-03-05T00:00:00+01:00</ShippedDate><ShipVia>1</ShipVia><Freight>38.19</Freight><ShipName>Godos Cocina Típica</ShipName><ShipAddress>C/ Romero, 33</ShipAddress><ShipCity>Sevilla</ShipCity><ShipPostalCode>41101</ShipPostalCode><ShipCountry>Spai</ShipCountry></Order>