<?xml version="1.0" encoding="UTF-8"?>
<Order rownum="2708"><OrderID>10643</OrderID><CustomerID>ALFKI</CustomerID><EmployeeID>6</EmployeeID><OrderDate>1997-08-25T00:00:00+02:00</OrderDate><RequiredDate>1997-09-22T00:00:00+02:00</RequiredDate><ShippedDate>1997-09-02T00:00:00+02:00</ShippedDate><ShipVia>1</ShipVia><Freight>29.46</Freight><ShipName>Alfreds Futterkiste</ShipName><ShipAddress>Obere Str. 57</ShipAddress><ShipCity>Berli</ShipCity><ShipPostalCode>12209</ShipPostalCode><ShipCountry>Germany</ShipCountry></Order>