<?xml version="1.0" encoding="UTF-8"?>
<Order rownum="2941"><OrderID>10876</OrderID><CustomerID>BONAP</CustomerID><EmployeeID>7</EmployeeID><OrderDate>1998-02-09T00:00:00+01:00</OrderDate><RequiredDate>1998-03-09T00:00:00+01:00</RequiredDate><ShippedDate>1998-02-12T00:00:00+01:00</ShippedDate><ShipVia>3</ShipVia><Freight>60.42</Freight><ShipName>Bon app'</ShipName><ShipAddress>12, rue des Bouchers</ShipAddress><ShipCity>Marseille</ShipCity><ShipPostalCode>13008</ShipPostalCode><ShipCountry>France</ShipCountry></Order>