<?xml version="1.0" encoding="UTF-8"?>
<Order rownum="2557"><OrderID>10492</OrderID><CustomerID>BOTTM</CustomerID><EmployeeID>3</EmployeeID><OrderDate>1997-04-01T00:00:00+02:00</OrderDate><RequiredDate>1997-04-29T00:00:00+02:00</RequiredDate><ShippedDate>1997-04-11T00:00:00+02:00</ShippedDate><ShipVia>1</ShipVia><Freight>62.89</Freight><ShipName>Bottom-Dollar Markets</ShipName><ShipAddress>23 Tsawassen Blvd.</ShipAddress><ShipCity>Tsawasse</ShipCity><ShipRegion>BC</ShipRegion><ShipPostalCode>T2F 8M4</ShipPostalCode><ShipCountry>Canada</ShipCountry></Order>