<?xml version="1.0" encoding="UTF-8"?>
<Order rownum="2971"><OrderID>10906</OrderID><CustomerID>WOLZA</CustomerID><EmployeeID>4</EmployeeID><OrderDate>1998-02-25T00:00:00+01:00</OrderDate><RequiredDate>1998-03-11T00:00:00+01:00</RequiredDate><ShippedDate>1998-03-03T00:00:00+01:00</ShippedDate><ShipVia>3</ShipVia><Freight>26.29</Freight><ShipName>Wolski Zajazd</ShipName><ShipAddress>ul. Filtrowa 68</ShipAddress><ShipCity>Warszawa</ShipCity><ShipPostalCode>01-012</ShipPostalCode><ShipCountry>Poland</ShipCountry></Order>