<?xml version="1.0" encoding="UTF-8"?>
<Order rownum="2764"><OrderID>10699</OrderID><CustomerID>MORGK</CustomerID><EmployeeID>3</EmployeeID><OrderDate>1997-10-09T00:00:00+02:00</OrderDate><RequiredDate>1997-11-06T00:00:00+01:00</RequiredDate><ShippedDate>1997-10-13T00:00:00+02:00</ShippedDate><ShipVia>3</ShipVia><Freight>0.58</Freight><ShipName>Morgenstern Gesundkost</ShipName><ShipAddress>Heerstr. 22</ShipAddress><ShipCity>Leipzig</ShipCity><ShipPostalCode>04179</ShipPostalCode><ShipCountry>Germany</ShipCountry></Order>