<?xml version="1.0" encoding="UTF-8"?>
<Order rownum="2822"><OrderID>10757</OrderID><CustomerID>SAVEA</CustomerID><EmployeeID>6</EmployeeID><OrderDate>1997-11-27T00:00:00+01:00</OrderDate><RequiredDate>1997-12-25T00:00:00+01:00</RequiredDate><ShippedDate>1997-12-15T00:00:00+01:00</ShippedDate><ShipVia>1</ShipVia><Freight>8.19</Freight><ShipName>Save-a-lot Markets</ShipName><ShipAddress>187 Suffolk Ln.</ShipAddress><ShipCity>Boise</ShipCity><ShipRegion>ID</ShipRegion><ShipPostalCode>83720</ShipPostalCode><ShipCountry>USA</ShipCountry></Order>