<?xml version="1.0" encoding="UTF-8"?>
<Order rownum="2562"><OrderID>10497</OrderID><CustomerID>LEHMS</CustomerID><EmployeeID>7</EmployeeID><OrderDate>1997-04-04T00:00:00+02:00</OrderDate><RequiredDate>1997-05-02T00:00:00+02:00</RequiredDate><ShippedDate>1997-04-07T00:00:00+02:00</ShippedDate><ShipVia>1</ShipVia><Freight>36.21</Freight><ShipName>Lehmanns Marktstand</ShipName><ShipAddress>Magazinweg 7</ShipAddress><ShipCity>Frankfurt a.M.</ShipCity><ShipPostalCode>60528</ShipPostalCode><ShipCountry>Germany</ShipCountry></Order>