<?xml version="1.0" encoding="UTF-8"?>
<Order rownum="2574"><OrderID>10509</OrderID><CustomerID>BLAUS</CustomerID><EmployeeID>4</EmployeeID><OrderDate>1997-04-17T00:00:00+02:00</OrderDate><RequiredDate>1997-05-15T00:00:00+02:00</RequiredDate><ShippedDate>1997-04-29T00:00:00+02:00</ShippedDate><ShipVia>1</ShipVia><Freight>0.15</Freight><ShipName>Blauer See Delikatesse</ShipName><ShipAddress>Forsterstr. 57</ShipAddress><ShipCity>Mannheim</ShipCity><ShipPostalCode>68306</ShipPostalCode><ShipCountry>Germany</ShipCountry></Order>