<?xml version="1.0" encoding="UTF-8"?>
<Order rownum="2481"><OrderID>10416</OrderID><CustomerID>WARTH</CustomerID><EmployeeID>8</EmployeeID><OrderDate>1997-01-16T00:00:00+01:00</OrderDate><RequiredDate>1997-02-13T00:00:00+01:00</RequiredDate><ShippedDate>1997-01-27T00:00:00+01:00</ShippedDate><ShipVia>3</ShipVia><Freight>22.72</Freight><ShipName>Wartian Herkku</ShipName><ShipAddress>Torikatu 38</ShipAddress><ShipCity>Oulu</ShipCity><ShipPostalCode>90110</ShipPostalCode><ShipCountry>Finland</ShipCountry></Order>