<?xml version="1.0" encoding="UTF-8"?>
<Order rownum="2815"><OrderID>10750</OrderID><CustomerID>WARTH</CustomerID><EmployeeID>9</EmployeeID><OrderDate>1997-11-21T00:00:00+01:00</OrderDate><RequiredDate>1997-12-19T00:00:00+01:00</RequiredDate><ShippedDate>1997-11-24T00:00:00+01:00</ShippedDate><ShipVia>1</ShipVia><Freight>79.3</Freight><ShipName>Wartian Herkku</ShipName><ShipAddress>Torikatu 38</ShipAddress><ShipCity>Oulu</ShipCity><ShipPostalCode>90110</ShipPostalCode><ShipCountry>Finland</ShipCountry></Order>