<?xml version="1.0" encoding="UTF-8"?>
<Order rownum="2939"><OrderID>10874</OrderID><CustomerID>GODOS</CustomerID><EmployeeID>5</EmployeeID><OrderDate>1998-02-06T00:00:00+01:00</OrderDate><RequiredDate>1998-03-06T00:00:00+01:00</RequiredDate><ShippedDate>1998-02-11T00:00:00+01:00</ShippedDate><ShipVia>2</ShipVia><Freight>19.58</Freight><ShipName>Godos Cocina Típica</ShipName><ShipAddress>C/ Romero, 33</ShipAddress><ShipCity>Sevilla</ShipCity><ShipPostalCode>41101</ShipPostalCode><ShipCountry>Spai</ShipCountry></Order>