<?xml version="1.0" encoding="UTF-8"?>
<Order rownum="2885"><OrderID>10820</OrderID><CustomerID>RATTC</CustomerID><EmployeeID>3</EmployeeID><OrderDate>1998-01-07T00:00:00+01:00</OrderDate><RequiredDate>1998-02-04T00:00:00+01:00</RequiredDate><ShippedDate>1998-01-13T00:00:00+01:00</ShippedDate><ShipVia>2</ShipVia><Freight>37.52</Freight><ShipName>Rattlesnake Canyon Grocery</ShipName><ShipAddress>2817 Milton Dr.</ShipAddress><ShipCity>Albuquerque</ShipCity><ShipRegion>NM</ShipRegion><ShipPostalCode>87110</ShipPostalCode><ShipCountry>USA</ShipCountry></Order>