<?xml version="1.0" encoding="UTF-8"?>
<Order rownum="2929"><OrderID>10864</OrderID><CustomerID>AROUT</CustomerID><EmployeeID>4</EmployeeID><OrderDate>1998-02-02T00:00:00+01:00</OrderDate><RequiredDate>1998-03-02T00:00:00+01:00</RequiredDate><ShippedDate>1998-02-09T00:00:00+01:00</ShippedDate><ShipVia>2</ShipVia><Freight>3.04</Freight><ShipName>Around the Hor</ShipName><ShipAddress>Brook Farm Stratford St. Mary</ShipAddress><ShipCity>Colchester</ShipCity><ShipRegion>Essex</ShipRegion><ShipPostalCode>CO7 6JX</ShipPostalCode><ShipCountry>UK</ShipCountry></Order>