<?xml version="1.0" encoding="UTF-8"?>
<Order rownum="2990"><OrderID>10925</OrderID><CustomerID>HANAR</CustomerID><EmployeeID>3</EmployeeID><OrderDate>1998-03-04T00:00:00+01:00</OrderDate><RequiredDate>1998-04-01T00:00:00+02:00</RequiredDate><ShippedDate>1998-03-13T00:00:00+01:00</ShippedDate><ShipVia>1</ShipVia><Freight>2.27</Freight><ShipName>Hanari Carnes</ShipName><ShipAddress>Rua do Paço, 67</ShipAddress><ShipCity>Rio de Janeiro</ShipCity><ShipRegion>RJ</ShipRegion><ShipPostalCode>05454-876</ShipPostalCode><ShipCountry>Brazil</ShipCountry></Order>