<?xml version="1.0" encoding="UTF-8"?>
<Order rownum="2898"><OrderID>10833</OrderID><CustomerID>OTTIK</CustomerID><EmployeeID>6</EmployeeID><OrderDate>1998-01-15T00:00:00+01:00</OrderDate><RequiredDate>1998-02-12T00:00:00+01:00</RequiredDate><ShippedDate>1998-01-23T00:00:00+01:00</ShippedDate><ShipVia>2</ShipVia><Freight>71.49</Freight><ShipName>Ottilies Käselade</ShipName><ShipAddress>Mehrheimerstr. 369</ShipAddress><ShipCity>Köl</ShipCity><ShipPostalCode>50739</ShipPostalCode><ShipCountry>Germany</ShipCountry></Order>