<?xml version="1.0" encoding="UTF-8"?>
<Order rownum="2532"><OrderID>10467</OrderID><CustomerID>MAGAA</CustomerID><EmployeeID>8</EmployeeID><OrderDate>1997-03-06T00:00:00+01:00</OrderDate><RequiredDate>1997-04-03T00:00:00+02:00</RequiredDate><ShippedDate>1997-03-11T00:00:00+01:00</ShippedDate><ShipVia>2</ShipVia><Freight>4.93</Freight><ShipName>Magazzini Alimentari Riuniti</ShipName><ShipAddress>Via Ludovico il Moro 22</ShipAddress><ShipCity>Bergamo</ShipCity><ShipPostalCode>24100</ShipPostalCode><ShipCountry>Italy</ShipCountry></Order>