<?xml version="1.0" encoding="UTF-8"?>
<Order rownum="2643"><OrderID>10578</OrderID><CustomerID>BSBEV</CustomerID><EmployeeID>4</EmployeeID><OrderDate>1997-06-24T00:00:00+02:00</OrderDate><RequiredDate>1997-07-22T00:00:00+02:00</RequiredDate><ShippedDate>1997-07-25T00:00:00+02:00</ShippedDate><ShipVia>3</ShipVia><Freight>29.6</Freight><ShipName>B's Beverages</ShipName><ShipAddress>Fauntleroy Circus</ShipAddress><ShipCity>Londo</ShipCity><ShipPostalCode>EC2 5NT</ShipPostalCode><ShipCountry>UK</ShipCountry></Order>