<?xml version="1.0" encoding="UTF-8"?>
<Order rownum="2907"><OrderID>10842</OrderID><CustomerID>TORTU</CustomerID><EmployeeID>1</EmployeeID><OrderDate>1998-01-20T00:00:00+01:00</OrderDate><RequiredDate>1998-02-17T00:00:00+01:00</RequiredDate><ShippedDate>1998-01-29T00:00:00+01:00</ShippedDate><ShipVia>3</ShipVia><Freight>54.42</Freight><ShipName>Tortuga Restaurante</ShipName><ShipAddress>Avda. Azteca 123</ShipAddress><ShipCity>México D.F.</ShipCity><ShipPostalCode>05033</ShipPostalCode><ShipCountry>Mexico</ShipCountry></Order>