<?xml version="1.0" encoding="UTF-8"?>
<Order rownum="2792"><OrderID>10727</OrderID><CustomerID>REGGC</CustomerID><EmployeeID>2</EmployeeID><OrderDate>1997-11-03T00:00:00+01:00</OrderDate><RequiredDate>1997-12-01T00:00:00+01:00</RequiredDate><ShippedDate>1997-12-05T00:00:00+01:00</ShippedDate><ShipVia>1</ShipVia><Freight>89.9</Freight><ShipName>Reggiani Caseifici</ShipName><ShipAddress>Strada Provinciale 124</ShipAddress><ShipCity>Reggio Emilia</ShipCity><ShipPostalCode>42100</ShipPostalCode><ShipCountry>Italy</ShipCountry></Order>