<?xml version="1.0" encoding="UTF-8"?>
<Order rownum="2923"><OrderID>10858</OrderID><CustomerID>LACOR</CustomerID><EmployeeID>2</EmployeeID><OrderDate>1998-01-29T00:00:00+01:00</OrderDate><RequiredDate>1998-02-26T00:00:00+01:00</RequiredDate><ShippedDate>1998-02-03T00:00:00+01:00</ShippedDate><ShipVia>1</ShipVia><Freight>52.51</Freight><ShipName>La corne d'abondance</ShipName><ShipAddress>67, avenue de l'Europe</ShipAddress><ShipCity>Versailles</ShipCity><ShipPostalCode>78000</ShipPostalCode><ShipCountry>France</ShipCountry></Order>