<?xml version="1.0" encoding="UTF-8"?>
<Order rownum="2458"><OrderID>10393</OrderID><CustomerID>SAVEA</CustomerID><EmployeeID>1</EmployeeID><OrderDate>1996-12-25T00:00:00+01:00</OrderDate><RequiredDate>1997-01-22T00:00:00+01:00</RequiredDate><ShippedDate>1997-01-03T00:00:00+01:00</ShippedDate><ShipVia>3</ShipVia><Freight>126.56</Freight><ShipName>Save-a-lot Markets</ShipName><ShipAddress>187 Suffolk Ln.</ShipAddress><ShipCity>Boise</ShipCity><ShipRegion>ID</ShipRegion><ShipPostalCode>83720</ShipPostalCode><ShipCountry>USA</ShipCountry></Order>