<?xml version="1.0" encoding="UTF-8"?>
<Order rownum="2661"><OrderID>10596</OrderID><CustomerID>WHITC</CustomerID><EmployeeID>8</EmployeeID><OrderDate>1997-07-11T00:00:00+02:00</OrderDate><RequiredDate>1997-08-08T00:00:00+02:00</RequiredDate><ShippedDate>1997-08-12T00:00:00+02:00</ShippedDate><ShipVia>1</ShipVia><Freight>16.34</Freight><ShipName>White Clover Markets</ShipName><ShipAddress>1029 - 12th Ave. S.</ShipAddress><ShipCity>Seattle</ShipCity><ShipRegion>WA</ShipRegion><ShipPostalCode>98124</ShipPostalCode><ShipCountry>USA</ShipCountry></Order>