<?xml version="1.0" encoding="UTF-8"?>
<Order rownum="2918"><OrderID>10853</OrderID><CustomerID>BLAUS</CustomerID><EmployeeID>9</EmployeeID><OrderDate>1998-01-27T00:00:00+01:00</OrderDate><RequiredDate>1998-02-24T00:00:00+01:00</RequiredDate><ShippedDate>1998-02-03T00:00:00+01:00</ShippedDate><ShipVia>2</ShipVia><Freight>53.83</Freight><ShipName>Blauer See Delikatesse</ShipName><ShipAddress>Forsterstr. 57</ShipAddress><ShipCity>Mannheim</ShipCity><ShipPostalCode>68306</ShipPostalCode><ShipCountry>Germany</ShipCountry></Order>