<?xml version="1.0" encoding="UTF-8"?>
<Order rownum="2729"><OrderID>10664</OrderID><CustomerID>FURIB</CustomerID><EmployeeID>1</EmployeeID><OrderDate>1997-09-10T00:00:00+02:00</OrderDate><RequiredDate>1997-10-08T00:00:00+02:00</RequiredDate><ShippedDate>1997-09-19T00:00:00+02:00</ShippedDate><ShipVia>3</ShipVia><Freight>1.27</Freight><ShipName>Furia Bacalhau e Frutos do Mar</ShipName><ShipAddress>Jardim das rosas n. 32</ShipAddress><ShipCity>Lisboa</ShipCity><ShipPostalCode>1675</ShipPostalCode><ShipCountry>Portugal</ShipCountry></Order>