<?xml version="1.0" encoding="UTF-8"?>
<Order rownum="2945"><OrderID>10880</OrderID><CustomerID>FOLKO</CustomerID><EmployeeID>7</EmployeeID><OrderDate>1998-02-10T00:00:00+01:00</OrderDate><RequiredDate>1998-03-24T00:00:00+01:00</RequiredDate><ShippedDate>1998-02-18T00:00:00+01:00</ShippedDate><ShipVia>1</ShipVia><Freight>88.01</Freight><ShipName>Folk och fä HB</ShipName><ShipAddress>Åkergatan 24</ShipAddress><ShipCity>Bräcke</ShipCity><ShipPostalCode>S-844 67</ShipPostalCode><ShipCountry>Swede</ShipCountry></Order>