<?xml version="1.0" encoding="UTF-8"?>
<Order rownum="2922"><OrderID>10857</OrderID><CustomerID>BERGS</CustomerID><EmployeeID>8</EmployeeID><OrderDate>1998-01-28T00:00:00+01:00</OrderDate><RequiredDate>1998-02-25T00:00:00+01:00</RequiredDate><ShippedDate>1998-02-06T00:00:00+01:00</ShippedDate><ShipVia>2</ShipVia><Freight>188.85</Freight><ShipName>Berglunds snabbköp</ShipName><ShipAddress>Berguvsvägen  8</ShipAddress><ShipCity>Luleå</ShipCity><ShipPostalCode>S-958 22</ShipPostalCode><ShipCountry>Swede</ShipCountry></Order>