<?xml version="1.0" encoding="UTF-8"?>
<Order rownum="2853"><OrderID>10788</OrderID><CustomerID>QUICK</CustomerID><EmployeeID>1</EmployeeID><OrderDate>1997-12-22T00:00:00+01:00</OrderDate><RequiredDate>1998-01-19T00:00:00+01:00</RequiredDate><ShippedDate>1998-01-19T00:00:00+01:00</ShippedDate><ShipVia>2</ShipVia><Freight>42.7</Freight><ShipName>QUICK-Stop</ShipName><ShipAddress>Taucherstraße 10</ShipAddress><ShipCity>Cunewalde</ShipCity><ShipPostalCode>01307</ShipPostalCode><ShipCountry>Germany</ShipCountry></Order>