<?xml version="1.0" encoding="UTF-8"?>
<Order rownum="2456"><OrderID>10391</OrderID><CustomerID>DRACD</CustomerID><EmployeeID>3</EmployeeID><OrderDate>1996-12-23T00:00:00+01:00</OrderDate><RequiredDate>1997-01-20T00:00:00+01:00</RequiredDate><ShippedDate>1996-12-31T00:00:00+01:00</ShippedDate><ShipVia>3</ShipVia><Freight>5.45</Freight><ShipName>Drachenblut Delikatesse</ShipName><ShipAddress>Walserweg 21</ShipAddress><ShipCity>Aache</ShipCity><ShipPostalCode>52066</ShipPostalCode><ShipCountry>Germany</ShipCountry></Order>