<?xml version="1.0" encoding="UTF-8"?>
<Order rownum="2672"><OrderID>10607</OrderID><CustomerID>SAVEA</CustomerID><EmployeeID>5</EmployeeID><OrderDate>1997-07-22T00:00:00+02:00</OrderDate><RequiredDate>1997-08-19T00:00:00+02:00</RequiredDate><ShippedDate>1997-07-25T00:00:00+02:00</ShippedDate><ShipVia>1</ShipVia><Freight>200.24</Freight><ShipName>Save-a-lot Markets</ShipName><ShipAddress>187 Suffolk Ln.</ShipAddress><ShipCity>Boise</ShipCity><ShipRegion>ID</ShipRegion><ShipPostalCode>83720</ShipPostalCode><ShipCountry>USA</ShipCountry></Order>