<?xml version="1.0" encoding="UTF-8"?>
<Order rownum="2653"><OrderID>10588</OrderID><CustomerID>QUICK</CustomerID><EmployeeID>2</EmployeeID><OrderDate>1997-07-03T00:00:00+02:00</OrderDate><RequiredDate>1997-07-31T00:00:00+02:00</RequiredDate><ShippedDate>1997-07-10T00:00:00+02:00</ShippedDate><ShipVia>3</ShipVia><Freight>194.67</Freight><ShipName>QUICK-Stop</ShipName><ShipAddress>Taucherstraße 10</ShipAddress><ShipCity>Cunewalde</ShipCity><ShipPostalCode>01307</ShipPostalCode><ShipCountry>Germany</ShipCountry></Order>