<?xml version="1.0" encoding="UTF-8"?>
<Order rownum="2782"><OrderID>10717</OrderID><CustomerID>FRANK</CustomerID><EmployeeID>1</EmployeeID><OrderDate>1997-10-24T00:00:00+02:00</OrderDate><RequiredDate>1997-11-21T00:00:00+01:00</RequiredDate><ShippedDate>1997-10-29T00:00:00+01:00</ShippedDate><ShipVia>2</ShipVia><Freight>59.25</Freight><ShipName>Frankenversand</ShipName><ShipAddress>Berliner Platz 43</ShipAddress><ShipCity>Münche</ShipCity><ShipPostalCode>80805</ShipPostalCode><ShipCountry>Germany</ShipCountry></Order>