<?xml version="1.0" encoding="UTF-8"?>
<Order rownum="2335"><OrderID>10270</OrderID><CustomerID>WARTH</CustomerID><EmployeeID>1</EmployeeID><OrderDate>1996-08-01T00:00:00+02:00</OrderDate><RequiredDate>1996-08-29T00:00:00+02:00</RequiredDate><ShippedDate>1996-08-02T00:00:00+02:00</ShippedDate><ShipVia>1</ShipVia><Freight>136.54</Freight><ShipName>Wartian Herkku</ShipName><ShipAddress>Torikatu 38</ShipAddress><ShipCity>Oulu</ShipCity><ShipPostalCode>90110</ShipPostalCode><ShipCountry>Finland</ShipCountry></Order>