<?xml version="1.0" encoding="UTF-8"?>
<Order rownum="2770"><OrderID>10705</OrderID><CustomerID>HILAA</CustomerID><EmployeeID>9</EmployeeID><OrderDate>1997-10-15T00:00:00+02:00</OrderDate><RequiredDate>1997-11-12T00:00:00+01:00</RequiredDate><ShippedDate>1997-11-18T00:00:00+01:00</ShippedDate><ShipVia>2</ShipVia><Freight>3.52</Freight><ShipName>HILARION-Abastos</ShipName><ShipAddress>Carrera 22 con Ave. Carlos Soublette #8-35</ShipAddress><ShipCity>San Cristóbal</ShipCity><ShipRegion>Táchira</ShipRegion><ShipPostalCode>5022</ShipPostalCode><ShipCountry>Venezuela</ShipCountry></Order>