<?xml version="1.0" encoding="UTF-8"?>
<Order rownum="2583"><OrderID>10518</OrderID><CustomerID>TORTU</CustomerID><EmployeeID>4</EmployeeID><OrderDate>1997-04-25T00:00:00+02:00</OrderDate><RequiredDate>1997-05-09T00:00:00+02:00</RequiredDate><ShippedDate>1997-05-05T00:00:00+02:00</ShippedDate><ShipVia>2</ShipVia><Freight>218.15</Freight><ShipName>Tortuga Restaurante</ShipName><ShipAddress>Avda. Azteca 123</ShipAddress><ShipCity>México D.F.</ShipCity><ShipPostalCode>05033</ShipPostalCode><ShipCountry>Mexico</ShipCountry></Order>