<?xml version="1.0" encoding="UTF-8"?>
<Order rownum="2854"><OrderID>10789</OrderID><CustomerID>FOLIG</CustomerID><EmployeeID>1</EmployeeID><OrderDate>1997-12-22T00:00:00+01:00</OrderDate><RequiredDate>1998-01-19T00:00:00+01:00</RequiredDate><ShippedDate>1997-12-31T00:00:00+01:00</ShippedDate><ShipVia>2</ShipVia><Freight>100.6</Freight><ShipName>Folies gourmandes</ShipName><ShipAddress>184, chaussée de Tournai</ShipAddress><ShipCity>Lille</ShipCity><ShipPostalCode>59000</ShipPostalCode><ShipCountry>France</ShipCountry></Order>