<?xml version="1.0" encoding="UTF-8"?>
<Order rownum="2994"><OrderID>10929</OrderID><CustomerID>FRANK</CustomerID><EmployeeID>6</EmployeeID><OrderDate>1998-03-05T00:00:00+01:00</OrderDate><RequiredDate>1998-04-02T00:00:00+02:00</RequiredDate><ShippedDate>1998-03-12T00:00:00+01:00</ShippedDate><ShipVia>1</ShipVia><Freight>33.93</Freight><ShipName>Frankenversand</ShipName><ShipAddress>Berliner Platz 43</ShipAddress><ShipCity>Münche</ShipCity><ShipPostalCode>80805</ShipPostalCode><ShipCountry>Germany</ShipCountry></Order>