<?xml version="1.0" encoding="UTF-8"?>
<Order rownum="2590"><OrderID>10525</OrderID><CustomerID>BONAP</CustomerID><EmployeeID>1</EmployeeID><OrderDate>1997-05-02T00:00:00+02:00</OrderDate><RequiredDate>1997-05-30T00:00:00+02:00</RequiredDate><ShippedDate>1997-05-23T00:00:00+02:00</ShippedDate><ShipVia>2</ShipVia><Freight>11.06</Freight><ShipName>Bon app'</ShipName><ShipAddress>12, rue des Bouchers</ShipAddress><ShipCity>Marseille</ShipCity><ShipPostalCode>13008</ShipPostalCode><ShipCountry>France</ShipCountry></Order>