<?xml version="1.0" encoding="UTF-8"?>
<Order rownum="2614"><OrderID>10549</OrderID><CustomerID>QUICK</CustomerID><EmployeeID>5</EmployeeID><OrderDate>1997-05-27T00:00:00+02:00</OrderDate><RequiredDate>1997-06-10T00:00:00+02:00</RequiredDate><ShippedDate>1997-05-30T00:00:00+02:00</ShippedDate><ShipVia>1</ShipVia><Freight>171.24</Freight><ShipName>QUICK-Stop</ShipName><ShipAddress>Taucherstraße 10</ShipAddress><ShipCity>Cunewalde</ShipCity><ShipPostalCode>01307</ShipPostalCode><ShipCountry>Germany</ShipCountry></Order>