<?xml version="1.0" encoding="UTF-8"?>
<Order rownum="2817"><OrderID>10752</OrderID><CustomerID>NORTS</CustomerID><EmployeeID>2</EmployeeID><OrderDate>1997-11-24T00:00:00+01:00</OrderDate><RequiredDate>1997-12-22T00:00:00+01:00</RequiredDate><ShippedDate>1997-11-28T00:00:00+01:00</ShippedDate><ShipVia>3</ShipVia><Freight>1.39</Freight><ShipName>North/South</ShipName><ShipAddress>South House 300 Queensbridge</ShipAddress><ShipCity>Londo</ShipCity><ShipPostalCode>SW7 1RZ</ShipPostalCode><ShipCountry>UK</ShipCountry></Order>