<?xml version="1.0" encoding="UTF-8"?>
<Order rownum="2964"><OrderID>10899</OrderID><CustomerID>LILAS</CustomerID><EmployeeID>5</EmployeeID><OrderDate>1998-02-20T00:00:00+01:00</OrderDate><RequiredDate>1998-03-20T00:00:00+01:00</RequiredDate><ShippedDate>1998-02-26T00:00:00+01:00</ShippedDate><ShipVia>3</ShipVia><Freight>1.21</Freight><ShipName>LILA-Supermercado</ShipName><ShipAddress>Carrera 52 con Ave. Bolívar #65-98 Llano Largo</ShipAddress><ShipCity>Barquisimeto</ShipCity><ShipRegion>Lara</ShipRegion><ShipPostalCode>3508</ShipPostalCode><ShipCountry>Venezuela</ShipCountry></Order>