<?xml version="1.0" encoding="UTF-8"?>
<Order rownum="2484"><OrderID>10419</OrderID><CustomerID>RICSU</CustomerID><EmployeeID>4</EmployeeID><OrderDate>1997-01-20T00:00:00+01:00</OrderDate><RequiredDate>1997-02-17T00:00:00+01:00</RequiredDate><ShippedDate>1997-01-30T00:00:00+01:00</ShippedDate><ShipVia>2</ShipVia><Freight>137.35</Freight><ShipName>Richter Supermarkt</ShipName><ShipAddress>Starenweg 5</ShipAddress><ShipCity>Genève</ShipCity><ShipPostalCode>1204</ShipPostalCode><ShipCountry>Switzerland</ShipCountry></Order>