<?xml version="1.0" encoding="UTF-8"?>
<Order rownum="2879"><OrderID>10814</OrderID><CustomerID>VICTE</CustomerID><EmployeeID>3</EmployeeID><OrderDate>1998-01-05T00:00:00+01:00</OrderDate><RequiredDate>1998-02-02T00:00:00+01:00</RequiredDate><ShippedDate>1998-01-14T00:00:00+01:00</ShippedDate><ShipVia>3</ShipVia><Freight>130.94</Freight><ShipName>Victuailles en stock</ShipName><ShipAddress>2, rue du Commerce</ShipAddress><ShipCity>Lyo</ShipCity><ShipPostalCode>69004</ShipPostalCode><ShipCountry>France</ShipCountry></Order>