<?xml version="1.0" encoding="UTF-8"?>
<Order rownum="2816"><OrderID>10751</OrderID><CustomerID>RICSU</CustomerID><EmployeeID>3</EmployeeID><OrderDate>1997-11-24T00:00:00+01:00</OrderDate><RequiredDate>1997-12-22T00:00:00+01:00</RequiredDate><ShippedDate>1997-12-03T00:00:00+01:00</ShippedDate><ShipVia>3</ShipVia><Freight>130.79</Freight><ShipName>Richter Supermarkt</ShipName><ShipAddress>Starenweg 5</ShipAddress><ShipCity>Genève</ShipCity><ShipPostalCode>1204</ShipPostalCode><ShipCountry>Switzerland</ShipCountry></Order>