<?xml version="1.0" encoding="UTF-8"?>
<Order rownum="2521"><OrderID>10456</OrderID><CustomerID>KOENE</CustomerID><EmployeeID>8</EmployeeID><OrderDate>1997-02-25T00:00:00+01:00</OrderDate><RequiredDate>1997-04-08T00:00:00+02:00</RequiredDate><ShippedDate>1997-02-28T00:00:00+01:00</ShippedDate><ShipVia>2</ShipVia><Freight>8.12</Freight><ShipName>Königlich Esse</ShipName><ShipAddress>Maubelstr. 90</ShipAddress><ShipCity>Brandenburg</ShipCity><ShipPostalCode>14776</ShipPostalCode><ShipCountry>Germany</ShipCountry></Order>