<?xml version="1.0" encoding="UTF-8"?>
<Order rownum="2354"><OrderID>10289</OrderID><CustomerID>BSBEV</CustomerID><EmployeeID>7</EmployeeID><OrderDate>1996-08-26T00:00:00+02:00</OrderDate><RequiredDate>1996-09-23T00:00:00+02:00</RequiredDate><ShippedDate>1996-08-28T00:00:00+02:00</ShippedDate><ShipVia>3</ShipVia><Freight>22.77</Freight><ShipName>B's Beverages</ShipName><ShipAddress>Fauntleroy Circus</ShipAddress><ShipCity>Londo</ShipCity><ShipPostalCode>EC2 5NT</ShipPostalCode><ShipCountry>UK</ShipCountry></Order>