<?xml version="1.0" encoding="UTF-8"?>
<Order rownum="2908"><OrderID>10843</OrderID><CustomerID>VICTE</CustomerID><EmployeeID>4</EmployeeID><OrderDate>1998-01-21T00:00:00+01:00</OrderDate><RequiredDate>1998-02-18T00:00:00+01:00</RequiredDate><ShippedDate>1998-01-26T00:00:00+01:00</ShippedDate><ShipVia>2</ShipVia><Freight>9.26</Freight><ShipName>Victuailles en stock</ShipName><ShipAddress>2, rue du Commerce</ShipAddress><ShipCity>Lyo</ShipCity><ShipPostalCode>69004</ShipPostalCode><ShipCountry>France</ShipCountry></Order>