<?xml version="1.0" encoding="UTF-8"?>
<Order rownum="2972"><OrderID>10907</OrderID><CustomerID>SPECD</CustomerID><EmployeeID>6</EmployeeID><OrderDate>1998-02-25T00:00:00+01:00</OrderDate><RequiredDate>1998-03-25T00:00:00+01:00</RequiredDate><ShippedDate>1998-02-27T00:00:00+01:00</ShippedDate><ShipVia>3</ShipVia><Freight>9.19</Freight><ShipName>Spécialités du monde</ShipName><ShipAddress>25, rue Lauristo</ShipAddress><ShipCity>Paris</ShipCity><ShipPostalCode>75016</ShipPostalCode><ShipCountry>France</ShipCountry></Order>