<?xml version="1.0" encoding="UTF-8"?>
<Order rownum="2353"><OrderID>10288</OrderID><CustomerID>REGGC</CustomerID><EmployeeID>4</EmployeeID><OrderDate>1996-08-23T00:00:00+02:00</OrderDate><RequiredDate>1996-09-20T00:00:00+02:00</RequiredDate><ShippedDate>1996-09-03T00:00:00+02:00</ShippedDate><ShipVia>1</ShipVia><Freight>7.45</Freight><ShipName>Reggiani Caseifici</ShipName><ShipAddress>Strada Provinciale 124</ShipAddress><ShipCity>Reggio Emilia</ShipCity><ShipPostalCode>42100</ShipPostalCode><ShipCountry>Italy</ShipCountry></Order>