<?xml version="1.0" encoding="UTF-8"?>
<Order rownum="2602"><OrderID>10537</OrderID><CustomerID>RICSU</CustomerID><EmployeeID>1</EmployeeID><OrderDate>1997-05-14T00:00:00+02:00</OrderDate><RequiredDate>1997-05-28T00:00:00+02:00</RequiredDate><ShippedDate>1997-05-19T00:00:00+02:00</ShippedDate><ShipVia>1</ShipVia><Freight>78.85</Freight><ShipName>Richter Supermarkt</ShipName><ShipAddress>Starenweg 5</ShipAddress><ShipCity>Genève</ShipCity><ShipPostalCode>1204</ShipPostalCode><ShipCountry>Switzerland</ShipCountry></Order>