<?xml version="1.0" encoding="UTF-8"?>
<Order rownum="2639"><OrderID>10574</OrderID><CustomerID>TRAIH</CustomerID><EmployeeID>4</EmployeeID><OrderDate>1997-06-19T00:00:00+02:00</OrderDate><RequiredDate>1997-07-17T00:00:00+02:00</RequiredDate><ShippedDate>1997-06-30T00:00:00+02:00</ShippedDate><ShipVia>2</ShipVia><Freight>37.6</Freight><ShipName>Trail's Head Gourmet Provisioners</ShipName><ShipAddress>722 DaVinci Blvd.</ShipAddress><ShipCity>Kirkland</ShipCity><ShipRegion>WA</ShipRegion><ShipPostalCode>98034</ShipPostalCode><ShipCountry>USA</ShipCountry></Order>