<?xml version="1.0" encoding="UTF-8"?>
<Order rownum="2474"><OrderID>10409</OrderID><CustomerID>OCEA</CustomerID><EmployeeID>3</EmployeeID><OrderDate>1997-01-09T00:00:00+01:00</OrderDate><RequiredDate>1997-02-06T00:00:00+01:00</RequiredDate><ShippedDate>1997-01-14T00:00:00+01:00</ShippedDate><ShipVia>1</ShipVia><Freight>29.83</Freight><ShipName>Océano Atlántico Ltda.</ShipName><ShipAddress>Ing. Gustavo Moncada 8585 Piso 20-A</ShipAddress><ShipCity>Buenos Aires</ShipCity><ShipPostalCode>1010</ShipPostalCode><ShipCountry>Argentina</ShipCountry></Order>