<?xml version="1.0" encoding="UTF-8"?>
<Order rownum="2488"><OrderID>10423</OrderID><CustomerID>GOURL</CustomerID><EmployeeID>6</EmployeeID><OrderDate>1997-01-23T00:00:00+01:00</OrderDate><RequiredDate>1997-02-06T00:00:00+01:00</RequiredDate><ShippedDate>1997-02-24T00:00:00+01:00</ShippedDate><ShipVia>3</ShipVia><Freight>24.5</Freight><ShipName>Gourmet Lanchonetes</ShipName><ShipAddress>Av. Brasil, 442</ShipAddress><ShipCity>Campinas</ShipCity><ShipRegion>SP</ShipRegion><ShipPostalCode>04876-786</ShipPostalCode><ShipCountry>Brazil</ShipCountry></Order>