<?xml version="1.0" encoding="UTF-8"?>
<Order rownum="2406"><OrderID>10341</OrderID><CustomerID>SIMOB</CustomerID><EmployeeID>7</EmployeeID><OrderDate>1996-10-29T00:00:00+01:00</OrderDate><RequiredDate>1996-11-26T00:00:00+01:00</RequiredDate><ShippedDate>1996-11-05T00:00:00+01:00</ShippedDate><ShipVia>3</ShipVia><Freight>26.78</Freight><ShipName>Simons bistro</ShipName><ShipAddress>Vinbæltet 34</ShipAddress><ShipCity>Kobenhav</ShipCity><ShipPostalCode>1734</ShipPostalCode><ShipCountry>Denmark</ShipCountry></Order>