<?xml version="1.0" encoding="UTF-8"?>
<Order rownum="2655"><OrderID>10590</OrderID><CustomerID>MEREP</CustomerID><EmployeeID>4</EmployeeID><OrderDate>1997-07-07T00:00:00+02:00</OrderDate><RequiredDate>1997-08-04T00:00:00+02:00</RequiredDate><ShippedDate>1997-07-14T00:00:00+02:00</ShippedDate><ShipVia>3</ShipVia><Freight>44.77</Freight><ShipName>Mère Paillarde</ShipName><ShipAddress>43 rue St. Laurent</ShipAddress><ShipCity>Montréal</ShipCity><ShipRegion>Québec</ShipRegion><ShipPostalCode>H1J 1C3</ShipPostalCode><ShipCountry>Canada</ShipCountry></Order>