<?xml version="1.0" encoding="UTF-8"?>
<Order rownum="2622"><OrderID>10557</OrderID><CustomerID>LEHMS</CustomerID><EmployeeID>9</EmployeeID><OrderDate>1997-06-03T00:00:00+02:00</OrderDate><RequiredDate>1997-06-17T00:00:00+02:00</RequiredDate><ShippedDate>1997-06-06T00:00:00+02:00</ShippedDate><ShipVia>2</ShipVia><Freight>96.72</Freight><ShipName>Lehmanns Marktstand</ShipName><ShipAddress>Magazinweg 7</ShipAddress><ShipCity>Frankfurt a.M.</ShipCity><ShipPostalCode>60528</ShipPostalCode><ShipCountry>Germany</ShipCountry></Order>