<?xml version="1.0" encoding="UTF-8"?>
<Order rownum="2717"><OrderID>10652</OrderID><CustomerID>GOURL</CustomerID><EmployeeID>4</EmployeeID><OrderDate>1997-09-01T00:00:00+02:00</OrderDate><RequiredDate>1997-09-29T00:00:00+02:00</RequiredDate><ShippedDate>1997-09-08T00:00:00+02:00</ShippedDate><ShipVia>2</ShipVia><Freight>7.14</Freight><ShipName>Gourmet Lanchonetes</ShipName><ShipAddress>Av. Brasil, 442</ShipAddress><ShipCity>Campinas</ShipCity><ShipRegion>SP</ShipRegion><ShipPostalCode>04876-786</ShipPostalCode><ShipCountry>Brazil</ShipCountry></Order>