<?xml version="1.0" encoding="UTF-8"?>
<Order rownum="2715"><OrderID>10650</OrderID><CustomerID>FAMIA</CustomerID><EmployeeID>5</EmployeeID><OrderDate>1997-08-29T00:00:00+02:00</OrderDate><RequiredDate>1997-09-26T00:00:00+02:00</RequiredDate><ShippedDate>1997-09-03T00:00:00+02:00</ShippedDate><ShipVia>3</ShipVia><Freight>176.81</Freight><ShipName>Familia Arquibaldo</ShipName><ShipAddress>Rua Orós, 92</ShipAddress><ShipCity>Sao Paulo</ShipCity><ShipRegion>SP</ShipRegion><ShipPostalCode>05442-030</ShipPostalCode><ShipCountry>Brazil</ShipCountry></Order>