<?xml version="1.0" encoding="UTF-8"?>
<Order rownum="2347"><OrderID>10282</OrderID><CustomerID>ROMEY</CustomerID><EmployeeID>4</EmployeeID><OrderDate>1996-08-15T00:00:00+02:00</OrderDate><RequiredDate>1996-09-12T00:00:00+02:00</RequiredDate><ShippedDate>1996-08-21T00:00:00+02:00</ShippedDate><ShipVia>1</ShipVia><Freight>12.69</Freight><ShipName>Romero y tomillo</ShipName><ShipAddress>Gran Vía, 1</ShipAddress><ShipCity>Madrid</ShipCity><ShipPostalCode>28001</ShipPostalCode><ShipCountry>Spai</ShipCountry></Order>