<?xml version="1.0" encoding="UTF-8"?>
<Order rownum="2449"><OrderID>10384</OrderID><CustomerID>BERGS</CustomerID><EmployeeID>3</EmployeeID><OrderDate>1996-12-16T00:00:00+01:00</OrderDate><RequiredDate>1997-01-13T00:00:00+01:00</RequiredDate><ShippedDate>1996-12-20T00:00:00+01:00</ShippedDate><ShipVia>3</ShipVia><Freight>168.64</Freight><ShipName>Berglunds snabbköp</ShipName><ShipAddress>Berguvsvägen  8</ShipAddress><ShipCity>Luleå</ShipCity><ShipPostalCode>S-958 22</ShipPostalCode><ShipCountry>Swede</ShipCountry></Order>