<?xml version="1.0" encoding="UTF-8"?>
<Order rownum="2692"><OrderID>10627</OrderID><CustomerID>SAVEA</CustomerID><EmployeeID>8</EmployeeID><OrderDate>1997-08-11T00:00:00+02:00</OrderDate><RequiredDate>1997-09-22T00:00:00+02:00</RequiredDate><ShippedDate>1997-08-21T00:00:00+02:00</ShippedDate><ShipVia>3</ShipVia><Freight>107.46</Freight><ShipName>Save-a-lot Markets</ShipName><ShipAddress>187 Suffolk Ln.</ShipAddress><ShipCity>Boise</ShipCity><ShipRegion>ID</ShipRegion><ShipPostalCode>83720</ShipPostalCode><ShipCountry>USA</ShipCountry></Order>