<?xml version="1.0" encoding="UTF-8"?>
<Order rownum="2398"><OrderID>10333</OrderID><CustomerID>WARTH</CustomerID><EmployeeID>5</EmployeeID><OrderDate>1996-10-18T00:00:00+02:00</OrderDate><RequiredDate>1996-11-15T00:00:00+01:00</RequiredDate><ShippedDate>1996-10-25T00:00:00+02:00</ShippedDate><ShipVia>3</ShipVia><Freight>0.59</Freight><ShipName>Wartian Herkku</ShipName><ShipAddress>Torikatu 38</ShipAddress><ShipCity>Oulu</ShipCity><ShipPostalCode>90110</ShipPostalCode><ShipCountry>Finland</ShipCountry></Order>