<?xml version="1.0" encoding="UTF-8"?>
<Order rownum="2404"><OrderID>10339</OrderID><CustomerID>MEREP</CustomerID><EmployeeID>2</EmployeeID><OrderDate>1996-10-28T00:00:00+01:00</OrderDate><RequiredDate>1996-11-25T00:00:00+01:00</RequiredDate><ShippedDate>1996-11-04T00:00:00+01:00</ShippedDate><ShipVia>2</ShipVia><Freight>15.66</Freight><ShipName>Mère Paillarde</ShipName><ShipAddress>43 rue St. Laurent</ShipAddress><ShipCity>Montréal</ShipCity><ShipRegion>Québec</ShipRegion><ShipPostalCode>H1J 1C3</ShipPostalCode><ShipCountry>Canada</ShipCountry></Order>