<?xml version="1.0" encoding="UTF-8"?>
<Order rownum="2578"><OrderID>10513</OrderID><CustomerID>WANDK</CustomerID><EmployeeID>7</EmployeeID><OrderDate>1997-04-22T00:00:00+02:00</OrderDate><RequiredDate>1997-06-03T00:00:00+02:00</RequiredDate><ShippedDate>1997-04-28T00:00:00+02:00</ShippedDate><ShipVia>1</ShipVia><Freight>105.65</Freight><ShipName>Die Wandernde Kuh</ShipName><ShipAddress>Adenauerallee 900</ShipAddress><ShipCity>Stuttgart</ShipCity><ShipPostalCode>70563</ShipPostalCode><ShipCountry>Germany</ShipCountry></Order>