<?xml version="1.0" encoding="UTF-8"?>
<Order rownum="2422"><OrderID>10357</OrderID><CustomerID>LILAS</CustomerID><EmployeeID>1</EmployeeID><OrderDate>1996-11-19T00:00:00+01:00</OrderDate><RequiredDate>1996-12-17T00:00:00+01:00</RequiredDate><ShippedDate>1996-12-02T00:00:00+01:00</ShippedDate><ShipVia>3</ShipVia><Freight>34.88</Freight><ShipName>LILA-Supermercado</ShipName><ShipAddress>Carrera 52 con Ave. Bolívar #65-98 Llano Largo</ShipAddress><ShipCity>Barquisimeto</ShipCity><ShipRegion>Lara</ShipRegion><ShipPostalCode>3508</ShipPostalCode><ShipCountry>Venezuela</ShipCountry></Order>