<?xml version="1.0" encoding="UTF-8"?>
<Order rownum="2757"><OrderID>10692</OrderID><CustomerID>ALFKI</CustomerID><EmployeeID>4</EmployeeID><OrderDate>1997-10-03T00:00:00+02:00</OrderDate><RequiredDate>1997-10-31T00:00:00+01:00</RequiredDate><ShippedDate>1997-10-13T00:00:00+02:00</ShippedDate><ShipVia>2</ShipVia><Freight>61.02</Freight><ShipName>Alfred's Futterkiste</ShipName><ShipAddress>Obere Str. 57</ShipAddress><ShipCity>Berli</ShipCity><ShipPostalCode>12209</ShipPostalCode><ShipCountry>Germany</ShipCountry></Order>