<?xml version="1.0" encoding="UTF-8"?>
<Order rownum="2957"><OrderID>10892</OrderID><CustomerID>MAISD</CustomerID><EmployeeID>4</EmployeeID><OrderDate>1998-02-17T00:00:00+01:00</OrderDate><RequiredDate>1998-03-17T00:00:00+01:00</RequiredDate><ShippedDate>1998-02-19T00:00:00+01:00</ShippedDate><ShipVia>2</ShipVia><Freight>120.27</Freight><ShipName>Maison Dewey</ShipName><ShipAddress>Rue Joseph-Bens 532</ShipAddress><ShipCity>Bruxelles</ShipCity><ShipPostalCode>B-1180</ShipPostalCode><ShipCountry>Belgium</ShipCountry></Order>