<?xml version="1.0" encoding="UTF-8"?>
<Order rownum="2961"><OrderID>10896</OrderID><CustomerID>MAISD</CustomerID><EmployeeID>7</EmployeeID><OrderDate>1998-02-19T00:00:00+01:00</OrderDate><RequiredDate>1998-03-19T00:00:00+01:00</RequiredDate><ShippedDate>1998-02-27T00:00:00+01:00</ShippedDate><ShipVia>3</ShipVia><Freight>32.45</Freight><ShipName>Maison Dewey</ShipName><ShipAddress>Rue Joseph-Bens 532</ShipAddress><ShipCity>Bruxelles</ShipCity><ShipPostalCode>B-1180</ShipPostalCode><ShipCountry>Belgium</ShipCountry></Order>