<?xml version="1.0" encoding="UTF-8"?>
<Order rownum="2824"><OrderID>10759</OrderID><CustomerID>ANATR</CustomerID><EmployeeID>3</EmployeeID><OrderDate>1997-11-28T00:00:00+01:00</OrderDate><RequiredDate>1997-12-26T00:00:00+01:00</RequiredDate><ShippedDate>1997-12-12T00:00:00+01:00</ShippedDate><ShipVia>3</ShipVia><Freight>11.99</Freight><ShipName>Ana Trujillo Emparedados y helados</ShipName><ShipAddress>Avda. de la Constitución 2222</ShipAddress><ShipCity>México D.F.</ShipCity><ShipPostalCode>05021</ShipPostalCode><ShipCountry>Mexico</ShipCountry></Order>