<?xml version="1.0" encoding="UTF-8"?>
<Order rownum="2910"><OrderID>10845</OrderID><CustomerID>QUICK</CustomerID><EmployeeID>8</EmployeeID><OrderDate>1998-01-21T00:00:00+01:00</OrderDate><RequiredDate>1998-02-04T00:00:00+01:00</RequiredDate><ShippedDate>1998-01-30T00:00:00+01:00</ShippedDate><ShipVia>1</ShipVia><Freight>212.98</Freight><ShipName>QUICK-Stop</ShipName><ShipAddress>Taucherstraße 10</ShipAddress><ShipCity>Cunewalde</ShipCity><ShipPostalCode>01307</ShipPostalCode><ShipCountry>Germany</ShipCountry></Order>