<?xml version="1.0" encoding="UTF-8"?>
<Order rownum="2537"><OrderID>10472</OrderID><CustomerID>SEVES</CustomerID><EmployeeID>8</EmployeeID><OrderDate>1997-03-12T00:00:00+01:00</OrderDate><RequiredDate>1997-04-09T00:00:00+02:00</RequiredDate><ShippedDate>1997-03-19T00:00:00+01:00</ShippedDate><ShipVia>1</ShipVia><Freight>4.2</Freight><ShipName>Seven Seas Imports</ShipName><ShipAddress>90 Wadhurst Rd.</ShipAddress><ShipCity>Londo</ShipCity><ShipPostalCode>OX15 4NB</ShipPostalCode><ShipCountry>UK</ShipCountry></Order>