<?xml version="1.0" encoding="UTF-8"?>
<Order rownum="2371"><OrderID>10306</OrderID><CustomerID>ROMEY</CustomerID><EmployeeID>1</EmployeeID><OrderDate>1996-09-16T00:00:00+02:00</OrderDate><RequiredDate>1996-10-14T00:00:00+02:00</RequiredDate><ShippedDate>1996-09-23T00:00:00+02:00</ShippedDate><ShipVia>3</ShipVia><Freight>7.56</Freight><ShipName>Romero y tomillo</ShipName><ShipAddress>Gran Vía, 1</ShipAddress><ShipCity>Madrid</ShipCity><ShipPostalCode>28001</ShipPostalCode><ShipCountry>Spai</ShipCountry></Order>