<?xml version="1.0" encoding="UTF-8"?>
<Order rownum="2638"><OrderID>10573</OrderID><CustomerID>ANTO</CustomerID><EmployeeID>7</EmployeeID><OrderDate>1997-06-19T00:00:00+02:00</OrderDate><RequiredDate>1997-07-17T00:00:00+02:00</RequiredDate><ShippedDate>1997-06-20T00:00:00+02:00</ShippedDate><ShipVia>3</ShipVia><Freight>84.84</Freight><ShipName>Antonio Moreno Taquería</ShipName><ShipAddress>Mataderos  2312</ShipAddress><ShipCity>México D.F.</ShipCity><ShipPostalCode>05023</ShipPostalCode><ShipCountry>Mexico</ShipCountry></Order>