<?xml version="1.0" encoding="UTF-8"?>
<Order rownum="2843"><OrderID>10778</OrderID><CustomerID>BERGS</CustomerID><EmployeeID>3</EmployeeID><OrderDate>1997-12-16T00:00:00+01:00</OrderDate><RequiredDate>1998-01-13T00:00:00+01:00</RequiredDate><ShippedDate>1997-12-24T00:00:00+01:00</ShippedDate><ShipVia>1</ShipVia><Freight>6.79</Freight><ShipName>Berglunds snabbköp</ShipName><ShipAddress>Berguvsvägen  8</ShipAddress><ShipCity>Luleå</ShipCity><ShipPostalCode>S-958 22</ShipPostalCode><ShipCountry>Swede</ShipCountry></Order>