<?xml version="1.0" encoding="UTF-8"?>
<Order rownum="2851"><OrderID>10786</OrderID><CustomerID>QUEE</CustomerID><EmployeeID>8</EmployeeID><OrderDate>1997-12-19T00:00:00+01:00</OrderDate><RequiredDate>1998-01-16T00:00:00+01:00</RequiredDate><ShippedDate>1997-12-23T00:00:00+01:00</ShippedDate><ShipVia>1</ShipVia><Freight>110.87</Freight><ShipName>Queen Cozinha</ShipName><ShipAddress>Alameda dos Canàrios, 891</ShipAddress><ShipCity>Sao Paulo</ShipCity><ShipRegion>SP</ShipRegion><ShipPostalCode>05487-020</ShipPostalCode><ShipCountry>Brazil</ShipCountry></Order>