<?xml version="1.0" encoding="UTF-8"?>
<Order rownum="2873"><OrderID>10808</OrderID><CustomerID>OLDWO</CustomerID><EmployeeID>2</EmployeeID><OrderDate>1998-01-01T00:00:00+01:00</OrderDate><RequiredDate>1998-01-29T00:00:00+01:00</RequiredDate><ShippedDate>1998-01-09T00:00:00+01:00</ShippedDate><ShipVia>3</ShipVia><Freight>45.53</Freight><ShipName>Old World Delicatesse</ShipName><ShipAddress>2743 Bering St.</ShipAddress><ShipCity>Anchorage</ShipCity><ShipRegion>AK</ShipRegion><ShipPostalCode>99508</ShipPostalCode><ShipCountry>USA</ShipCountry></Order>