<?xml version="1.0" encoding="UTF-8"?>
<Order rownum="2360"><OrderID>10295</OrderID><CustomerID>VINET</CustomerID><EmployeeID>2</EmployeeID><OrderDate>1996-09-02T00:00:00+02:00</OrderDate><RequiredDate>1996-09-30T00:00:00+02:00</RequiredDate><ShippedDate>1996-09-10T00:00:00+02:00</ShippedDate><ShipVia>2</ShipVia><Freight>1.15</Freight><ShipName>Vins et alcools Chevalier</ShipName><ShipAddress>59 rue de l'Abbaye</ShipAddress><ShipCity>Reims</ShipCity><ShipPostalCode>51100</ShipPostalCode><ShipCountry>France</ShipCountry></Order>