<?xml version="1.0" encoding="UTF-8"?>
<Order rownum="2324"><OrderID>10259</OrderID><CustomerID>CENTC</CustomerID><EmployeeID>4</EmployeeID><OrderDate>1996-07-18T00:00:00+02:00</OrderDate><RequiredDate>1996-08-15T00:00:00+02:00</RequiredDate><ShippedDate>1996-07-25T00:00:00+02:00</ShippedDate><ShipVia>3</ShipVia><Freight>3.25</Freight><ShipName>Centro comercial Moctezuma</ShipName><ShipAddress>Sierras de Granada 9993</ShipAddress><ShipCity>México D.F.</ShipCity><ShipPostalCode>05022</ShipPostalCode><ShipCountry>Mexico</ShipCountry></Order>