<?xml version="1.0" encoding="UTF-8"?>
<Order rownum="2482"><OrderID>10417</OrderID><CustomerID>SIMOB</CustomerID><EmployeeID>4</EmployeeID><OrderDate>1997-01-16T00:00:00+01:00</OrderDate><RequiredDate>1997-02-13T00:00:00+01:00</RequiredDate><ShippedDate>1997-01-28T00:00:00+01:00</ShippedDate><ShipVia>3</ShipVia><Freight>70.29</Freight><ShipName>Simons bistro</ShipName><ShipAddress>Vinbæltet 34</ShipAddress><ShipCity>Kobenhav</ShipCity><ShipPostalCode>1734</ShipPostalCode><ShipCountry>Denmark</ShipCountry></Order>