<?xml version="1.0" encoding="UTF-8"?>
<Order rownum="2442"><OrderID>10377</OrderID><CustomerID>SEVES</CustomerID><EmployeeID>1</EmployeeID><OrderDate>1996-12-09T00:00:00+01:00</OrderDate><RequiredDate>1997-01-06T00:00:00+01:00</RequiredDate><ShippedDate>1996-12-13T00:00:00+01:00</ShippedDate><ShipVia>3</ShipVia><Freight>22.21</Freight><ShipName>Seven Seas Imports</ShipName><ShipAddress>90 Wadhurst Rd.</ShipAddress><ShipCity>Londo</ShipCity><ShipPostalCode>OX15 4NB</ShipPostalCode><ShipCountry>UK</ShipCountry></Order>