<?xml version="1.0" encoding="UTF-8"?>
<Order rownum="2988"><OrderID>10923</OrderID><CustomerID>LAMAI</CustomerID><EmployeeID>7</EmployeeID><OrderDate>1998-03-03T00:00:00+01:00</OrderDate><RequiredDate>1998-04-14T00:00:00+02:00</RequiredDate><ShippedDate>1998-03-13T00:00:00+01:00</ShippedDate><ShipVia>3</ShipVia><Freight>68.26</Freight><ShipName>La maison d'Asie</ShipName><ShipAddress>1 rue Alsace-Lorraine</ShipAddress><ShipCity>Toulouse</ShipCity><ShipPostalCode>31000</ShipPostalCode><ShipCountry>France</ShipCountry></Order>