<?xml version="1.0" encoding="UTF-8"?>
<Order rownum="2810"><OrderID>10745</OrderID><CustomerID>QUICK</CustomerID><EmployeeID>9</EmployeeID><OrderDate>1997-11-18T00:00:00+01:00</OrderDate><RequiredDate>1997-12-16T00:00:00+01:00</RequiredDate><ShippedDate>1997-11-27T00:00:00+01:00</ShippedDate><ShipVia>1</ShipVia><Freight>3.52</Freight><ShipName>QUICK-Stop</ShipName><ShipAddress>Taucherstraße 10</ShipAddress><ShipCity>Cunewalde</ShipCity><ShipPostalCode>01307</ShipPostalCode><ShipCountry>Germany</ShipCountry></Order>