<?xml version="1.0" encoding="UTF-8"?>
<Order rownum="2721"><OrderID>10656</OrderID><CustomerID>GREAL</CustomerID><EmployeeID>6</EmployeeID><OrderDate>1997-09-04T00:00:00+02:00</OrderDate><RequiredDate>1997-10-02T00:00:00+02:00</RequiredDate><ShippedDate>1997-09-10T00:00:00+02:00</ShippedDate><ShipVia>1</ShipVia><Freight>57.15</Freight><ShipName>Great Lakes Food Market</ShipName><ShipAddress>2732 Baker Blvd.</ShipAddress><ShipCity>Eugene</ShipCity><ShipRegion>OR</ShipRegion><ShipPostalCode>97403</ShipPostalCode><ShipCountry>USA</ShipCountry></Order>