<?xml version="1.0" encoding="UTF-8"?>
<Order rownum="2585"><OrderID>10520</OrderID><CustomerID>SANTG</CustomerID><EmployeeID>7</EmployeeID><OrderDate>1997-04-29T00:00:00+02:00</OrderDate><RequiredDate>1997-05-27T00:00:00+02:00</RequiredDate><ShippedDate>1997-05-01T00:00:00+02:00</ShippedDate><ShipVia>1</ShipVia><Freight>13.37</Freight><ShipName>Santé Gourmet</ShipName><ShipAddress>Erling Skakkes gate 78</ShipAddress><ShipCity>Staver</ShipCity><ShipPostalCode>4110</ShipPostalCode><ShipCountry>Norway</ShipCountry></Order>