<?xml version="1.0" encoding="UTF-8"?>
<Order rownum="2901"><OrderID>10836</OrderID><CustomerID>ERNSH</CustomerID><EmployeeID>7</EmployeeID><OrderDate>1998-01-16T00:00:00+01:00</OrderDate><RequiredDate>1998-02-13T00:00:00+01:00</RequiredDate><ShippedDate>1998-01-21T00:00:00+01:00</ShippedDate><ShipVia>1</ShipVia><Freight>411.88</Freight><ShipName>Ernst Handel</ShipName><ShipAddress>Kirchgasse 6</ShipAddress><ShipCity>Graz</ShipCity><ShipPostalCode>8010</ShipPostalCode><ShipCountry>Austria</ShipCountry></Order>