<?xml version="1.0" encoding="UTF-8"?>
<Order rownum="2390"><OrderID>10325</OrderID><CustomerID>KOENE</CustomerID><EmployeeID>1</EmployeeID><OrderDate>1996-10-09T00:00:00+02:00</OrderDate><RequiredDate>1996-10-23T00:00:00+02:00</RequiredDate><ShippedDate>1996-10-14T00:00:00+02:00</ShippedDate><ShipVia>3</ShipVia><Freight>64.86</Freight><ShipName>Königlich Esse</ShipName><ShipAddress>Maubelstr. 90</ShipAddress><ShipCity>Brandenburg</ShipCity><ShipPostalCode>14776</ShipPostalCode><ShipCountry>Germany</ShipCountry></Order>