<?xml version="1.0" encoding="UTF-8"?>
<Order rownum="2549"><OrderID>10484</OrderID><CustomerID>BSBEV</CustomerID><EmployeeID>3</EmployeeID><OrderDate>1997-03-24T00:00:00+01:00</OrderDate><RequiredDate>1997-04-21T00:00:00+02:00</RequiredDate><ShippedDate>1997-04-01T00:00:00+02:00</ShippedDate><ShipVia>3</ShipVia><Freight>6.88</Freight><ShipName>B's Beverages</ShipName><ShipAddress>Fauntleroy Circus</ShipAddress><ShipCity>Londo</ShipCity><ShipPostalCode>EC2 5NT</ShipPostalCode><ShipCountry>UK</ShipCountry></Order>