<?xml version="1.0" encoding="UTF-8"?>
<Order rownum="2356"><OrderID>10291</OrderID><CustomerID>QUEDE</CustomerID><EmployeeID>6</EmployeeID><OrderDate>1996-08-27T00:00:00+02:00</OrderDate><RequiredDate>1996-09-24T00:00:00+02:00</RequiredDate><ShippedDate>1996-09-04T00:00:00+02:00</ShippedDate><ShipVia>2</ShipVia><Freight>6.4</Freight><ShipName>Que Delícia</ShipName><ShipAddress>Rua da Panificadora, 12</ShipAddress><ShipCity>Rio de Janeiro</ShipCity><ShipRegion>RJ</ShipRegion><ShipPostalCode>02389-673</ShipPostalCode><ShipCountry>Brazil</ShipCountry></Order>