<?xml version="1.0" encoding="UTF-8"?>
<Order rownum="2869"><OrderID>10804</OrderID><CustomerID>SEVES</CustomerID><EmployeeID>6</EmployeeID><OrderDate>1997-12-30T00:00:00+01:00</OrderDate><RequiredDate>1998-01-27T00:00:00+01:00</RequiredDate><ShippedDate>1998-01-07T00:00:00+01:00</ShippedDate><ShipVia>2</ShipVia><Freight>27.33</Freight><ShipName>Seven Seas Imports</ShipName><ShipAddress>90 Wadhurst Rd.</ShipAddress><ShipCity>Londo</ShipCity><ShipPostalCode>OX15 4NB</ShipPostalCode><ShipCountry>UK</ShipCountry></Order>