<?xml version="1.0" encoding="UTF-8"?>
<Order rownum="2959"><OrderID>10894</OrderID><CustomerID>SAVEA</CustomerID><EmployeeID>1</EmployeeID><OrderDate>1998-02-18T00:00:00+01:00</OrderDate><RequiredDate>1998-03-18T00:00:00+01:00</RequiredDate><ShippedDate>1998-02-20T00:00:00+01:00</ShippedDate><ShipVia>1</ShipVia><Freight>116.13</Freight><ShipName>Save-a-lot Markets</ShipName><ShipAddress>187 Suffolk Ln.</ShipAddress><ShipCity>Boise</ShipCity><ShipRegion>ID</ShipRegion><ShipPostalCode>83720</ShipPostalCode><ShipCountry>USA</ShipCountry></Order>