<?xml version="1.0" encoding="UTF-8"?>
<Order rownum="2441"><OrderID>10376</OrderID><CustomerID>MEREP</CustomerID><EmployeeID>1</EmployeeID><OrderDate>1996-12-09T00:00:00+01:00</OrderDate><RequiredDate>1997-01-06T00:00:00+01:00</RequiredDate><ShippedDate>1996-12-13T00:00:00+01:00</ShippedDate><ShipVia>2</ShipVia><Freight>20.39</Freight><ShipName>Mère Paillarde</ShipName><ShipAddress>43 rue St. Laurent</ShipAddress><ShipCity>Montréal</ShipCity><ShipRegion>Québec</ShipRegion><ShipPostalCode>H1J 1C3</ShipPostalCode><ShipCountry>Canada</ShipCountry></Order>