<?xml version="1.0" encoding="UTF-8"?>
<Order rownum="2856"><OrderID>10791</OrderID><CustomerID>FRANK</CustomerID><EmployeeID>6</EmployeeID><OrderDate>1997-12-23T00:00:00+01:00</OrderDate><RequiredDate>1998-01-20T00:00:00+01:00</RequiredDate><ShippedDate>1998-01-01T00:00:00+01:00</ShippedDate><ShipVia>2</ShipVia><Freight>16.85</Freight><ShipName>Frankenversand</ShipName><ShipAddress>Berliner Platz 43</ShipAddress><ShipCity>Münche</ShipCity><ShipPostalCode>80805</ShipPostalCode><ShipCountry>Germany</ShipCountry></Order>