<?xml version="1.0" encoding="UTF-8"?>
<Order rownum="2865"><OrderID>10800</OrderID><CustomerID>SEVES</CustomerID><EmployeeID>1</EmployeeID><OrderDate>1997-12-26T00:00:00+01:00</OrderDate><RequiredDate>1998-01-23T00:00:00+01:00</RequiredDate><ShippedDate>1998-01-05T00:00:00+01:00</ShippedDate><ShipVia>3</ShipVia><Freight>137.44</Freight><ShipName>Seven Seas Imports</ShipName><ShipAddress>90 Wadhurst Rd.</ShipAddress><ShipCity>Londo</ShipCity><ShipPostalCode>OX15 4NB</ShipPostalCode><ShipCountry>UK</ShipCountry></Order>