<?xml version="1.0" encoding="UTF-8"?>
<Order rownum="2647"><OrderID>10582</OrderID><CustomerID>BLAUS</CustomerID><EmployeeID>3</EmployeeID><OrderDate>1997-06-27T00:00:00+02:00</OrderDate><RequiredDate>1997-07-25T00:00:00+02:00</RequiredDate><ShippedDate>1997-07-14T00:00:00+02:00</ShippedDate><ShipVia>2</ShipVia><Freight>27.71</Freight><ShipName>Blauer See Delikatesse</ShipName><ShipAddress>Forsterstr. 57</ShipAddress><ShipCity>Mannheim</ShipCity><ShipPostalCode>68306</ShipPostalCode><ShipCountry>Germany</ShipCountry></Order>