<?xml version="1.0" encoding="UTF-8"?>
<Order rownum="2519"><OrderID>10454</OrderID><CustomerID>LAMAI</CustomerID><EmployeeID>4</EmployeeID><OrderDate>1997-02-21T00:00:00+01:00</OrderDate><RequiredDate>1997-03-21T00:00:00+01:00</RequiredDate><ShippedDate>1997-02-25T00:00:00+01:00</ShippedDate><ShipVia>3</ShipVia><Freight>2.74</Freight><ShipName>La maison d'Asie</ShipName><ShipAddress>1 rue Alsace-Lorraine</ShipAddress><ShipCity>Toulouse</ShipCity><ShipPostalCode>31000</ShipPostalCode><ShipCountry>France</ShipCountry></Order>