<?xml version="1.0" encoding="UTF-8"?>
<Order rownum="3029"><OrderID>10964</OrderID><CustomerID>SPECD</CustomerID><EmployeeID>3</EmployeeID><OrderDate>1998-03-20T00:00:00+01:00</OrderDate><RequiredDate>1998-04-17T00:00:00+02:00</RequiredDate><ShippedDate>1998-03-24T00:00:00+01:00</ShippedDate><ShipVia>2</ShipVia><Freight>87.38</Freight><ShipName>Spécialités du monde</ShipName><ShipAddress>25, rue Lauristo</ShipAddress><ShipCity>Paris</ShipCity><ShipPostalCode>75016</ShipPostalCode><ShipCountry>France</ShipCountry></Order>