<?xml version="1.0" encoding="UTF-8"?>
<Order rownum="3049"><OrderID>10984</OrderID><CustomerID>SAVEA</CustomerID><EmployeeID>1</EmployeeID><OrderDate>1998-03-30T00:00:00+02:00</OrderDate><RequiredDate>1998-04-27T00:00:00+02:00</RequiredDate><ShippedDate>1998-04-03T00:00:00+02:00</ShippedDate><ShipVia>3</ShipVia><Freight>211.22</Freight><ShipName>Save-a-lot Markets</ShipName><ShipAddress>187 Suffolk Ln.</ShipAddress><ShipCity>Boise</ShipCity><ShipRegion>ID</ShipRegion><ShipPostalCode>83720</ShipPostalCode><ShipCountry>USA</ShipCountry></Order>