<?xml version="1.0" encoding="UTF-8"?>
<Order rownum="3106"><OrderID>11041</OrderID><CustomerID>CHOPS</CustomerID><EmployeeID>3</EmployeeID><OrderDate>1998-04-22T00:00:00+02:00</OrderDate><RequiredDate>1998-05-20T00:00:00+02:00</RequiredDate><ShippedDate>1998-04-28T00:00:00+02:00</ShippedDate><ShipVia>2</ShipVia><Freight>48.22</Freight><ShipName>Chop-suey Chinese</ShipName><ShipAddress>Hauptstr. 31</ShipAddress><ShipCity>Ber</ShipCity><ShipPostalCode>3012</ShipPostalCode><ShipCountry>Switzerland</ShipCountry></Order>