<?xml version="1.0" encoding="UTF-8"?>
<Order rownum="3020"><OrderID>10955</OrderID><CustomerID>FOLKO</CustomerID><EmployeeID>8</EmployeeID><OrderDate>1998-03-17T00:00:00+01:00</OrderDate><RequiredDate>1998-04-14T00:00:00+02:00</RequiredDate><ShippedDate>1998-03-20T00:00:00+01:00</ShippedDate><ShipVia>2</ShipVia><Freight>3.26</Freight><ShipName>Folk och fä HB</ShipName><ShipAddress>Åkergatan 24</ShipAddress><ShipCity>Bräcke</ShipCity><ShipPostalCode>S-844 67</ShipPostalCode><ShipCountry>Swede</ShipCountry></Order>