<?xml version="1.0" encoding="UTF-8"?>
<Order rownum="3111"><OrderID>11046</OrderID><CustomerID>WANDK</CustomerID><EmployeeID>8</EmployeeID><OrderDate>1998-04-23T00:00:00+02:00</OrderDate><RequiredDate>1998-05-21T00:00:00+02:00</RequiredDate><ShippedDate>1998-04-24T00:00:00+02:00</ShippedDate><ShipVia>2</ShipVia><Freight>71.64</Freight><ShipName>Die Wandernde Kuh</ShipName><ShipAddress>Adenauerallee 900</ShipAddress><ShipCity>Stuttgart</ShipCity><ShipPostalCode>70563</ShipPostalCode><ShipCountry>Germany</ShipCountry></Order>