<?xml version="1.0" encoding="UTF-8"?>
<Order rownum="3052"><OrderID>10987</OrderID><CustomerID>EASTC</CustomerID><EmployeeID>8</EmployeeID><OrderDate>1998-03-31T00:00:00+02:00</OrderDate><RequiredDate>1998-04-28T00:00:00+02:00</RequiredDate><ShippedDate>1998-04-06T00:00:00+02:00</ShippedDate><ShipVia>1</ShipVia><Freight>185.48</Freight><ShipName>Eastern Connectio</ShipName><ShipAddress>35 King George</ShipAddress><ShipCity>Londo</ShipCity><ShipPostalCode>WX3 6FW</ShipPostalCode><ShipCountry>UK</ShipCountry></Order>