<?xml version="1.0" encoding="UTF-8"?>
<Order rownum="3077"><OrderID>11012</OrderID><CustomerID>FRANK</CustomerID><EmployeeID>1</EmployeeID><OrderDate>1998-04-09T00:00:00+02:00</OrderDate><RequiredDate>1998-04-23T00:00:00+02:00</RequiredDate><ShippedDate>1998-04-17T00:00:00+02:00</ShippedDate><ShipVia>3</ShipVia><Freight>242.95</Freight><ShipName>Frankenversand</ShipName><ShipAddress>Berliner Platz 43</ShipAddress><ShipCity>Münche</ShipCity><ShipPostalCode>80805</ShipPostalCode><ShipCountry>Germany</ShipCountry></Order>