<?xml version="1.0" encoding="UTF-8"?>
<Order rownum="3088"><OrderID>11023</OrderID><CustomerID>BSBEV</CustomerID><EmployeeID>1</EmployeeID><OrderDate>1998-04-14T00:00:00+02:00</OrderDate><RequiredDate>1998-04-28T00:00:00+02:00</RequiredDate><ShippedDate>1998-04-24T00:00:00+02:00</ShippedDate><ShipVia>2</ShipVia><Freight>123.83</Freight><ShipName>B's Beverages</ShipName><ShipAddress>Fauntleroy Circus</ShipAddress><ShipCity>Londo</ShipCity><ShipPostalCode>EC2 5NT</ShipPostalCode><ShipCountry>UK</ShipCountry></Order>