<?xml version="1.0" encoding="UTF-8"?>
<Order rownum="3092"><OrderID>11027</OrderID><CustomerID>BOTTM</CustomerID><EmployeeID>1</EmployeeID><OrderDate>1998-04-16T00:00:00+02:00</OrderDate><RequiredDate>1998-05-14T00:00:00+02:00</RequiredDate><ShippedDate>1998-04-20T00:00:00+02:00</ShippedDate><ShipVia>1</ShipVia><Freight>52.52</Freight><ShipName>Bottom-Dollar Markets</ShipName><ShipAddress>23 Tsawassen Blvd.</ShipAddress><ShipCity>Tsawasse</ShipCity><ShipRegion>BC</ShipRegion><ShipPostalCode>T2F 8M4</ShipPostalCode><ShipCountry>Canada</ShipCountry></Order>