<?xml version="1.0" encoding="UTF-8"?>
<Order rownum="3091"><OrderID>11026</OrderID><CustomerID>FRANS</CustomerID><EmployeeID>4</EmployeeID><OrderDate>1998-04-15T00:00:00+02:00</OrderDate><RequiredDate>1998-05-13T00:00:00+02:00</RequiredDate><ShippedDate>1998-04-28T00:00:00+02:00</ShippedDate><ShipVia>1</ShipVia><Freight>47.09</Freight><ShipName>Franchi S.p.A.</ShipName><ShipAddress>Via Monte Bianco 34</ShipAddress><ShipCity>Torino</ShipCity><ShipPostalCode>10100</ShipPostalCode><ShipCountry>Italy</ShipCountry></Order>