<?xml version="1.0" encoding="UTF-8"?>
<Order rownum="3032"><OrderID>10967</OrderID><CustomerID>TOMSP</CustomerID><EmployeeID>2</EmployeeID><OrderDate>1998-03-23T00:00:00+01:00</OrderDate><RequiredDate>1998-04-20T00:00:00+02:00</RequiredDate><ShippedDate>1998-04-02T00:00:00+02:00</ShippedDate><ShipVia>2</ShipVia><Freight>62.22</Freight><ShipName>Toms Spezialitäte</ShipName><ShipAddress>Luisenstr. 48</ShipAddress><ShipCity>Münster</ShipCity><ShipPostalCode>44087</ShipPostalCode><ShipCountry>Germany</ShipCountry></Order>