<?xml version="1.0" encoding="UTF-8"?>
<Order rownum="3033"><OrderID>10968</OrderID><CustomerID>ERNSH</CustomerID><EmployeeID>1</EmployeeID><OrderDate>1998-03-23T00:00:00+01:00</OrderDate><RequiredDate>1998-04-20T00:00:00+02:00</RequiredDate><ShippedDate>1998-04-01T00:00:00+02:00</ShippedDate><ShipVia>3</ShipVia><Freight>74.6</Freight><ShipName>Ernst Handel</ShipName><ShipAddress>Kirchgasse 6</ShipAddress><ShipCity>Graz</ShipCity><ShipPostalCode>8010</ShipPostalCode><ShipCountry>Austria</ShipCountry></Order>