<?xml version="1.0" encoding="UTF-8"?>
<Order rownum="3093"><OrderID>11028</OrderID><CustomerID>KOENE</CustomerID><EmployeeID>2</EmployeeID><OrderDate>1998-04-16T00:00:00+02:00</OrderDate><RequiredDate>1998-05-14T00:00:00+02:00</RequiredDate><ShippedDate>1998-04-22T00:00:00+02:00</ShippedDate><ShipVia>1</ShipVia><Freight>29.59</Freight><ShipName>Königlich Esse</ShipName><ShipAddress>Maubelstr. 90</ShipAddress><ShipCity>Brandenburg</ShipCity><ShipPostalCode>14776</ShipPostalCode><ShipCountry>Germany</ShipCountry></Order>