<?xml version="1.0" encoding="UTF-8"?>
<Order rownum="3117"><OrderID>11052</OrderID><CustomerID>HANAR</CustomerID><EmployeeID>3</EmployeeID><OrderDate>1998-04-27T00:00:00+02:00</OrderDate><RequiredDate>1998-05-25T00:00:00+02:00</RequiredDate><ShippedDate>1998-05-01T00:00:00+02:00</ShippedDate><ShipVia>1</ShipVia><Freight>67.26</Freight><ShipName>Hanari Carnes</ShipName><ShipAddress>Rua do Paço, 67</ShipAddress><ShipCity>Rio de Janeiro</ShipCity><ShipRegion>RJ</ShipRegion><ShipPostalCode>05454-876</ShipPostalCode><ShipCountry>Brazil</ShipCountry></Order>