<?xml version="1.0" encoding="UTF-8"?>
<Order rownum="3131"><OrderID>11066</OrderID><CustomerID>WHITC</CustomerID><EmployeeID>7</EmployeeID><OrderDate>1998-05-01T00:00:00+02:00</OrderDate><RequiredDate>1998-05-29T00:00:00+02:00</RequiredDate><ShippedDate>1998-05-04T00:00:00+02:00</ShippedDate><ShipVia>2</ShipVia><Freight>44.72</Freight><ShipName>White Clover Markets</ShipName><ShipAddress>1029 - 12th Ave. S.</ShipAddress><ShipCity>Seattle</ShipCity><ShipRegion>WA</ShipRegion><ShipPostalCode>98124</ShipPostalCode><ShipCountry>USA</ShipCountry></Order>