<?xml version="1.0" encoding="UTF-8"?>
<Order rownum="3066"><OrderID>11001</OrderID><CustomerID>FOLKO</CustomerID><EmployeeID>2</EmployeeID><OrderDate>1998-04-06T00:00:00+02:00</OrderDate><RequiredDate>1998-05-04T00:00:00+02:00</RequiredDate><ShippedDate>1998-04-14T00:00:00+02:00</ShippedDate><ShipVia>2</ShipVia><Freight>197.3</Freight><ShipName>Folk och fä HB</ShipName><ShipAddress>Åkergatan 24</ShipAddress><ShipCity>Bräcke</ShipCity><ShipPostalCode>S-844 67</ShipPostalCode><ShipCountry>Swede</ShipCountry></Order>