<?xml version="1.0" encoding="UTF-8"?>
<Order rownum="3081"><OrderID>11016</OrderID><CustomerID>AROUT</CustomerID><EmployeeID>9</EmployeeID><OrderDate>1998-04-10T00:00:00+02:00</OrderDate><RequiredDate>1998-05-08T00:00:00+02:00</RequiredDate><ShippedDate>1998-04-13T00:00:00+02:00</ShippedDate><ShipVia>2</ShipVia><Freight>33.8</Freight><ShipName>Around the Hor</ShipName><ShipAddress>Brook Farm Stratford St. Mary</ShipAddress><ShipCity>Colchester</ShipCity><ShipRegion>Essex</ShipRegion><ShipPostalCode>CO7 6JX</ShipPostalCode><ShipCountry>UK</ShipCountry></Order>