<?xml version="1.0" encoding="UTF-8"?>
<Order rownum="3015"><OrderID>10950</OrderID><CustomerID>MAGAA</CustomerID><EmployeeID>1</EmployeeID><OrderDate>1998-03-16T00:00:00+01:00</OrderDate><RequiredDate>1998-04-13T00:00:00+02:00</RequiredDate><ShippedDate>1998-03-23T00:00:00+01:00</ShippedDate><ShipVia>2</ShipVia><Freight>2.5</Freight><ShipName>Magazzini Alimentari Riuniti</ShipName><ShipAddress>Via Ludovico il Moro 22</ShipAddress><ShipCity>Bergamo</ShipCity><ShipPostalCode>24100</ShipPostalCode><ShipCountry>Italy</ShipCountry></Order>