<?xml version="1.0" encoding="UTF-8"?>
<Order rownum="3110"><OrderID>11045</OrderID><CustomerID>BOTTM</CustomerID><EmployeeID>6</EmployeeID><OrderDate>1998-04-23T00:00:00+02:00</OrderDate><RequiredDate>1998-05-21T00:00:00+02:00</RequiredDate><ShipVia>2</ShipVia><Freight>70.58</Freight><ShipName>Bottom-Dollar Markets</ShipName><ShipAddress>23 Tsawassen Blvd.</ShipAddress><ShipCity>Tsawasse</ShipCity><ShipRegion>BC</ShipRegion><ShipPostalCode>T2F 8M4</ShipPostalCode><ShipCountry>Canada</ShipCountry></Order>