<?xml version="1.0" encoding="UTF-8"?>
<Order rownum="3085"><OrderID>11020</OrderID><CustomerID>OTTIK</CustomerID><EmployeeID>2</EmployeeID><OrderDate>1998-04-14T00:00:00+02:00</OrderDate><RequiredDate>1998-05-12T00:00:00+02:00</RequiredDate><ShippedDate>1998-04-16T00:00:00+02:00</ShippedDate><ShipVia>2</ShipVia><Freight>43.3</Freight><ShipName>Ottilies Käselade</ShipName><ShipAddress>Mehrheimerstr. 369</ShipAddress><ShipCity>Köl</ShipCity><ShipPostalCode>50739</ShipPostalCode><ShipCountry>Germany</ShipCountry></Order>