<?xml version="1.0" encoding="UTF-8"?>
<Order rownum="3070"><OrderID>11005</OrderID><CustomerID>WILMK</CustomerID><EmployeeID>2</EmployeeID><OrderDate>1998-04-07T00:00:00+02:00</OrderDate><RequiredDate>1998-05-05T00:00:00+02:00</RequiredDate><ShippedDate>1998-04-10T00:00:00+02:00</ShippedDate><ShipVia>1</ShipVia><Freight>0.75</Freight><ShipName>Wilman Kala</ShipName><ShipAddress>Keskuskatu 45</ShipAddress><ShipCity>Helsinki</ShipCity><ShipPostalCode>21240</ShipPostalCode><ShipCountry>Finland</ShipCountry></Order>