<?xml version="1.0" encoding="UTF-8"?>
<Order rownum="3098"><OrderID>11033</OrderID><CustomerID>RICSU</CustomerID><EmployeeID>7</EmployeeID><OrderDate>1998-04-17T00:00:00+02:00</OrderDate><RequiredDate>1998-05-15T00:00:00+02:00</RequiredDate><ShippedDate>1998-04-23T00:00:00+02:00</ShippedDate><ShipVia>3</ShipVia><Freight>84.74</Freight><ShipName>Richter Supermarkt</ShipName><ShipAddress>Starenweg 5</ShipAddress><ShipCity>Genève</ShipCity><ShipPostalCode>1204</ShipPostalCode><ShipCountry>Switzerland</ShipCountry></Order>