<?xml version="1.0" encoding="UTF-8"?>
<Order rownum="3125"><OrderID>11060</OrderID><CustomerID>FRANS</CustomerID><EmployeeID>2</EmployeeID><OrderDate>1998-04-30T00:00:00+02:00</OrderDate><RequiredDate>1998-05-28T00:00:00+02:00</RequiredDate><ShippedDate>1998-05-04T00:00:00+02:00</ShippedDate><ShipVia>2</ShipVia><Freight>10.98</Freight><ShipName>Franchi S.p.A.</ShipName><ShipAddress>Via Monte Bianco 34</ShipAddress><ShipCity>Torino</ShipCity><ShipPostalCode>10100</ShipPostalCode><ShipCountry>Italy</ShipCountry></Order>