<?xml version="1.0" encoding="UTF-8"?>
<Order rownum="3035"><OrderID>10970</OrderID><CustomerID>BOLID</CustomerID><EmployeeID>9</EmployeeID><OrderDate>1998-03-24T00:00:00+01:00</OrderDate><RequiredDate>1998-04-07T00:00:00+02:00</RequiredDate><ShippedDate>1998-04-24T00:00:00+02:00</ShippedDate><ShipVia>1</ShipVia><Freight>16.16</Freight><ShipName>Bólido Comidas preparadas</ShipName><ShipAddress>C/ Araquil, 67</ShipAddress><ShipCity>Madrid</ShipCity><ShipPostalCode>28023</ShipPostalCode><ShipCountry>Spai</ShipCountry></Order>