<?xml version="1.0" encoding="UTF-8"?>
<Order rownum="3090"><OrderID>11025</OrderID><CustomerID>WARTH</CustomerID><EmployeeID>6</EmployeeID><OrderDate>1998-04-15T00:00:00+02:00</OrderDate><RequiredDate>1998-05-13T00:00:00+02:00</RequiredDate><ShippedDate>1998-04-24T00:00:00+02:00</ShippedDate><ShipVia>3</ShipVia><Freight>29.17</Freight><ShipName>Wartian Herkku</ShipName><ShipAddress>Torikatu 38</ShipAddress><ShipCity>Oulu</ShipCity><ShipPostalCode>90110</ShipPostalCode><ShipCountry>Finland</ShipCountry></Order>