<?xml version="1.0" encoding="UTF-8"?>
<Order rownum="3002"><OrderID>10937</OrderID><CustomerID>CACTU</CustomerID><EmployeeID>7</EmployeeID><OrderDate>1998-03-10T00:00:00+01:00</OrderDate><RequiredDate>1998-03-24T00:00:00+01:00</RequiredDate><ShippedDate>1998-03-13T00:00:00+01:00</ShippedDate><ShipVia>3</ShipVia><Freight>31.51</Freight><ShipName>Cactus Comidas para llevar</ShipName><ShipAddress>Cerrito 333</ShipAddress><ShipCity>Buenos Aires</ShipCity><ShipPostalCode>1010</ShipPostalCode><ShipCountry>Argentina</ShipCountry></Order>