<?xml version="1.0" encoding="UTF-8"?>
<Order rownum="3079"><OrderID>11014</OrderID><CustomerID>LINOD</CustomerID><EmployeeID>2</EmployeeID><OrderDate>1998-04-10T00:00:00+02:00</OrderDate><RequiredDate>1998-05-08T00:00:00+02:00</RequiredDate><ShippedDate>1998-04-15T00:00:00+02:00</ShippedDate><ShipVia>3</ShipVia><Freight>23.6</Freight><ShipName>LINO-Delicateses</ShipName><ShipAddress>Ave. 5 de Mayo Porlamar</ShipAddress><ShipCity>I. de Margarita</ShipCity><ShipRegion>Nueva Esparta</ShipRegion><ShipPostalCode>4980</ShipPostalCode><ShipCountry>Venezuela</ShipCountry></Order>