<?xml version="1.0" encoding="UTF-8"?>
<Order rownum="3089"><OrderID>11024</OrderID><CustomerID>EASTC</CustomerID><EmployeeID>4</EmployeeID><OrderDate>1998-04-15T00:00:00+02:00</OrderDate><RequiredDate>1998-05-13T00:00:00+02:00</RequiredDate><ShippedDate>1998-04-20T00:00:00+02:00</ShippedDate><ShipVia>1</ShipVia><Freight>74.36</Freight><ShipName>Eastern Connectio</ShipName><ShipAddress>35 King George</ShipAddress><ShipCity>Londo</ShipCity><ShipPostalCode>WX3 6FW</ShipPostalCode><ShipCountry>UK</ShipCountry></Order>