<?xml version="1.0" encoding="UTF-8"?>
<Order rownum="3044"><OrderID>10979</OrderID><CustomerID>ERNSH</CustomerID><EmployeeID>8</EmployeeID><OrderDate>1998-03-26T00:00:00+01:00</OrderDate><RequiredDate>1998-04-23T00:00:00+02:00</RequiredDate><ShippedDate>1998-03-31T00:00:00+02:00</ShippedDate><ShipVia>2</ShipVia><Freight>353.07</Freight><ShipName>Ernst Handel</ShipName><ShipAddress>Kirchgasse 6</ShipAddress><ShipCity>Graz</ShipCity><ShipPostalCode>8010</ShipPostalCode><ShipCountry>Austria</ShipCountry></Order>