<?xml version="1.0" encoding="UTF-8"?>
<Order rownum="3100"><OrderID>11035</OrderID><CustomerID>SUPRD</CustomerID><EmployeeID>2</EmployeeID><OrderDate>1998-04-20T00:00:00+02:00</OrderDate><RequiredDate>1998-05-18T00:00:00+02:00</RequiredDate><ShippedDate>1998-04-24T00:00:00+02:00</ShippedDate><ShipVia>2</ShipVia><Freight>0.17</Freight><ShipName>Suprêmes délices</ShipName><ShipAddress>Boulevard Tirou, 255</ShipAddress><ShipCity>Charleroi</ShipCity><ShipPostalCode>B-6000</ShipPostalCode><ShipCountry>Belgium</ShipCountry></Order>