<?xml version="1.0" encoding="UTF-8"?>
<Order rownum="3102"><OrderID>11037</OrderID><CustomerID>GODOS</CustomerID><EmployeeID>7</EmployeeID><OrderDate>1998-04-21T00:00:00+02:00</OrderDate><RequiredDate>1998-05-19T00:00:00+02:00</RequiredDate><ShippedDate>1998-04-27T00:00:00+02:00</ShippedDate><ShipVia>1</ShipVia><Freight>3.2</Freight><ShipName>Godos Cocina Típica</ShipName><ShipAddress>C/ Romero, 33</ShipAddress><ShipCity>Sevilla</ShipCity><ShipPostalCode>41101</ShipPostalCode><ShipCountry>Spai</ShipCountry></Order>