<?xml version="1.0" encoding="UTF-8"?>
<Order rownum="3107"><OrderID>11042</OrderID><CustomerID>COMMI</CustomerID><EmployeeID>2</EmployeeID><OrderDate>1998-04-22T00:00:00+02:00</OrderDate><RequiredDate>1998-05-06T00:00:00+02:00</RequiredDate><ShippedDate>1998-05-01T00:00:00+02:00</ShippedDate><ShipVia>1</ShipVia><Freight>29.99</Freight><ShipName>Comércio Mineiro</ShipName><ShipAddress>Av. dos Lusíadas, 23</ShipAddress><ShipCity>Sao Paulo</ShipCity><ShipRegion>SP</ShipRegion><ShipPostalCode>05432-043</ShipPostalCode><ShipCountry>Brazil</ShipCountry></Order>