<?xml version="1.0" encoding="UTF-8"?>
<Order rownum="3064"><OrderID>10999</OrderID><CustomerID>OTTIK</CustomerID><EmployeeID>6</EmployeeID><OrderDate>1998-04-03T00:00:00+02:00</OrderDate><RequiredDate>1998-05-01T00:00:00+02:00</RequiredDate><ShippedDate>1998-04-10T00:00:00+02:00</ShippedDate><ShipVia>2</ShipVia><Freight>96.35</Freight><ShipName>Ottilies Käselade</ShipName><ShipAddress>Mehrheimerstr. 369</ShipAddress><ShipCity>Köl</ShipCity><ShipPostalCode>50739</ShipPostalCode><ShipCountry>Germany</ShipCountry></Order>