<?xml version="1.0" encoding="UTF-8"?>
<Order rownum="3099"><OrderID>11034</OrderID><CustomerID>OLDWO</CustomerID><EmployeeID>8</EmployeeID><OrderDate>1998-04-20T00:00:00+02:00</OrderDate><RequiredDate>1998-06-01T00:00:00+02:00</RequiredDate><ShippedDate>1998-04-27T00:00:00+02:00</ShippedDate><ShipVia>1</ShipVia><Freight>40.32</Freight><ShipName>Old World Delicatesse</ShipName><ShipAddress>2743 Bering St.</ShipAddress><ShipCity>Anchorage</ShipCity><ShipRegion>AK</ShipRegion><ShipPostalCode>99508</ShipPostalCode><ShipCountry>USA</ShipCountry></Order>