<?xml version="1.0" encoding="UTF-8"?>
<Order rownum="3031"><OrderID>10966</OrderID><CustomerID>CHOPS</CustomerID><EmployeeID>4</EmployeeID><OrderDate>1998-03-20T00:00:00+01:00</OrderDate><RequiredDate>1998-04-17T00:00:00+02:00</RequiredDate><ShippedDate>1998-04-08T00:00:00+02:00</ShippedDate><ShipVia>1</ShipVia><Freight>27.19</Freight><ShipName>Chop-suey Chinese</ShipName><ShipAddress>Hauptstr. 31</ShipAddress><ShipCity>Ber</ShipCity><ShipPostalCode>3012</ShipPostalCode><ShipCountry>Switzerland</ShipCountry></Order>