<?xml version="1.0" encoding="UTF-8"?>
<Order rownum="3105"><OrderID>11040</OrderID><CustomerID>GREAL</CustomerID><EmployeeID>4</EmployeeID><OrderDate>1998-04-22T00:00:00+02:00</OrderDate><RequiredDate>1998-05-20T00:00:00+02:00</RequiredDate><ShipVia>3</ShipVia><Freight>18.84</Freight><ShipName>Great Lakes Food Market</ShipName><ShipAddress>2732 Baker Blvd.</ShipAddress><ShipCity>Eugene</ShipCity><ShipRegion>OR</ShipRegion><ShipPostalCode>97403</ShipPostalCode><ShipCountry>USA</ShipCountry></Order>