<?xml version="1.0" encoding="UTF-8"?>
<Order rownum="3019"><OrderID>10954</OrderID><CustomerID>LINOD</CustomerID><EmployeeID>5</EmployeeID><OrderDate>1998-03-17T00:00:00+01:00</OrderDate><RequiredDate>1998-04-28T00:00:00+02:00</RequiredDate><ShippedDate>1998-03-20T00:00:00+01:00</ShippedDate><ShipVia>1</ShipVia><Freight>27.91</Freight><ShipName>LINO-Delicateses</ShipName><ShipAddress>Ave. 5 de Mayo Porlamar</ShipAddress><ShipCity>I. de Margarita</ShipCity><ShipRegion>Nueva Esparta</ShipRegion><ShipPostalCode>4980</ShipPostalCode><ShipCountry>Venezuela</ShipCountry></Order>