<?xml version="1.0" encoding="UTF-8"?>
<Order rownum="3024"><OrderID>10959</OrderID><CustomerID>GOURL</CustomerID><EmployeeID>6</EmployeeID><OrderDate>1998-03-18T00:00:00+01:00</OrderDate><RequiredDate>1998-04-29T00:00:00+02:00</RequiredDate><ShippedDate>1998-03-23T00:00:00+01:00</ShippedDate><ShipVia>2</ShipVia><Freight>4.98</Freight><ShipName>Gourmet Lanchonetes</ShipName><ShipAddress>Av. Brasil, 442</ShipAddress><ShipCity>Campinas</ShipCity><ShipRegion>SP</ShipRegion><ShipPostalCode>04876-786</ShipPostalCode><ShipCountry>Brazil</ShipCountry></Order>