<?xml version="1.0" encoding="UTF-8"?>
<Order rownum="3136"><OrderID>11071</OrderID><CustomerID>LILAS</CustomerID><EmployeeID>1</EmployeeID><OrderDate>1998-05-05T00:00:00+02:00</OrderDate><RequiredDate>1998-06-02T00:00:00+02:00</RequiredDate><ShipVia>1</ShipVia><Freight>0.93</Freight><ShipName>LILA-Supermercado</ShipName><ShipAddress>Carrera 52 con Ave. Bolívar #65-98 Llano Largo</ShipAddress><ShipCity>Barquisimeto</ShipCity><ShipRegion>Lara</ShipRegion><ShipPostalCode>3508</ShipPostalCode><ShipCountry>Venezuela</ShipCountry></Order>