<?xml version="1.0" encoding="UTF-8"?>
<Order rownum="3058"><OrderID>10993</OrderID><CustomerID>FOLKO</CustomerID><EmployeeID>7</EmployeeID><OrderDate>1998-04-01T00:00:00+02:00</OrderDate><RequiredDate>1998-04-29T00:00:00+02:00</RequiredDate><ShippedDate>1998-04-10T00:00:00+02:00</ShippedDate><ShipVia>3</ShipVia><Freight>8.81</Freight><ShipName>Folk och fä HB</ShipName><ShipAddress>Åkergatan 24</ShipAddress><ShipCity>Bräcke</ShipCity><ShipPostalCode>S-844 67</ShipPostalCode><ShipCountry>Swede</ShipCountry></Order>