<?xml version="1.0" encoding="UTF-8"?>
<Order rownum="3007"><OrderID>10942</OrderID><CustomerID>REGGC</CustomerID><EmployeeID>9</EmployeeID><OrderDate>1998-03-11T00:00:00+01:00</OrderDate><RequiredDate>1998-04-08T00:00:00+02:00</RequiredDate><ShippedDate>1998-03-18T00:00:00+01:00</ShippedDate><ShipVia>3</ShipVia><Freight>17.95</Freight><ShipName>Reggiani Caseifici</ShipName><ShipAddress>Strada Provinciale 124</ShipAddress><ShipCity>Reggio Emilia</ShipCity><ShipPostalCode>42100</ShipPostalCode><ShipCountry>Italy</ShipCountry></Order>