<?xml version="1.0" encoding="UTF-8"?>
<Order rownum="3013"><OrderID>10948</OrderID><CustomerID>GODOS</CustomerID><EmployeeID>3</EmployeeID><OrderDate>1998-03-13T00:00:00+01:00</OrderDate><RequiredDate>1998-04-10T00:00:00+02:00</RequiredDate><ShippedDate>1998-03-19T00:00:00+01:00</ShippedDate><ShipVia>3</ShipVia><Freight>23.39</Freight><ShipName>Godos Cocina Típica</ShipName><ShipAddress>C/ Romero, 33</ShipAddress><ShipCity>Sevilla</ShipCity><ShipPostalCode>41101</ShipPostalCode><ShipCountry>Spai</ShipCountry></Order>