<?xml version="1.0" encoding="UTF-8"?>
<Order rownum="3101"><OrderID>11036</OrderID><CustomerID>DRACD</CustomerID><EmployeeID>8</EmployeeID><OrderDate>1998-04-20T00:00:00+02:00</OrderDate><RequiredDate>1998-05-18T00:00:00+02:00</RequiredDate><ShippedDate>1998-04-22T00:00:00+02:00</ShippedDate><ShipVia>3</ShipVia><Freight>149.47</Freight><ShipName>Drachenblut Delikatesse</ShipName><ShipAddress>Walserweg 21</ShipAddress><ShipCity>Aache</ShipCity><ShipPostalCode>52066</ShipPostalCode><ShipCountry>Germany</ShipCountry></Order>