<?xml version="1.0" encoding="UTF-8"?>
<Order rownum="3126"><OrderID>11061</OrderID><CustomerID>GREAL</CustomerID><EmployeeID>4</EmployeeID><OrderDate>1998-04-30T00:00:00+02:00</OrderDate><RequiredDate>1998-06-11T00:00:00+02:00</RequiredDate><ShipVia>3</ShipVia><Freight>14.01</Freight><ShipName>Great Lakes Food Market</ShipName><ShipAddress>2732 Baker Blvd.</ShipAddress><ShipCity>Eugene</ShipCity><ShipRegion>OR</ShipRegion><ShipPostalCode>97403</ShipPostalCode><ShipCountry>USA</ShipCountry></Order>