<?xml version="1.0" encoding="UTF-8"?>
<Order rownum="3036"><OrderID>10971</OrderID><CustomerID>FRANR</CustomerID><EmployeeID>2</EmployeeID><OrderDate>1998-03-24T00:00:00+01:00</OrderDate><RequiredDate>1998-04-21T00:00:00+02:00</RequiredDate><ShippedDate>1998-04-02T00:00:00+02:00</ShippedDate><ShipVia>2</ShipVia><Freight>121.82</Freight><ShipName>France restauratio</ShipName><ShipAddress>54, rue Royale</ShipAddress><ShipCity>Nantes</ShipCity><ShipPostalCode>44000</ShipPostalCode><ShipCountry>France</ShipCountry></Order>