<?xml version="1.0" encoding="UTF-8"?>
<Order rownum="3060"><OrderID>10995</OrderID><CustomerID>PERIC</CustomerID><EmployeeID>1</EmployeeID><OrderDate>1998-04-02T00:00:00+02:00</OrderDate><RequiredDate>1998-04-30T00:00:00+02:00</RequiredDate><ShippedDate>1998-04-06T00:00:00+02:00</ShippedDate><ShipVia>3</ShipVia><Freight>46</Freight><ShipName>Pericles Comidas clásicas</ShipName><ShipAddress>Calle Dr. Jorge Cash 321</ShipAddress><ShipCity>México D.F.</ShipCity><ShipPostalCode>05033</ShipPostalCode><ShipCountry>Mexico</ShipCountry></Order>