<?xml version="1.0" encoding="UTF-8"?>
<Order rownum="3128"><OrderID>11063</OrderID><CustomerID>HUNGO</CustomerID><EmployeeID>3</EmployeeID><OrderDate>1998-04-30T00:00:00+02:00</OrderDate><RequiredDate>1998-05-28T00:00:00+02:00</RequiredDate><ShippedDate>1998-05-06T00:00:00+02:00</ShippedDate><ShipVia>2</ShipVia><Freight>81.73</Freight><ShipName>Hungry Owl All-Night Grocers</ShipName><ShipAddress>8 Johnstown Road</ShipAddress><ShipCity>Cork</ShipCity><ShipRegion>Co. Cork</ShipRegion><ShipCountry>Ireland</ShipCountry></Order>