<?xml version="1.0" encoding="UTF-8"?>
<Order rownum="3074"><OrderID>11009</OrderID><CustomerID>GODOS</CustomerID><EmployeeID>2</EmployeeID><OrderDate>1998-04-08T00:00:00+02:00</OrderDate><RequiredDate>1998-05-06T00:00:00+02:00</RequiredDate><ShippedDate>1998-04-10T00:00:00+02:00</ShippedDate><ShipVia>1</ShipVia><Freight>59.11</Freight><ShipName>Godos Cocina Típica</ShipName><ShipAddress>C/ Romero, 33</ShipAddress><ShipCity>Sevilla</ShipCity><ShipPostalCode>41101</ShipPostalCode><ShipCountry>Spai</ShipCountry></Order>