<?xml version="1.0" encoding="UTF-8"?>
<Order rownum="3012"><OrderID>10947</OrderID><CustomerID>BSBEV</CustomerID><EmployeeID>3</EmployeeID><OrderDate>1998-03-13T00:00:00+01:00</OrderDate><RequiredDate>1998-04-10T00:00:00+02:00</RequiredDate><ShippedDate>1998-03-16T00:00:00+01:00</ShippedDate><ShipVia>2</ShipVia><Freight>3.26</Freight><ShipName>B's Beverages</ShipName><ShipAddress>Fauntleroy Circus</ShipAddress><ShipCity>Londo</ShipCity><ShipPostalCode>EC2 5NT</ShipPostalCode><ShipCountry>UK</ShipCountry></Order>