<?xml version="1.0" encoding="UTF-8"?>
<Order rownum="3000"><OrderID>10935</OrderID><CustomerID>WELLI</CustomerID><EmployeeID>4</EmployeeID><OrderDate>1998-03-09T00:00:00+01:00</OrderDate><RequiredDate>1998-04-06T00:00:00+02:00</RequiredDate><ShippedDate>1998-03-18T00:00:00+01:00</ShippedDate><ShipVia>3</ShipVia><Freight>47.59</Freight><ShipName>Wellington Importadora</ShipName><ShipAddress>Rua do Mercado, 12</ShipAddress><ShipCity>Resende</ShipCity><ShipRegion>SP</ShipRegion><ShipPostalCode>08737-363</ShipPostalCode><ShipCountry>Brazil</ShipCountry></Order>