<?xml version="1.0" encoding="UTF-8"?>
<Order rownum="3054"><OrderID>10989</OrderID><CustomerID>QUEDE</CustomerID><EmployeeID>2</EmployeeID><OrderDate>1998-03-31T00:00:00+02:00</OrderDate><RequiredDate>1998-04-28T00:00:00+02:00</RequiredDate><ShippedDate>1998-04-02T00:00:00+02:00</ShippedDate><ShipVia>1</ShipVia><Freight>34.76</Freight><ShipName>Que Delícia</ShipName><ShipAddress>Rua da Panificadora, 12</ShipAddress><ShipCity>Rio de Janeiro</ShipCity><ShipRegion>RJ</ShipRegion><ShipPostalCode>02389-673</ShipPostalCode><ShipCountry>Brazil</ShipCountry></Order>