<?xml version="1.0" encoding="UTF-8"?>
<Order rownum="3068"><OrderID>11003</OrderID><CustomerID>THECR</CustomerID><EmployeeID>3</EmployeeID><OrderDate>1998-04-06T00:00:00+02:00</OrderDate><RequiredDate>1998-05-04T00:00:00+02:00</RequiredDate><ShippedDate>1998-04-08T00:00:00+02:00</ShippedDate><ShipVia>3</ShipVia><Freight>14.91</Freight><ShipName>The Cracker Box</ShipName><ShipAddress>55 Grizzly Peak Rd.</ShipAddress><ShipCity>Butte</ShipCity><ShipRegion>MT</ShipRegion><ShipPostalCode>59801</ShipPostalCode><ShipCountry>USA</ShipCountry></Order>