<?xml version="1.0" encoding="UTF-8"?>
<Order rownum="3121"><OrderID>11056</OrderID><CustomerID>EASTC</CustomerID><EmployeeID>8</EmployeeID><OrderDate>1998-04-28T00:00:00+02:00</OrderDate><RequiredDate>1998-05-12T00:00:00+02:00</RequiredDate><ShippedDate>1998-05-01T00:00:00+02:00</ShippedDate><ShipVia>2</ShipVia><Freight>278.96</Freight><ShipName>Eastern Connectio</ShipName><ShipAddress>35 King George</ShipAddress><ShipCity>Londo</ShipCity><ShipPostalCode>WX3 6FW</ShipPostalCode><ShipCountry>UK</ShipCountry></Order>