<?xml version="1.0" encoding="UTF-8"?>
<Order rownum="3122"><OrderID>11057</OrderID><CustomerID>NORTS</CustomerID><EmployeeID>3</EmployeeID><OrderDate>1998-04-29T00:00:00+02:00</OrderDate><RequiredDate>1998-05-27T00:00:00+02:00</RequiredDate><ShippedDate>1998-05-01T00:00:00+02:00</ShippedDate><ShipVia>3</ShipVia><Freight>4.13</Freight><ShipName>North/South</ShipName><ShipAddress>South House 300 Queensbridge</ShipAddress><ShipCity>Londo</ShipCity><ShipPostalCode>SW7 1RZ</ShipPostalCode><ShipCountry>UK</ShipCountry></Order>