<?xml version="1.0" encoding="UTF-8"?>
<Order rownum="3011"><OrderID>10946</OrderID><CustomerID>VAFFE</CustomerID><EmployeeID>1</EmployeeID><OrderDate>1998-03-12T00:00:00+01:00</OrderDate><RequiredDate>1998-04-09T00:00:00+02:00</RequiredDate><ShippedDate>1998-03-19T00:00:00+01:00</ShippedDate><ShipVia>2</ShipVia><Freight>27.2</Freight><ShipName>Vaffeljernet</ShipName><ShipAddress>Smagsloget 45</ShipAddress><ShipCity>Århus</ShipCity><ShipPostalCode>8200</ShipPostalCode><ShipCountry>Denmark</ShipCountry></Order>