<?xml version="1.0" encoding="UTF-8"?>
<Order rownum="3030"><OrderID>10965</OrderID><CustomerID>OLDWO</CustomerID><EmployeeID>6</EmployeeID><OrderDate>1998-03-20T00:00:00+01:00</OrderDate><RequiredDate>1998-04-17T00:00:00+02:00</RequiredDate><ShippedDate>1998-03-30T00:00:00+02:00</ShippedDate><ShipVia>3</ShipVia><Freight>144.38</Freight><ShipName>Old World Delicatesse</ShipName><ShipAddress>2743 Bering St.</ShipAddress><ShipCity>Anchorage</ShipCity><ShipRegion>AK</ShipRegion><ShipPostalCode>99508</ShipPostalCode><ShipCountry>USA</ShipCountry></Order>