<?xml version="1.0" encoding="UTF-8"?>
<Order rownum="3050"><OrderID>10985</OrderID><CustomerID>HUNGO</CustomerID><EmployeeID>2</EmployeeID><OrderDate>1998-03-30T00:00:00+02:00</OrderDate><RequiredDate>1998-04-27T00:00:00+02:00</RequiredDate><ShippedDate>1998-04-02T00:00:00+02:00</ShippedDate><ShipVia>1</ShipVia><Freight>91.51</Freight><ShipName>Hungry Owl All-Night Grocers</ShipName><ShipAddress>8 Johnstown Road</ShipAddress><ShipCity>Cork</ShipCity><ShipRegion>Co. Cork</ShipRegion><ShipCountry>Ireland</ShipCountry></Order>