<?xml version="1.0" encoding="UTF-8"?>
<Order rownum="3109"><OrderID>11044</OrderID><CustomerID>WOLZA</CustomerID><EmployeeID>4</EmployeeID><OrderDate>1998-04-23T00:00:00+02:00</OrderDate><RequiredDate>1998-05-21T00:00:00+02:00</RequiredDate><ShippedDate>1998-05-01T00:00:00+02:00</ShippedDate><ShipVia>1</ShipVia><Freight>8.72</Freight><ShipName>Wolski Zajazd</ShipName><ShipAddress>ul. Filtrowa 68</ShipAddress><ShipCity>Warszawa</ShipCity><ShipPostalCode>01-012</ShipPostalCode><ShipCountry>Poland</ShipCountry></Order>