<?xml version="1.0" encoding="UTF-8"?>
<Order rownum="3063"><OrderID>10998</OrderID><CustomerID>WOLZA</CustomerID><EmployeeID>8</EmployeeID><OrderDate>1998-04-03T00:00:00+02:00</OrderDate><RequiredDate>1998-04-17T00:00:00+02:00</RequiredDate><ShippedDate>1998-04-17T00:00:00+02:00</ShippedDate><ShipVia>2</ShipVia><Freight>20.31</Freight><ShipName>Wolski Zajazd</ShipName><ShipAddress>ul. Filtrowa 68</ShipAddress><ShipCity>Warszawa</ShipCity><ShipPostalCode>01-012</ShipPostalCode><ShipCountry>Poland</ShipCountry></Order>