<?xml version="1.0" encoding="UTF-8"?>
<Order rownum="3082"><OrderID>11017</OrderID><CustomerID>ERNSH</CustomerID><EmployeeID>9</EmployeeID><OrderDate>1998-04-13T00:00:00+02:00</OrderDate><RequiredDate>1998-05-11T00:00:00+02:00</RequiredDate><ShippedDate>1998-04-20T00:00:00+02:00</ShippedDate><ShipVia>2</ShipVia><Freight>754.26</Freight><ShipName>Ernst Handel</ShipName><ShipAddress>Kirchgasse 6</ShipAddress><ShipCity>Graz</ShipCity><ShipPostalCode>8010</ShipPostalCode><ShipCountry>Austria</ShipCountry></Order>