<?xml version="1.0" encoding="UTF-8"?>
<Order rownum="3043"><OrderID>10978</OrderID><CustomerID>MAISD</CustomerID><EmployeeID>9</EmployeeID><OrderDate>1998-03-26T00:00:00+01:00</OrderDate><RequiredDate>1998-04-23T00:00:00+02:00</RequiredDate><ShippedDate>1998-04-23T00:00:00+02:00</ShippedDate><ShipVia>2</ShipVia><Freight>32.82</Freight><ShipName>Maison Dewey</ShipName><ShipAddress>Rue Joseph-Bens 532</ShipAddress><ShipCity>Bruxelles</ShipCity><ShipPostalCode>B-1180</ShipPostalCode><ShipCountry>Belgium</ShipCountry></Order>