<?xml version="1.0" encoding="UTF-8"?>
<Order rownum="3096"><OrderID>11031</OrderID><CustomerID>SAVEA</CustomerID><EmployeeID>6</EmployeeID><OrderDate>1998-04-17T00:00:00+02:00</OrderDate><RequiredDate>1998-05-15T00:00:00+02:00</RequiredDate><ShippedDate>1998-04-24T00:00:00+02:00</ShippedDate><ShipVia>2</ShipVia><Freight>227.22</Freight><ShipName>Save-a-lot Markets</ShipName><ShipAddress>187 Suffolk Ln.</ShipAddress><ShipCity>Boise</ShipCity><ShipRegion>ID</ShipRegion><ShipPostalCode>83720</ShipPostalCode><ShipCountry>USA</ShipCountry></Order>