<?xml version="1.0" encoding="UTF-8"?>
<Order rownum="3103"><OrderID>11038</OrderID><CustomerID>SUPRD</CustomerID><EmployeeID>1</EmployeeID><OrderDate>1998-04-21T00:00:00+02:00</OrderDate><RequiredDate>1998-05-19T00:00:00+02:00</RequiredDate><ShippedDate>1998-04-30T00:00:00+02:00</ShippedDate><ShipVia>2</ShipVia><Freight>29.59</Freight><ShipName>Suprêmes délices</ShipName><ShipAddress>Boulevard Tirou, 255</ShipAddress><ShipCity>Charleroi</ShipCity><ShipPostalCode>B-6000</ShipPostalCode><ShipCountry>Belgium</ShipCountry></Order>