<?xml version="1.0" encoding="UTF-8"?>
<Order rownum="3028"><OrderID>10963</OrderID><CustomerID>FURIB</CustomerID><EmployeeID>9</EmployeeID><OrderDate>1998-03-19T00:00:00+01:00</OrderDate><RequiredDate>1998-04-16T00:00:00+02:00</RequiredDate><ShippedDate>1998-03-26T00:00:00+01:00</ShippedDate><ShipVia>3</ShipVia><Freight>2.7</Freight><ShipName>Furia Bacalhau e Frutos do Mar</ShipName><ShipAddress>Jardim das rosas n. 32</ShipAddress><ShipCity>Lisboa</ShipCity><ShipPostalCode>1675</ShipPostalCode><ShipCountry>Portugal</ShipCountry></Order>