<?xml version="1.0" encoding="UTF-8"?>
<Order rownum="3112"><OrderID>11047</OrderID><CustomerID>EASTC</CustomerID><EmployeeID>7</EmployeeID><OrderDate>1998-04-24T00:00:00+02:00</OrderDate><RequiredDate>1998-05-22T00:00:00+02:00</RequiredDate><ShippedDate>1998-05-01T00:00:00+02:00</ShippedDate><ShipVia>3</ShipVia><Freight>46.62</Freight><ShipName>Eastern Connectio</ShipName><ShipAddress>35 King George</ShipAddress><ShipCity>Londo</ShipCity><ShipPostalCode>WX3 6FW</ShipPostalCode><ShipCountry>UK</ShipCountry></Order>