<?xml version="1.0" encoding="UTF-8"?>
<Order rownum="3065"><OrderID>11000</OrderID><CustomerID>RATTC</CustomerID><EmployeeID>2</EmployeeID><OrderDate>1998-04-06T00:00:00+02:00</OrderDate><RequiredDate>1998-05-04T00:00:00+02:00</RequiredDate><ShippedDate>1998-04-14T00:00:00+02:00</ShippedDate><ShipVia>3</ShipVia><Freight>55.12</Freight><ShipName>Rattlesnake Canyon Grocery</ShipName><ShipAddress>2817 Milton Dr.</ShipAddress><ShipCity>Albuquerque</ShipCity><ShipRegion>NM</ShipRegion><ShipPostalCode>87110</ShipPostalCode><ShipCountry>USA</ShipCountry></Order>