<?xml version="1.0" encoding="UTF-8"?>
<Order rownum="3086"><OrderID>11021</OrderID><CustomerID>QUICK</CustomerID><EmployeeID>3</EmployeeID><OrderDate>1998-04-14T00:00:00+02:00</OrderDate><RequiredDate>1998-05-12T00:00:00+02:00</RequiredDate><ShippedDate>1998-04-21T00:00:00+02:00</ShippedDate><ShipVia>1</ShipVia><Freight>297.18</Freight><ShipName>QUICK-Stop</ShipName><ShipAddress>Taucherstraße 10</ShipAddress><ShipCity>Cunewalde</ShipCity><ShipPostalCode>01307</ShipPostalCode><ShipCountry>Germany</ShipCountry></Order>