<?xml version="1.0" encoding="UTF-8"?>
<Order rownum="3023"><OrderID>10958</OrderID><CustomerID>OCEA</CustomerID><EmployeeID>7</EmployeeID><OrderDate>1998-03-18T00:00:00+01:00</OrderDate><RequiredDate>1998-04-15T00:00:00+02:00</RequiredDate><ShippedDate>1998-03-27T00:00:00+01:00</ShippedDate><ShipVia>2</ShipVia><Freight>49.56</Freight><ShipName>Océano Atlántico Ltda.</ShipName><ShipAddress>Ing. Gustavo Moncada 8585 Piso 20-A</ShipAddress><ShipCity>Buenos Aires</ShipCity><ShipPostalCode>1010</ShipPostalCode><ShipCountry>Argentina</ShipCountry></Order>