<?xml version="1.0" encoding="UTF-8"?>
<Order rownum="3045"><OrderID>10980</OrderID><CustomerID>FOLKO</CustomerID><EmployeeID>4</EmployeeID><OrderDate>1998-03-27T00:00:00+01:00</OrderDate><RequiredDate>1998-05-08T00:00:00+02:00</RequiredDate><ShippedDate>1998-04-17T00:00:00+02:00</ShippedDate><ShipVia>1</ShipVia><Freight>1.26</Freight><ShipName>Folk och fä HB</ShipName><ShipAddress>Åkergatan 24</ShipAddress><ShipCity>Bräcke</ShipCity><ShipPostalCode>S-844 67</ShipPostalCode><ShipCountry>Swede</ShipCountry></Order>