<?xml version="1.0" encoding="UTF-8"?>
<Order rownum="3083"><OrderID>11018</OrderID><CustomerID>LONEP</CustomerID><EmployeeID>4</EmployeeID><OrderDate>1998-04-13T00:00:00+02:00</OrderDate><RequiredDate>1998-05-11T00:00:00+02:00</RequiredDate><ShippedDate>1998-04-16T00:00:00+02:00</ShippedDate><ShipVia>2</ShipVia><Freight>11.65</Freight><ShipName>Lonesome Pine Restaurant</ShipName><ShipAddress>89 Chiaroscuro Rd.</ShipAddress><ShipCity>Portland</ShipCity><ShipRegion>OR</ShipRegion><ShipPostalCode>97219</ShipPostalCode><ShipCountry>USA</ShipCountry></Order>