<?xml version="1.0" encoding="UTF-8"?>
<Order rownum="3047"><OrderID>10982</OrderID><CustomerID>BOTTM</CustomerID><EmployeeID>2</EmployeeID><OrderDate>1998-03-27T00:00:00+01:00</OrderDate><RequiredDate>1998-04-24T00:00:00+02:00</RequiredDate><ShippedDate>1998-04-08T00:00:00+02:00</ShippedDate><ShipVia>1</ShipVia><Freight>14.01</Freight><ShipName>Bottom-Dollar Markets</ShipName><ShipAddress>23 Tsawassen Blvd.</ShipAddress><ShipCity>Tsawasse</ShipCity><ShipRegion>BC</ShipRegion><ShipPostalCode>T2F 8M4</ShipPostalCode><ShipCountry>Canada</ShipCountry></Order>