<?xml version="1.0" encoding="UTF-8"?>
<Order rownum="3005"><OrderID>10940</OrderID><CustomerID>BONAP</CustomerID><EmployeeID>8</EmployeeID><OrderDate>1998-03-11T00:00:00+01:00</OrderDate><RequiredDate>1998-04-08T00:00:00+02:00</RequiredDate><ShippedDate>1998-03-23T00:00:00+01:00</ShippedDate><ShipVia>3</ShipVia><Freight>19.77</Freight><ShipName>Bon app'</ShipName><ShipAddress>12, rue des Bouchers</ShipAddress><ShipCity>Marseille</ShipCity><ShipPostalCode>13008</ShipPostalCode><ShipCountry>France</ShipCountry></Order>