<?xml version="1.0" encoding="UTF-8"?>
<Order rownum="3129"><OrderID>11064</OrderID><CustomerID>SAVEA</CustomerID><EmployeeID>1</EmployeeID><OrderDate>1998-05-01T00:00:00+02:00</OrderDate><RequiredDate>1998-05-29T00:00:00+02:00</RequiredDate><ShippedDate>1998-05-04T00:00:00+02:00</ShippedDate><ShipVia>1</ShipVia><Freight>30.09</Freight><ShipName>Save-a-lot Markets</ShipName><ShipAddress>187 Suffolk Ln.</ShipAddress><ShipCity>Boise</ShipCity><ShipRegion>ID</ShipRegion><ShipPostalCode>83720</ShipPostalCode><ShipCountry>USA</ShipCountry></Order>