<?xml version="1.0" encoding="UTF-8"?>
<Order rownum="3004"><OrderID>10939</OrderID><CustomerID>MAGAA</CustomerID><EmployeeID>2</EmployeeID><OrderDate>1998-03-10T00:00:00+01:00</OrderDate><RequiredDate>1998-04-07T00:00:00+02:00</RequiredDate><ShippedDate>1998-03-13T00:00:00+01:00</ShippedDate><ShipVia>2</ShipVia><Freight>76.33</Freight><ShipName>Magazzini Alimentari Riuniti</ShipName><ShipAddress>Via Ludovico il Moro 22</ShipAddress><ShipCity>Bergamo</ShipCity><ShipPostalCode>24100</ShipPostalCode><ShipCountry>Italy</ShipCountry></Order>