<?xml version="1.0" encoding="UTF-8"?>
<Order rownum="3108"><OrderID>11043</OrderID><CustomerID>SPECD</CustomerID><EmployeeID>5</EmployeeID><OrderDate>1998-04-22T00:00:00+02:00</OrderDate><RequiredDate>1998-05-20T00:00:00+02:00</RequiredDate><ShippedDate>1998-04-29T00:00:00+02:00</ShippedDate><ShipVia>2</ShipVia><Freight>8.8</Freight><ShipName>Spécialités du monde</ShipName><ShipAddress>25, rue Lauristo</ShipAddress><ShipCity>Paris</ShipCity><ShipPostalCode>75016</ShipPostalCode><ShipCountry>France</ShipCountry></Order>