<?xml version="1.0" encoding="UTF-8"?>
<Order rownum="3055"><OrderID>10990</OrderID><CustomerID>ERNSH</CustomerID><EmployeeID>2</EmployeeID><OrderDate>1998-04-01T00:00:00+02:00</OrderDate><RequiredDate>1998-05-13T00:00:00+02:00</RequiredDate><ShippedDate>1998-04-07T00:00:00+02:00</ShippedDate><ShipVia>3</ShipVia><Freight>117.61</Freight><ShipName>Ernst Handel</ShipName><ShipAddress>Kirchgasse 6</ShipAddress><ShipCity>Graz</ShipCity><ShipPostalCode>8010</ShipPostalCode><ShipCountry>Austria</ShipCountry></Order>