<?xml version="1.0" encoding="UTF-8"?>
<Order rownum="3009"><OrderID>10944</OrderID><CustomerID>BOTTM</CustomerID><EmployeeID>6</EmployeeID><OrderDate>1998-03-12T00:00:00+01:00</OrderDate><RequiredDate>1998-03-26T00:00:00+01:00</RequiredDate><ShippedDate>1998-03-13T00:00:00+01:00</ShippedDate><ShipVia>3</ShipVia><Freight>52.92</Freight><ShipName>Bottom-Dollar Markets</ShipName><ShipAddress>23 Tsawassen Blvd.</ShipAddress><ShipCity>Tsawasse</ShipCity><ShipRegion>BC</ShipRegion><ShipPostalCode>T2F 8M4</ShipPostalCode><ShipCountry>Canada</ShipCountry></Order>