<?xml version="1.0" encoding="UTF-8"?>
<Order rownum="3072"><OrderID>11007</OrderID><CustomerID>PRINI</CustomerID><EmployeeID>8</EmployeeID><OrderDate>1998-04-08T00:00:00+02:00</OrderDate><RequiredDate>1998-05-06T00:00:00+02:00</RequiredDate><ShippedDate>1998-04-13T00:00:00+02:00</ShippedDate><ShipVia>2</ShipVia><Freight>202.24</Freight><ShipName>Princesa Isabel Vinhos</ShipName><ShipAddress>Estrada da saúde n. 58</ShipAddress><ShipCity>Lisboa</ShipCity><ShipPostalCode>1756</ShipPostalCode><ShipCountry>Portugal</ShipCountry></Order>