<?xml version="1.0" encoding="UTF-8"?>
<Order rownum="3115"><OrderID>11050</OrderID><CustomerID>FOLKO</CustomerID><EmployeeID>8</EmployeeID><OrderDate>1998-04-27T00:00:00+02:00</OrderDate><RequiredDate>1998-05-25T00:00:00+02:00</RequiredDate><ShippedDate>1998-05-05T00:00:00+02:00</ShippedDate><ShipVia>2</ShipVia><Freight>59.41</Freight><ShipName>Folk och fä HB</ShipName><ShipAddress>Åkergatan 24</ShipAddress><ShipCity>Bräcke</ShipCity><ShipPostalCode>S-844 67</ShipPostalCode><ShipCountry>Swede</ShipCountry></Order>