<?xml version="1.0" encoding="UTF-8"?>
<Order rownum="3124"><OrderID>11059</OrderID><CustomerID>RICAR</CustomerID><EmployeeID>2</EmployeeID><OrderDate>1998-04-29T00:00:00+02:00</OrderDate><RequiredDate>1998-06-10T00:00:00+02:00</RequiredDate><ShipVia>2</ShipVia><Freight>85.8</Freight><ShipName>Ricardo Adocicados</ShipName><ShipAddress>Av. Copacabana, 267</ShipAddress><ShipCity>Rio de Janeiro</ShipCity><ShipRegion>RJ</ShipRegion><ShipPostalCode>02389-890</ShipPostalCode><ShipCountry>Brazil</ShipCountry></Order>