<?xml version="1.0" encoding="UTF-8"?>
<Order rownum="3097"><OrderID>11032</OrderID><CustomerID>WHITC</CustomerID><EmployeeID>2</EmployeeID><OrderDate>1998-04-17T00:00:00+02:00</OrderDate><RequiredDate>1998-05-15T00:00:00+02:00</RequiredDate><ShippedDate>1998-04-23T00:00:00+02:00</ShippedDate><ShipVia>3</ShipVia><Freight>606.19</Freight><ShipName>White Clover Markets</ShipName><ShipAddress>1029 - 12th Ave. S.</ShipAddress><ShipCity>Seattle</ShipCity><ShipRegion>WA</ShipRegion><ShipPostalCode>98124</ShipPostalCode><ShipCountry>USA</ShipCountry></Order>