<?xml version="1.0" encoding="UTF-8"?>
<Order rownum="3080"><OrderID>11015</OrderID><CustomerID>SANTG</CustomerID><EmployeeID>2</EmployeeID><OrderDate>1998-04-10T00:00:00+02:00</OrderDate><RequiredDate>1998-04-24T00:00:00+02:00</RequiredDate><ShippedDate>1998-04-20T00:00:00+02:00</ShippedDate><ShipVia>2</ShipVia><Freight>4.62</Freight><ShipName>Santé Gourmet</ShipName><ShipAddress>Erling Skakkes gate 78</ShipAddress><ShipCity>Staver</ShipCity><ShipPostalCode>4110</ShipPostalCode><ShipCountry>Norway</ShipCountry></Order>