<?xml version="1.0" encoding="UTF-8"?>
<Order rownum="3075"><OrderID>11010</OrderID><CustomerID>REGGC</CustomerID><EmployeeID>2</EmployeeID><OrderDate>1998-04-09T00:00:00+02:00</OrderDate><RequiredDate>1998-05-07T00:00:00+02:00</RequiredDate><ShippedDate>1998-04-21T00:00:00+02:00</ShippedDate><ShipVia>2</ShipVia><Freight>28.71</Freight><ShipName>Reggiani Caseifici</ShipName><ShipAddress>Strada Provinciale 124</ShipAddress><ShipCity>Reggio Emilia</ShipCity><ShipPostalCode>42100</ShipPostalCode><ShipCountry>Italy</ShipCountry></Order>