<?xml version="1.0" encoding="UTF-8"?>
<Order rownum="3061"><OrderID>10996</OrderID><CustomerID>QUICK</CustomerID><EmployeeID>4</EmployeeID><OrderDate>1998-04-02T00:00:00+02:00</OrderDate><RequiredDate>1998-04-30T00:00:00+02:00</RequiredDate><ShippedDate>1998-04-10T00:00:00+02:00</ShippedDate><ShipVia>2</ShipVia><Freight>1.12</Freight><ShipName>QUICK-Stop</ShipName><ShipAddress>Taucherstraße 10</ShipAddress><ShipCity>Cunewalde</ShipCity><ShipPostalCode>01307</ShipPostalCode><ShipCountry>Germany</ShipCountry></Order>