<?xml version="1.0" encoding="UTF-8"?>
<Order rownum="3008"><OrderID>10943</OrderID><CustomerID>BSBEV</CustomerID><EmployeeID>4</EmployeeID><OrderDate>1998-03-11T00:00:00+01:00</OrderDate><RequiredDate>1998-04-08T00:00:00+02:00</RequiredDate><ShippedDate>1998-03-19T00:00:00+01:00</ShippedDate><ShipVia>2</ShipVia><Freight>2.17</Freight><ShipName>B's Beverages</ShipName><ShipAddress>Fauntleroy Circus</ShipAddress><ShipCity>Londo</ShipCity><ShipPostalCode>EC2 5NT</ShipPostalCode><ShipCountry>UK</ShipCountry></Order>