<?xml version="1.0" encoding="UTF-8"?>
<Supplier rownum="3238"><SupplierID>12</SupplierID><CompanyName>Plutzer Lebensmittelgroßmärkte AG</CompanyName><ContactName>Martin Bein</ContactName><ContactTitle>International Marketing Mgr.</ContactTitle><Address>Bogenallee 51</Address><City>Frankfurt</City><PostalCode>60439</PostalCode><Country>Germany</Country><Phone>(069) 992755</Phone><HomePage>Plutzer (on the World Wide Web)#http://www.microsoft.com/accessdev/sampleapps/plutzer.htm#</HomePage></Supplier>