<?xml version="1.0" encoding="UTF-8"?>
<Supplier rownum="3250"><SupplierID>24</SupplierID><CompanyName>G'day, Mate</CompanyName><ContactName>Wendy Mackenzie</ContactName><ContactTitle>Sales Representative</ContactTitle><Address>170 Prince Edward Parade Hunter's Hill</Address><City>Sydney</City><Region>NSW</Region><PostalCode>2042</PostalCode><Country>Australia</Country><Phone>(02) 555-5914</Phone><Fax>(02) 555-4873</Fax><HomePage>G'day Mate (on the World Wide Web)#http://www.microsoft.com/accessdev/sampleapps/gdaymate.htm#</HomePage></Supplier>